v1,v2,v3
1968,1962,1969
1968,2185,1962
1973,1963,1977
1968,1969,1964
1968,1964,1965
1965,1964,1967
1965,1967,1966
1965,1983,2185
1968,1969,1969
1968,1965,2185
1973,1981,1970
1972,1970,1978
1971,1972,1979
1973,1973,1981
1963,2188,1977
1973,1977,1981
1970,1981,1978
1972,1978,1980
1979,1972,1980
1981,1973,1981
1965,1966,1982
1965,1982,1983
1983,1984,1984
1983,1982,1984
1971,1979,1985
1986,1990,1986
1986,1985,1989
1983,1984,1987
1983,1987,6250
6250,1987,6251
1988,1986,1990
6253,1988,1991
1983,6250,2185
6250,6255,2185
6255,6270,2185
1985,1979,1989
1990,1990,1986
1986,1989,1990
1988,1990,1991
6253,1991,6260
2025,2190,2026
2026,2034,2025
2026,2035,2034
2035,2028,2034
2028,2035,2029
2029,2031,2028
2029,2033,2031
2032,2031,2033
2032,2030,2031
2034,2034,2035
2035,2034,2035
2039,2027,2306
2027,2522,2306
2039,2306,2311
2039,2311,2036
2038,2036,2308
2037,2038,2309
2039,2039,2311
2036,2311,2308
2038,2308,2310
2309,2038,2310
2311,2039,2311
2032,2040,2030
2032,2041,2040
2043,2043,2042
2043,2042,2042
2042,2040,2041
2042,2041,2043
2046,2042,2043
2046,2043,2047
6320,2046,2047
6320,2047,6321
2037,2309,2044
2045,2325,2045
2045,2044,2324
2044,2309,2324
2325,2325,2045
2045,2324,2325
2325,2048,2045
6324,2048,2328
2048,2325,2328
6324,2328,6594
2067,2060,2185
2067,2068,2060
2187,2061,2077
2061,2073,2081
2067,2066,2068
2067,2069,2066
2067,2068,2068
2067,2185,2069
2069,2185,2106
2069,2071,2066
2069,2070,2071
2073,2072,2080
2073,2081,2073
2072,2075,2083
2074,2083,2075
2061,2081,2077
2073,2080,2081
2081,2081,2073
2072,2083,2080
2074,2082,2083
2069,2105,2070
2069,2106,2105
2106,2107,2107
2106,2107,2105
2074,2108,2115
2109,2109,2116
2109,2116,2108
2106,2185,2111
2106,2110,2107
2106,2111,2110
2111,2112,2110
2109,2113,2117
2113,2114,2118
2111,2185,10813
10813,2185,10834
2074,2115,2082
2108,2116,2115
2116,2109,2116
2109,2117,2116
2113,2118,2117
2132,2189,2131
2131,2143,2132
2131,2142,2143
2142,2141,2143
2142,2140,2141
2143,2143,2142
2142,2143,2142
2140,2147,2141
2140,2145,2147
2144,2147,2145
2144,2146,2147
2191,2133,2401
2408,2133,2149
2133,2408,2401
2149,2148,2407
2149,2408,2149
2410,2148,2151
2150,2409,2151
2149,2407,2408
2408,2408,2149
2148,2410,2407
2409,2410,2151
2144,2174,2146
2144,2173,2174
2173,2176,2174
2175,2175,2176
2175,2176,2176
2175,2176,2173
2180,2176,2175
2180,2175,2179
2179,2182,2180
2182,2179,2181
2150,2177,2444
2178,2178,2445
2178,2445,2177
2150,2444,2409
2177,2445,2444
2445,2178,2445
2178,2183,2448
2449,2183,2184
2178,2448,2445
2183,2449,2448
2185,2186,1962
2185,2060,2186
2188,1963,2187
2187,2077,2188
2025,2189,2190
2132,2190,2189
2522,2027,2191
2191,2401,2522
2307,2524,2319
2315,2307,2319
2315,2319,2323
2312,2315,2323
2312,2323,2320
2314,2312,2320
2313,2314,2321
2314,2320,2322
2321,2314,2322
2315,2315,2323
2323,2315,2323
2326,2313,2321
2326,2321,2330
2327,2331,2327
2327,2326,2330
2331,2331,2327
2327,2330,2331
2329,2327,2331
2329,2331,2332
6596,2329,2332
6596,2332,6602
2364,2360,2371
2360,2526,2371
2364,2371,2376
2361,2364,2376
2363,2361,2373
2374,2362,2363
2364,2364,2376
2361,2376,2373
2363,2373,2375
2374,2363,2375
2376,2364,2376
2380,2372,4512
2377,2380,4517
2379,2377,4514
2378,2379,4516
2380,2380,4517
2374,2381,2362
2382,2385,2382
2382,2381,2384
2381,2374,2384
2385,2385,2382
2382,2384,2385
2383,2382,2385
6660,2383,2388
2383,2385,2388
6660,2388,6664
4515,2386,2378
4539,2387,2387
2387,2386,4538
2389,2387,4539
6666,2389,4542
2523,2402,2416
2402,2412,2420
2416,2402,2420
2412,2411,2419
2412,2419,2420
2412,2420,2412
2420,2420,2412
2411,2414,2422
2413,2422,2414
2411,2422,2419
2413,2421,2422
2413,2446,2452
2413,2452,2421
2447,2447,2453
2446,2447,2453
2446,2453,2452
2453,2447,2453
2447,2450,2454
2447,2454,2453
2450,2451,2455
2450,2455,2454
2525,2466,2475
2466,2470,2482
2475,2466,2482
2470,2469,2481
2470,2482,2470
2469,2472,2484
2471,2484,2472
2470,2481,2482
2482,2482,2470
2469,2484,2481
2471,2483,2484
2527,2476,4621
2476,2486,4628
2486,2485,4627
2486,4628,2486
2485,2488,4630
2487,4629,2488
2471,2510,2514
2511,2511,2515
2510,2511,2515
2471,2514,2483
2510,2515,2514
2515,2511,2515
2511,2512,2518
2512,2513,2519
2511,2518,2515
2512,2519,2518
2487,2516,4679
2517,2517,4680
2516,2517,4680
2517,2520,4683
2520,2521,4684
2307,2523,2524
2523,2416,2524
2360,2525,2526
2525,2475,2526
2372,2527,4761
2372,4761,4512
2380,4512,4517
4513,4528,4521
2377,4517,4514
2379,4514,4516
4515,2378,4516
4517,2380,4517
4518,4521,4533
4518,4530,4520
4519,4520,4532
4521,4521,4533
4513,4763,4528
4521,4528,4533
4518,4533,4530
4520,4530,4532
4519,4532,4531
4521,4533,4533
4515,4538,2386
4539,4539,2387
2387,4538,4539
4540,4519,4531
4541,4545,4541
4540,4544,4541
2389,4539,4542
6666,4542,8788
4543,4541,4545
4543,4548,8790
4540,4531,4544
4545,4545,4541
4541,4544,4545
4543,4545,4548
8790,4548,8796
4529,4577,4537
4529,4765,4577
4537,4577,4581
4534,4537,4581
4534,4578,4536
4579,4535,4536
4537,4537,4581
4534,4581,4578
4536,4578,4580
4579,4536,4580
4581,4537,4581
4588,4767,4589
4588,4589,4593
4593,4589,4597
4590,4593,4597
4590,4597,4594
4590,4594,4592
4595,4591,4592
4592,4594,4596
4595,4592,4596
4597,4593,4593
4597,4593,4597
4579,4546,4535
4547,4599,4547
4546,4598,4547
4579,4598,4546
4547,4599,4599
4547,4598,4599
4549,4547,4599
4549,4600,8798
4549,4599,4600
8798,4600,8866
4595,4601,4591
4595,4603,4601
4602,4604,4602
4604,4604,4602
4601,4603,4602
4602,4603,4604
4605,4602,4604
4605,4604,4606
4605,4606,8870
8870,4606,8872
2476,4628,4621
4637,4762,4622
4622,4632,4644
2486,4627,4628
4628,4628,2486
2485,4630,4627
4629,4630,2488
4631,4643,4632
4632,4644,4632
4631,4634,4646
4633,4645,4634
4622,4644,4637
4632,4643,4644
4644,4644,4632
4631,4646,4643
4645,4646,4634
2487,4679,4629
2516,4680,4679
2517,4680,4680
4681,4687,4633
4682,4682,4688
4681,4682,4688
2517,4683,4680
2520,4684,4683
4685,4691,4682
4685,4686,4692
4633,4687,4645
4681,4688,4687
4682,4688,4688
4682,4691,4688
4685,4692,4691
4705,4764,4638
4638,4648,4709
4638,4709,4705
4647,4708,4648
4648,4709,4648
4647,4650,4711
4649,4711,4650
4648,4708,4709
4648,4709,4709
4647,4711,4708
4649,4710,4711
4715,4766,4714
4714,4725,4715
4714,4721,4725
4721,4724,4725
4720,4724,4721
4721,4725,4721
4721,4725,4725
4720,4727,4724
4720,4723,4727
4722,4727,4723
4722,4726,4727
4689,4749,4649
4690,4690,4750
4689,4690,4750
4649,4749,4710
4689,4750,4749
4750,4690,4750
4693,4751,4690
4693,4694,4752
4690,4751,4750
4693,4752,4751
4722,4755,4726
4753,4755,4722
4753,4756,4755
4754,4754,4756
4756,4754,4756
4753,4754,4756
4754,4759,4756
4757,4759,4754
4757,4760,4759
4757,4758,4760
2527,4621,4761
4513,4762,4763
4762,4637,4763
4529,4764,4765
4764,4705,4765
4588,4766,4767
4766,4715,4767
4857,4865,4861
4858,4861,4869
4858,4866,4860
4859,4860,4868
4861,4861,4869
4857,5051,4865
4861,4865,4869
4858,4869,4866
4860,4866,4868
4859,4868,4867
4861,4869,4869
4870,4859,4867
4871,4874,4871
4870,4873,4871
4872,4871,4874
4872,4875,9160
4870,4867,4873
4871,4874,4874
4871,4873,4874
4872,4874,4875
9160,4875,9164
4909,5053,4910
4910,4918,4909
4910,4919,4918
4912,4918,4919
4912,4919,4913
4913,4915,4912
4913,4917,4915
4916,4915,4917
4916,4914,4915
4918,4918,4919
4919,4918,4919
4925,4923,4911
4925,4911,5055
4925,4920,4923
4924,4922,4920
4924,4921,4922
4925,4923,4923
4925,4924,4920
4916,4926,4914
4916,4927,4926
4929,4929,4928
4929,4928,4928
4928,4926,4927
4929,4928,4927
4932,4928,4929
4932,4929,4933
9214,4932,4933
9214,4933,9215
4924,4930,4921
4935,4931,4931
4935,4931,4930
4924,4935,4930
4935,4934,4931
9226,9218,4934
4935,9226,4934
4951,5050,4943
4943,4947,4955
4946,4954,4947
4947,4955,4947
4946,4949,4957
4948,4957,4949
4943,4955,4951
4947,4954,4955
4947,4955,4955
4946,4957,4954
4948,4956,4957
4972,4976,4948
4973,4973,4977
4972,4973,4977
4974,4978,4973
4974,4975,4979
4948,4976,4956
4972,4977,4976
4973,4977,4977
4973,4978,4977
4974,4979,4978
4993,5052,4992
4992,5004,4993
4992,5003,5004
5003,5002,5004
5003,5001,5002
5004,5004,5003
5003,5004,5003
5001,5008,5002
5001,5006,5008
5005,5008,5006
5005,5007,5008
5013,4994,5010
5013,5055,4994
5013,5010,5009
5013,5010,5010
5014,5009,5012
5014,5012,5011
5013,5009,5014
5005,5037,5007
5005,5036,5037
5036,5039,5037
5038,5038,5039
5038,5039,5039
5036,5038,5039
5043,5039,5038
5043,5038,5042
5042,5045,5043
5042,5044,5045
5014,5011,5040
5048,5041,5041
5048,5040,5041
5014,5040,5048
5048,5041,5046
5049,5046,5047
5048,5046,5049
4857,5050,5051
5050,4951,5051
4909,5052,5053
5052,4993,5053
5055,4911,5054
5055,5054,4994
4925,5055,17954
5013,17954,5055
4925,17954,4924
4924,17954,4935
4935,17954,9226
5013,5014,17954
5014,5048,17954
5048,5049,17954
6250,6251,6252
6250,6252,6255
6255,6252,6256
6254,6253,6260
6258,6254,6261
6255,6256,6256
6255,6256,6257
6255,6257,6270
6270,6257,6271
6258,6258,6262
6258,6262,6259
6259,6263,6276
6270,6274,2185
6274,6440,2185
6254,6260,6261
6258,6261,6262
6262,6258,6262
6259,6262,6263
6276,6263,6285
6270,6271,6272
6270,6272,6273
6270,6273,6274
6274,6273,6275
6274,6275,6275
6276,6286,6277
6278,6277,6286
6278,6287,6279
6279,6288,6279
6274,6275,6280
6274,6280,6440
6281,6279,6288
6442,6281,6289
6276,6285,6286
6278,6286,6287
6279,6287,6288
6288,6288,6279
6281,6288,6289
6322,6320,6321
6321,6323,6322
6323,6326,6322
6323,6327,6326
6326,6326,6327
6327,6326,6327
6327,6328,6326
6327,6329,6328
6328,6329,6341
6329,6343,6341
6594,6325,6324
6330,6325,6595
6325,6594,6595
6330,6595,6598
6330,6330,6598
6330,6598,6331
6331,6599,6349
6598,6330,6598
6331,6598,6599
6349,6599,6612
6341,6344,6342
6341,6343,6344
6345,6342,6344
6345,6344,6346
6346,6347,6345
6346,6348,6347
6348,6348,6347
6348,6347,6347
6353,6347,6348
6348,6354,6353
6354,6444,6353
6349,6612,6350
6613,6351,6350
6351,6614,6352
6352,6615,6352
6612,6613,6350
6351,6613,6614
6352,6614,6615
6615,6615,6352
6615,6355,6352
6446,6355,6620
6355,6615,6620
6440,6451,2185
6451,6454,2185
6440,6280,6441
6440,6441,6447
6448,6442,6443
6454,6483,2185
6442,6289,6443
6483,14861,2185
14861,14866,2185
14866,14896,2185
6354,6445,6444
6445,6507,6444
6780,6509,6446
6446,6620,6780
6440,6447,6451
6451,6447,6452
6448,6465,6457
6451,6452,6452
6451,6452,6453
6451,6453,6454
6454,6453,6456
6454,6456,6455
6457,6457,6467
6457,6467,6458
6458,6468,6460
6459,6460,6469
6465,6448,6443
6457,6465,6467
6467,6457,6467
6458,6467,6468
6460,6468,6470
6469,6460,6470
6454,6455,6482
6454,6482,6483
6483,6482,6484
6483,6484,6484
6459,6469,6485
6485,6489,6486
6486,6490,6486
6483,6484,6487
6483,6487,14861
14861,6487,14862
6488,6486,6490
6488,6491,14864
6485,6469,6489
6486,6489,6490
6490,6490,6486
6488,6490,6491
14864,6491,14871
6508,6507,6445
6507,6508,6513
6508,6514,6513
6513,6513,6514
6513,6514,6514
6513,6514,6515
6514,6516,6515
6516,6518,6515
6516,6520,6518
6519,6518,6520
6519,6517,6518
6509,6786,6521
6509,6780,6786
6521,6786,6790
6521,6521,6790
6521,6790,6522
6522,6791,6524
6523,6524,6792
6790,6521,6790
6522,6790,6791
6524,6791,6793
6792,6524,6793
6519,6540,6517
6540,6519,6541
6540,6541,6542
6542,6541,6543
6543,6543,6542
6542,6543,6542
6546,6542,6543
6546,6543,6547
6546,6547,14931
6547,14932,14931
6523,6792,6544
6544,6819,6545
6545,6820,6545
6544,6792,6819
6545,6819,6820
6820,6820,6545
6820,6548,6545
6548,6823,14935
6548,6820,6823
14935,6823,15223
6597,6596,6602
6597,6602,6603
6600,6597,6603
6600,6603,6604
6600,6600,6604
6601,6600,6604
6604,6600,6604
6601,6604,6605
6601,6605,6616
6616,6605,6625
6616,6626,6617
6618,6617,6626
6616,6625,6626
6618,6626,6627
6618,6627,6619
6619,6627,6628
6619,6628,6619
6628,6628,6619
6621,6619,6628
6629,6621,6628
6781,6621,6629
6661,6660,6664
6662,6661,6665
6661,6664,6665
6662,6665,6668
6662,6662,6668
6663,6662,6668
6663,6669,6675
6668,6662,6668
6663,6668,6669
6669,6686,6675
6667,6666,8788
6670,6667,8789
6670,6670,8792
6671,6670,8792
6671,8793,6690
6675,6687,6676
6677,6676,6687
6677,6688,6678
6678,6689,6678
6675,6686,6687
6677,6687,6688
6678,6688,6689
6678,6689,6689
6679,6678,6689
6783,6679,6694
6694,6679,6689
6690,8810,6691
6692,6691,8811
8812,6693,6692
8813,6693,6693
6695,6693,8813
6785,6695,8818
6787,6781,6782
6781,6629,6782
6843,6783,6784
6783,6694,6784
6852,6785,9000
6802,6787,6782
6787,6802,6794
6794,6802,6804
6794,6794,6804
6804,6794,6804
6794,6804,6795
6795,6804,6805
6795,6805,6797
6796,6797,6806
6797,6805,6807
6806,6797,6807
6796,6806,6821
6821,6806,6825
6821,6825,6822
6822,6826,6822
6822,6825,6826
6826,6826,6822
6824,6822,6826
6824,6826,6827
6824,6827,15225
15225,6827,15231
6843,6851,6845
6851,6843,6784
6845,6851,6855
6845,6845,6855
6845,6855,6846
6846,6856,6848
6857,6847,6848
6855,6845,6855
6846,6855,6856
6848,6856,6858
6857,6848,6858
6852,9007,6859
6859,6859,9011
6859,9011,6860
9012,6862,6860
6861,6862,9014
6847,6857,6876
6876,6879,6877
6877,6880,6877
6876,6857,6879
6877,6879,6880
6880,6880,6877
6878,6877,6880
6878,6883,15289
6878,6880,6883
15289,6883,15293
6861,9013,6881
6881,9051,6882
6882,9052,6882
6884,6882,9052
6884,9055,15295
6667,8788,8789
6670,8789,8792
8791,8790,8796
8791,8797,8794
8792,6670,8792
6671,8792,8793
8793,8810,6690
8794,8794,8800
8795,8794,8800
8795,8801,8814
8791,8796,8797
8794,8797,8800
8794,8800,8800
8795,8800,8801
8814,8801,8826
8810,8811,6691
6692,8811,8812
8812,8813,6693
8813,8813,6693
8814,8826,8815
8816,8815,8827
8816,8828,8817
8817,8829,8817
6695,8813,8818
8819,8817,8829
8834,9001,8819
8826,8827,8815
8816,8827,8828
8817,8828,8829
8829,8829,8817
8819,8829,8834
8799,8798,8866
8799,8867,8802
8799,8866,8867
8802,8867,8868
8802,8802,8868
8803,8802,8868
8803,8869,8830
8868,8802,8868
8803,8868,8869
8869,8881,8830
8871,8870,8872
8871,8872,8873
8871,8873,8874
8874,8873,8876
8876,8874,8874
8876,8874,8876
8875,8874,8876
8875,8876,8877
8875,8877,8892
8892,8877,8896
8830,8882,8831
8832,8831,8882
8832,8883,8833
8833,8884,8833
8830,8881,8882
8832,8882,8883
8833,8883,8884
8833,8884,8884
8835,8833,8884
8885,9003,8835
8835,8884,8885
8892,8897,8893
8894,8893,8897
8892,8896,8897
8894,8897,8898
8894,8898,8895
8899,8895,8898
8895,8899,8895
8899,8899,8895
8900,8895,8899
8900,8899,8901
8901,9005,8900
6785,8818,9000
9008,9001,9002
9001,8834,9002
9024,9003,9004
9003,8885,9004
9005,8901,9006
9091,9005,9006
9007,6852,9000
6859,9007,9011
9023,9015,9008
6859,9011,9011
9011,9012,6860
9012,9014,6862
9013,6861,9014
9015,9015,9027
9015,9027,9016
9016,9028,9018
9017,9018,9030
9023,9008,9002
9015,9023,9027
9015,9027,9027
9016,9027,9028
9018,9028,9030
9017,9030,9029
6881,9013,9051
6882,9051,9052
9052,9052,6882
9017,9029,9053
9053,9057,9054
9054,9058,9054
6884,9052,9055
15295,9055,17546
9056,9054,9058
9056,9061,17548
9053,9029,9057
9054,9057,9058
9058,9058,9054
9056,9058,9061
17548,9061,17554
9083,9031,9024
9083,9024,9004
9031,9083,9085
9031,9031,9085
9031,9085,9032
9032,9086,9034
9087,9033,9034
9085,9031,9085
9032,9085,9086
9034,9086,9088
9087,9034,9088
9092,9091,9006
9092,9095,9091
9095,9092,9099
9095,9095,9099
9099,9095,9099
9095,9099,9096
9099,9100,9096
9096,9100,9098
9101,9097,9098
9098,9100,9102
9101,9098,9102
9033,9087,9059
9059,9116,9060
9060,9117,9060
9059,9087,9116
9060,9116,9117
9060,9117,9117
9062,9060,9117
9062,9118,17556
9062,9117,9118
17556,9118,17634
9097,9101,9119
9119,9101,9121
9119,9121,9120
9120,9121,9122
9120,9122,9120
9120,9122,9122
9123,9120,9122
9123,9122,9124
9123,9124,17638
17638,9124,17640
9161,9160,9164
9161,9165,9162
9162,9162,9166
9163,9162,9166
9163,9167,9171
9161,9164,9165
9162,9165,9166
9162,9166,9166
9163,9166,9167
9171,9167,9179
9171,9180,9172
9173,9172,9180
9173,9181,9174
9174,9182,9174
9175,9174,9182
9183,9324,9175
9171,9179,9180
9173,9180,9181
9174,9181,9182
9174,9182,9182
9175,9182,9183
9215,9216,9214
9215,9217,9216
9217,9220,9216
9217,9221,9220
9220,9220,9221
9221,9220,9221
9221,9222,9220
9221,9223,9222
9222,9223,9237
9237,9223,9239
9226,9219,9218
9227,9224,9219
9226,9227,9219
9227,9224,9224
9227,9225,9224
9252,9245,9225
9227,9252,9225
9237,9240,9238
9237,9239,9240
9241,9238,9240
9241,9240,9242
9242,9243,9241
9244,9243,9242
9244,9244,9243
9244,9243,9243
9244,9249,9243
9244,9250,9249
9250,9326,9249
9252,9246,9245
9252,9247,9246
9253,9248,9247
9253,9248,9248
9252,9253,9247
9253,9251,9248
9253,9329,9251
9330,9324,9325
9324,9183,9325
9226,17954,9227
9227,17954,9252
9252,17954,9253
9250,9327,9326
9327,9368,9326
9329,9328,9251
9329,9370,9328
9253,17954,9329
9329,17954,9392
9392,17954,9393
9393,17954,9412
9412,17954,18015
9330,9338,9332
9332,9332,9340
9332,9340,9333
9333,9341,9335
9334,9335,9343
9338,9330,9325
9332,9338,9340
9332,9340,9340
9333,9340,9341
9335,9341,9343
9334,9343,9342
9334,9342,9352
9352,9355,9353
9353,9356,9353
9354,9353,9356
9354,9357,17959
9352,9342,9355
9353,9355,9356
9353,9356,9356
9354,9356,9357
17959,9357,17963
9369,9368,9327
9368,9369,9374
9369,9375,9374
9374,9374,9375
9374,9375,9375
9374,9375,9376
9375,9377,9376
9377,9379,9376
9377,9381,9379
9380,9379,9381
9380,9378,9379
9392,9382,9370
9329,9392,9370
9392,9382,9382
9392,9383,9382
9393,9385,9383
9393,9384,9385
9392,9393,9383
9378,9380,9403
9403,9380,9404
9403,9404,9405
9405,9404,9406
9406,9406,9405
9405,9406,9405
9409,9405,9406
9409,9406,9410
9409,9410,18003
18003,9410,18004
9393,9407,9384
9412,9408,9407
9412,9408,9408
9393,9412,9407
9412,9411,9408
18015,18007,9411
9412,18015,9411
2111,10811,2112
2111,10813,10811
10813,10814,10811
2114,10812,10818
10812,10816,10819
10834,2185,10838
10838,2185,10913
10813,10814,10814
10813,10815,10814
10813,10834,10815
10834,10835,10815
10816,10819,10816
10816,10817,10820
10840,10850,10817
2114,10818,2118
10812,10819,10818
10819,10819,10816
10816,10820,10819
10817,10850,10820
10834,10836,10835
10834,10837,10836
10834,10838,10837
10838,10839,10837
10838,10839,10839
10840,10841,10850
10841,10842,10852
10843,10853,10842
10843,10843,10853
10838,10846,10839
10838,10913,10846
10843,10847,10855
10850,10841,10851
10841,10852,10851
10842,10853,10852
10853,10843,10853
10843,10855,10853
10855,10847,10916
2181,10872,2182
2181,10871,10872
10871,10875,10872
10871,10874,10875
10875,10875,10874
10874,10875,10874
10874,10877,10875
10874,10876,10877
10877,10876,10897
10897,10876,10895
2184,10873,11136
11138,10873,10878
2184,11136,2449
10873,11138,11136
10878,11138,10878
10878,10879,11139
10903,11158,10879
11138,11138,10878
10878,11139,11138
10879,11158,11139
10897,10896,10898
10897,10895,10896
10900,10898,10896
10900,10896,10899
10900,10899,10902
10901,10902,10899
10901,10901,10902
10901,10902,10902
10901,10911,10902
10901,10910,10911
10911,10910,10918
10903,10904,11158
10904,10905,11160
10906,11161,10905
10906,10906,11161
11158,10904,11159
10904,11160,11159
10905,11161,11160
11161,10906,11161
10906,10912,11168
10906,11168,11161
10912,11235,11168
10913,2185,11006
11006,2185,11009
11009,2185,11031
10913,10914,10846
10913,11004,10914
10916,10847,10915
10915,11022,10916
11031,2185,14997
14997,2185,15002
15002,2185,15013
10918,10910,10917
11065,10918,10917
11235,10912,10919
10919,11325,11235
10913,11006,11004
11006,11007,11004
10915,11005,11022
11005,11012,11023
11006,11007,11007
11006,11008,11007
11006,11009,11008
11009,11011,11008
11009,11010,11011
11012,11023,11012
11012,11013,11024
11013,11015,11026
11014,11026,11015
11005,11023,11022
11023,11023,11012
11012,11024,11023
11013,11026,11024
11014,11025,11026
11009,11030,11010
11009,11031,11030
11031,11032,11030
11031,11032,11032
11014,11033,11037
11034,11038,11033
11034,11034,11038
11031,11035,11032
11031,14997,11035
14997,14998,11035
11034,11036,11039
11036,15000,15007
11014,11037,11025
11033,11038,11037
11038,11034,11038
11034,11039,11038
11036,15007,11039
11065,10917,11064
11065,11064,11068
11064,11067,11068
11068,11068,11067
11068,11067,11067
11068,11067,11070
11070,11067,11069
11069,11074,11070
11069,11072,11074
11071,11074,11072
11071,11073,11074
10919,11066,11325
11327,11066,11075
11066,11327,11325
11075,11327,11075
11075,11076,11328
11330,11076,11078
11077,11329,11078
11327,11327,11075
11075,11328,11327
11076,11330,11328
11329,11330,11078
11073,11071,11089
11071,11088,11089
11089,11088,11091
11091,11088,11090
11090,11090,11091
11091,11090,11091
11095,11091,11090
11095,11090,11094
11094,15068,11095
15068,11094,15067
11077,11092,11349
11093,11350,11092
11093,11093,11350
11077,11349,11329
11092,11350,11349
11350,11093,11350
11093,11096,11353
15355,11096,15071
11093,11353,11350
11096,15355,11353
2451,11137,11142
2451,11142,2455
11137,11140,11143
11137,11143,11142
11140,11143,11140
11140,11141,11144
11143,11143,11140
11140,11144,11143
11141,11162,11172
11141,11172,11144
11162,11163,11172
11163,11164,11174
11172,11163,11173
11163,11174,11173
11164,11165,11175
11164,11175,11174
11165,11165,11175
11175,11165,11175
11165,11169,11177
11165,11177,11175
11169,11237,11177
2513,11193,11196
11193,11194,11198
2513,11196,2519
11193,11198,11196
11194,11198,11194
11194,11195,11199
11195,11213,11223
11198,11198,11194
11194,11199,11198
11195,11223,11199
2521,11197,13187
11197,11200,13189
11200,13189,11200
11200,11201,13190
11201,11227,13215
11213,11214,11223
11214,11215,11225
11215,11216,11226
11216,11216,11226
11223,11214,11224
11214,11225,11224
11215,11226,11225
11226,11216,11226
11216,11218,11233
11216,11233,11226
11218,11239,11233
11227,11228,13216
13217,11228,11229
11229,11230,13218
11230,11230,13218
11230,11234,13225
11169,11236,11237
11236,11341,11237
11218,11238,11239
11238,11390,11239
11234,11240,13300
11236,11326,11341
11326,11331,11342
11326,11342,11341
11331,11342,11331
11342,11342,11331
11331,11332,11343
11331,11343,11342
11332,11334,11345
11333,11345,11334
11332,11345,11343
11333,11344,11345
11333,11351,11355
11333,11355,11344
11351,11352,11356
11352,11352,11356
11351,11356,11355
11356,11352,11356
11352,11354,11357
11352,11357,11356
11354,15357,15363
11354,15363,11357
11238,11382,11390
11382,11383,11392
11382,11392,11390
11383,11392,11383
11383,11384,11393
11384,11386,11395
11385,11395,11386
11383,11392,11392
11383,11393,11392
11384,11395,11393
11385,11394,11395
11240,11391,13405
11391,11396,13407
11396,13407,11396
11396,11397,13408
11397,11399,13410
11398,13409,11399
11385,11406,11409
11406,11407,11410
11407,11407,11410
11385,11409,11394
11406,11410,11409
11410,11407,11410
11407,11408,11413
11408,15421,15425
11407,11413,11410
11408,15425,11413
11398,11411,13437
11411,11412,13438
11412,11412,13438
11412,11414,13441
11414,15427,17700
2521,13187,4684
11197,13189,13187
13188,13193,4686
13188,13191,13195
13189,13189,11200
11200,13190,13189
13190,11201,13215
13191,13195,13191
13192,13196,13191
13192,13219,13231
4686,13193,4692
13188,13195,13193
13195,13195,13191
13191,13196,13195
13192,13231,13196
11227,13216,13215
13217,13216,11228
11229,13218,13217
11230,13218,13218
13219,13220,13232
13221,13233,13220
13221,13222,13234
13222,13222,13234
11230,13225,13218
13225,11234,13300
13226,13241,13222
13219,13232,13231
13220,13233,13232
13221,13234,13233
13222,13234,13234
13222,13241,13234
13241,13226,13302
13194,13258,4694
13194,13197,13259
4694,13258,4752
13194,13259,13258
13197,13259,13197
13198,13260,13197
13198,13235,13278
13197,13259,13259
13197,13260,13259
13198,13278,13260
4758,13262,4760
13261,13262,4758
13261,13265,13262
13261,13263,13265
13263,13265,13263
13263,13265,13265
13263,13266,13265
13264,13266,13263
13266,13264,13292
13264,13288,13292
13235,13236,13278
13237,13280,13236
13237,13238,13281
13238,13238,13281
13278,13236,13279
13236,13280,13279
13237,13281,13280
13281,13238,13281
13242,13283,13238
13238,13283,13281
13283,13242,13304
13288,13289,13292
13292,13289,13293
13289,13294,13293
13290,13294,13289
13290,13295,13294
13290,13291,13295
13291,13291,13295
13295,13291,13295
13291,13299,13295
13298,13299,13291
13299,13298,13306
11240,13405,13300
13226,13301,13302
13301,13421,13302
13242,13303,13304
13303,13481,13304
13298,13305,13306
13305,13490,13306
11391,13407,13405
13406,13421,13301
13406,13411,13423
13407,13407,11396
13407,11396,13408
11397,13410,13408
13409,13410,11399
13411,13423,13411
13412,13424,13411
13412,13414,13426
13413,13425,13414
13406,13423,13421
13423,13423,13411
13411,13424,13423
13412,13426,13424
13425,13426,13414
13409,11398,13437
11411,13438,13437
13438,11412,13438
13439,13443,13413
13439,13440,13444
13440,13440,13444
11412,13441,13438
11414,17700,13441
13442,13447,13440
13442,17702,17708
13413,13443,13425
13439,13444,13443
13440,13444,13444
13440,13447,13444
13442,17708,13447
13422,13481,13303
13422,13427,13482
13422,13482,13481
13427,13482,13427
13428,13483,13427
13428,13430,13485
13429,13485,13430
13427,13482,13482
13427,13483,13482
13428,13485,13483
13429,13484,13485
13489,13490,13305
13489,13495,13490
13489,13491,13495
13491,13495,13491
13491,13495,13495
13495,13491,13496
13492,13496,13491
13492,13498,13496
13492,13494,13498
13493,13498,13494
13493,13497,13498
13445,13505,13429
13445,13446,13506
13446,13446,13506
13429,13505,13484
13445,13506,13505
13506,13446,13506
13448,13507,13446
13448,17710,17788
13446,13507,13506
13448,17788,13507
13497,13493,13510
13508,13510,13493
13508,13511,13510
13508,13509,13511
13511,13509,13509
13511,13509,13511
13509,13513,13511
13512,13513,13509
13512,17794,13513
13512,17792,17794
13548,13551,4975
13548,13549,13552
13549,13552,13549
13550,13553,13549
13550,13562,13570
4975,13551,4979
13548,13552,13551
13549,13552,13552
13549,13553,13552
13550,13570,13553
13562,13563,13571
13564,13572,13563
13564,13565,13573
13565,13565,13573
13567,13575,13565
13562,13571,13570
13563,13572,13571
13564,13573,13572
13565,13573,13573
13565,13575,13573
13575,13567,13637
5044,13592,5045
5044,13591,13592
13591,13595,13592
13591,13594,13595
13595,13595,13594
13594,13595,13594
13594,13597,13595
13594,13596,13597
13597,13596,13618
13596,13616,13618
5049,5047,13593
13600,13593,13598
5049,13593,13600
13600,13598,13598
13600,13598,13599
13634,13599,13624
13600,13599,13634
13618,13617,13619
13618,13616,13617
13621,13619,13617
13621,13617,13620
13621,13620,13623
13620,13622,13623
13622,13622,13623
13622,13623,13623
13632,13623,13622
13622,13631,13632
13632,13631,13639
13634,13624,13625
13634,13625,13626
13635,13626,13627
13635,13627,13627
13634,13626,13635
13635,13627,13633
13635,13633,13641
13567,13636,13637
13636,13720,13637
5049,13600,17954
13600,13634,17954
13634,13635,17954
13639,13631,13638
13751,13639,13638
13635,13641,17954
13641,13774,17954
13641,13633,13640
13641,13640,13752
13774,13775,17954
13775,13785,17954
13785,18129,17954
13720,13636,13712
13712,13713,13721
13713,13721,13713
13714,13722,13713
13714,13716,13724
13715,13724,13716
13712,13721,13720
13713,13721,13721
13713,13722,13721
13714,13724,13722
13715,13723,13724
13728,13731,13715
13728,13729,13732
13729,13729,13732
13730,13733,13729
13730,18073,18077
13715,13731,13723
13728,13732,13731
13729,13732,13732
13729,13733,13732
13730,18077,13733
13751,13638,13750
13751,13750,13754
13754,13750,13753
13754,13754,13753
13754,13753,13753
13754,13753,13756
13756,13753,13755
13755,13760,13756
13755,13758,13760
13757,13760,13758
13757,13759,13760
13774,13752,13761
13641,13752,13774
13774,13761,13761
13774,13761,13762
13775,13762,13764
13775,13764,13763
13774,13762,13775
13757,13777,13759
13757,13776,13777
13777,13776,13779
13779,13776,13778
13778,13778,13779
13779,13778,13779
13779,13778,13783
13783,13778,13782
13782,18118,13783
13782,18117,18118
13775,13763,13780
13785,13780,13781
13785,13781,13781
13775,13780,13785
13785,13781,13784
18129,13784,18121
13785,13784,18129
14896,14899,2185
14854,2185,14899
14854,15011,2185
15013,2185,15011
14854,14910,14855
14854,14855,15021
15022,14856,14857
14856,14920,14857
14858,14983,14859
15091,14858,14859
15217,15093,14860
14860,15268,15217
14861,14862,14863
14861,14863,14866
14866,14863,14867
14865,14864,14871
14865,14872,14869
14866,14867,14868
14866,14867,14867
14866,14868,14896
14896,14868,14897
14869,14873,14870
14869,14869,14873
14870,14874,14902
14865,14871,14872
14869,14872,14873
14873,14869,14873
14870,14873,14874
14902,14874,14914
14896,14897,14898
14896,14898,14901
14899,14900,14900
14896,14901,14899
14899,14901,14900
14902,14915,14903
14905,14903,14915
14904,14916,14904
14904,14905,14917
14899,14900,14910
14854,14899,14910
14911,14904,14916
14856,14911,14920
14902,14914,14915
14905,14915,14917
14916,14916,14904
14904,14917,14916
14911,14916,14920
14933,14931,14932
14933,14932,14934
14933,14934,14937
14937,14934,14938
14937,14938,14939
14937,14937,14938
14937,14938,14938
14939,14938,14940
14940,14964,14939
14940,14966,14964
15223,14936,14935
14936,15224,14941
14936,15223,15224
14941,15224,15227
14941,15227,14942
14941,14941,15227
14942,15228,14972
15227,14941,15227
14942,15227,15228
14972,15228,15256
14964,14967,14965
14964,14966,14967
14970,14965,14967
14970,14967,14971
14969,14969,14968
14968,14969,14968
14971,14968,14970
14971,14969,14968
14982,14968,14969
14969,14983,14982
14858,14982,14983
14972,15256,14973
15257,14975,14973
14974,15258,14974
14974,14975,15259
15256,15257,14973
14975,15257,15259
15258,15258,14974
14974,15259,15258
15258,14984,14974
14860,14984,15268
14984,15258,15268
14997,14999,14998
14997,15002,14999
15002,15003,14999
15000,15001,15008
15001,15005,15009
15002,15004,15003
15002,15003,15003
15002,15013,15004
15013,15014,15004
15005,15006,15010
15005,15009,15005
15018,15030,15006
15000,15008,15007
15001,15009,15008
15005,15010,15009
15009,15009,15005
15006,15030,15010
15011,15012,15012
15013,15015,15014
15013,15016,15015
15013,15011,15016
15011,15012,15016
15017,15017,15029
15018,15019,15030
15019,15020,15032
15017,15029,15020
14854,15021,15011
15011,15021,15012
15017,15022,15033
15029,15017,15029
15030,15019,15031
15019,15032,15031
15020,15029,15032
15017,15033,15029
15022,14857,15033
15070,15068,15067
15070,15067,15069
15069,15074,15070
15069,15073,15074
15074,15073,15076
15076,15073,15075
15074,15074,15073
15074,15073,15073
15075,15083,15076
15083,15075,15081
15071,15072,15356
15359,15072,15077
15071,15356,15355
15072,15359,15356
15077,15078,15360
15077,15359,15077
15088,15368,15078
15077,15360,15359
15359,15359,15077
15078,15368,15360
15079,15079,15080
15079,15080,15080
15083,15082,15084
15083,15081,15082
15082,15086,15084
15082,15085,15086
15085,15080,15086
15079,15080,15085
15079,15092,15080
15079,15091,15092
14859,15092,15091
15087,15087,15367
15088,15089,15368
15089,15090,15370
15087,15367,15090
15367,15087,15367
15368,15089,15369
15089,15370,15369
15090,15367,15370
15087,15093,15375
15087,15375,15367
15093,15217,15375
15376,15218,15219
15218,15278,15219
15437,15220,15221
15220,15342,15221
15450,15222,17539
15226,15225,15231
15226,15231,15232
15226,15232,15229
15229,15232,15233
15229,15233,15230
15229,15229,15233
15233,15229,15233
15230,15233,15234
15230,15234,15260
15260,15234,15272
15260,15273,15261
15263,15261,15273
15260,15272,15273
15263,15273,15275
15262,15274,15262
15274,15274,15262
15262,15263,15275
15262,15275,15274
15269,15262,15274
15269,15274,15278
15218,15269,15278
15290,15289,15293
15290,15294,15291
15290,15293,15294
15291,15294,15297
15291,15297,15292
15291,15291,15297
15292,15298,15322
15297,15291,15297
15292,15297,15298
15322,15298,15330
15296,15295,17546
15296,17547,15299
15299,17550,15300
15299,15299,17550
17551,15334,15300
15322,15331,15323
15325,15323,15331
15324,15332,15324
15324,15325,15333
15322,15330,15331
15325,15331,15333
15332,15332,15324
15324,15333,15332
15328,15324,15332
15220,15328,15342
15328,15332,15342
15334,17590,15335
15337,15335,17591
15336,17592,15336
15336,15337,17593
15343,15336,17592
15222,15343,17602
15357,15358,15364
15357,15364,15363
15358,15361,15365
15358,15365,15364
15361,15362,15366
15361,15365,15361
15361,15366,15365
15365,15365,15361
15362,15372,15384
15362,15384,15366
15371,15371,15383
15383,15371,15383
15372,15373,15384
15373,15374,15386
15384,15373,15385
15373,15386,15385
15374,15371,15383
15374,15383,15386
15371,15376,15387
15371,15387,15383
15376,15219,15387
15421,15422,15426
15422,15423,15429
15421,15426,15425
15422,15429,15426
15423,15424,15430
15423,15429,15423
15424,15434,15442
15423,15430,15429
15429,15429,15423
15424,15442,15430
15427,15428,17701
15428,15431,17704
15431,15432,17705
17704,15431,15431
15432,15446,17717
15433,15433,15441
15434,15435,15442
15435,15436,15444
15436,15433,15441
15441,15433,15441
15442,15435,15443
15435,15444,15443
15436,15441,15444
15433,15437,15449
15433,15449,15441
15437,15221,15449
15445,15445,17716
15446,15447,17718
15447,15448,17719
15448,15445,17716
15445,15450,17724
15222,17602,17539
17725,17540,17541
17540,17618,17541
17741,17542,17543
17542,17673,17543
17544,17688,17545
17816,17544,17545
15296,17546,17547
15299,17547,17550
17549,17548,17554
17549,17555,17552
15299,17550,17550
15300,17550,17551
17551,17590,15334
17552,17558,17553
17552,17552,17558
17553,17559,17594
17549,17554,17555
17552,17555,17558
17552,17558,17558
17553,17558,17559
17594,17559,17606
17590,17591,15335
15337,17591,17593
17592,17592,15336
15336,17593,17592
17594,17606,17595
17597,17595,17607
17596,17608,17596
17597,17609,17596
15343,17592,17602
17603,17596,17608
17603,17618,17540
17606,17607,17595
17597,17607,17609
17608,17608,17596
17596,17609,17608
17603,17608,17618
17557,17556,17634
17557,17635,17560
17557,17634,17635
17560,17635,17636
17560,17636,17561
17560,17560,17636
17561,17637,17610
17636,17560,17636
17561,17636,17637
17610,17637,17667
17639,17638,17640
17639,17640,17641
17639,17641,17642
17642,17641,17644
17642,17644,17643
17642,17642,17644
17644,17642,17644
17643,17644,17645
17643,17645,17675
17675,17645,17679
17610,17668,17611
17613,17611,17668
17612,17669,17612
17613,17670,17612
17610,17667,17668
17613,17668,17670
17612,17669,17669
17612,17670,17669
17619,17612,17669
17619,17673,17542
17619,17669,17673
17675,17680,17676
17678,17676,17680
17675,17679,17680
17678,17680,17682
17677,17681,17677
17677,17681,17681
17678,17682,17677
17677,17682,17681
17687,17677,17681
17687,17681,17688
17687,17688,17544
15427,17701,17700
15428,17704,17701
17703,17709,17702
17703,17706,17712
17704,15431,17705
17704,17704,15431
15432,17717,17705
17707,17713,17706
17706,17712,17706
17707,17721,17733
17702,17709,17708
17703,17712,17709
17706,17713,17712
17712,17712,17706
17707,17733,17713
15445,17716,17716
15446,17718,17717
15447,17719,17718
15448,17716,17719
17720,17720,17732
17721,17722,17734
17723,17735,17722
17723,17720,17732
15445,17724,17716
15450,17539,17724
17725,17740,17720
17720,17732,17732
17721,17734,17733
17722,17735,17734
17723,17732,17735
17720,17740,17732
17725,17541,17740
17711,17789,17710
17711,17714,17790
17710,17789,17788
17711,17790,17789
17715,17791,17714
17714,17790,17714
17715,17737,17801
17714,17791,17790
17714,17790,17790
17715,17801,17791
17792,17795,17794
17793,17795,17792
17793,17798,17795
17793,17796,17798
17798,17796,17799
17797,17799,17796
17796,17798,17796
17798,17798,17796
17797,17813,17799
17797,17809,17813
17736,17736,17800
17737,17738,17801
17739,17803,17738
17739,17736,17800
17800,17736,17800
17801,17738,17802
17738,17803,17802
17739,17800,17803
17741,17804,17736
17736,17804,17800
17741,17543,17804
17808,17808,17812
17812,17808,17812
17809,17810,17813
17813,17810,17814
17810,17815,17814
17811,17815,17810
17811,17812,17815
17811,17808,17812
17808,17817,17812
17816,17817,17808
17816,17545,17817
18085,17952,17953
17952,17995,17953
17954,18016,18015
17954,18062,18016
17954,18063,18062
17954,18129,18130
17954,18130,18156
17954,18156,18155
17955,18057,17956
17956,18143,17955
17954,17958,18063
17954,18155,17958
17958,17957,18058
17958,18145,17957
17960,17959,17963
17960,17964,17961
17961,17965,17962
17961,17961,17965
17962,17966,17981
17960,17963,17964
17961,17964,17965
17961,17965,17965
17962,17965,17966
17981,17966,17989
17981,17990,17982
17984,17982,17990
17983,17991,17983
17984,17992,17983
17987,17983,17991
17995,17952,17987
17981,17989,17990
17984,17990,17992
17983,17991,17991
17983,17992,17991
17987,17991,17995
18005,18003,18004
18005,18004,18006
18005,18006,18009
18006,18010,18009
18009,18010,18011
18009,18009,18010
18009,18010,18010
18011,18010,18012
18012,18038,18011
18038,18012,18040
18015,18008,18007
18016,18013,18008
18015,18016,18008
18016,18014,18013
18016,18013,18013
18062,18046,18014
18016,18062,18014
18038,18041,18039
18038,18040,18041
18044,18039,18041
18044,18041,18045
18043,18043,18042
18042,18043,18042
18045,18042,18044
18042,18045,18043
18043,18056,18042
18043,18057,18056
17955,18056,18057
18062,18047,18046
18062,18049,18047
18063,18048,18048
18063,18048,18049
18062,18063,18049
18063,18058,18048
17958,18058,18063
18074,18078,18073
18074,18075,18079
18076,18080,18075
18075,18079,18075
18076,18082,18090
18073,18078,18077
18074,18079,18078
18075,18080,18079
18075,18079,18079
18076,18090,18080
18081,18081,18089
18082,18083,18091
18084,18092,18083
18084,18081,18089
18085,18093,18081
18081,18089,18089
18082,18091,18090
18083,18092,18091
18084,18089,18092
18081,18093,18089
18085,17953,18093
18117,18120,18118
18120,18117,18119
18119,18124,18120
18119,18123,18124
18124,18123,18126
18126,18123,18125
18124,18124,18123
18124,18123,18123
18125,18135,18126
18125,18133,18135
18129,18121,18122
18130,18122,18127
18129,18122,18130
18130,18127,18128
18130,18127,18127
18156,18128,18140
18130,18128,18156
18131,18131,18132
18131,18132,18132
18135,18134,18136
18135,18133,18134
18138,18136,18134
18134,18137,18138
18137,18132,18138
18137,18131,18132
18144,18132,18131
18131,18143,18144
17956,18144,18143
18155,18139,18139
18156,18140,18141
18156,18141,18142
18155,18142,18139
18156,18142,18155
18155,18139,18145
17958,18155,18145
1,73,2
4,5,360
5,6,361
4,376,8
8,377,10
6,7,378
7,9,379
0,1,5
1,2,6
2,3,7
0,5,4
4,8,82
1,6,5
2,7,6
3,9,7
0,4,82
3,84,9
8,83,82
11,84,85
9,11,381
8,10,83
9,84,11
11,85,553
37,38,74
36,40,37
37,41,38
38,42,39
36,91,44
39,43,93
37,40,41
36,44,40
38,41,42
39,42,43
43,45,93
46,91,92
45,94,93
41,1044,42
42,1045,43
40,1050,41
40,44,1051
43,1052,45
45,1053,47
44,91,46
46,92,1140
45,47,94
44,46,1054
1,72,73
2,74,3
2,73,74
3,74,75
0,72,1
0,82,76
3,75,84
78,85,84
0,76,72
75,78,84
76,82,77
78,79,85
36,73,72
36,37,73
37,74,73
38,75,74
72,76,91
39,78,75
36,72,91
76,92,91
38,39,75
39,93,78
76,77,92
78,93,79
77,83,80
79,94,81
10,86,83
77,82,83
79,87,85
85,87,553
10,552,86
86,552,88
88,552,554
87,555,553
80,83,86
79,81,87
81,89,87
80,86,100
86,88,100
81,101,89
88,554,102
87,89,555
77,95,92
79,93,94
47,96,94
77,80,95
81,94,96
81,96,101
80,97,95
80,100,97
96,98,101
92,95,1140
96,1141,98
47,1141,96
95,1142,1140
98,1141,1143
95,97,1142
98,1143,105
88,106,100
98,107,101
88,102,106
89,101,103
101,107,103
103,107,578
97,100,104
98,105,107
100,106,104
104,106,1151
102,108,106
107,109,578
106,108,1151
105,109,107
360,363,376
360,361,364
361,378,365
360,364,363
361,365,364
362,376,363
362,377,376
362,370,377
365,378,371
362,367,366
363,368,367
364,369,368
366,367,457
366,456,372
367,368,458
368,369,459
369,373,461
362,363,367
362,366,370
363,364,368
364,365,369
366,372,370
365,373,369
365,371,373
370,372,384
371,385,375
371,375,373
372,374,384
375,385,389
4,360,376
8,376,377
5,361,360
6,378,361
7,379,378
10,377,380
9,381,379
370,380,377
371,378,379
379,381,385
370,384,380
371,379,385
380,384,382
382,384,386
381,387,385
381,383,387
10,380,552
380,382,552
11,383,381
11,553,383
383,553,557
382,386,556
383,557,391
374,386,384
385,387,389
374,388,386
386,388,390
387,477,389
388,476,390
386,390,556
383,391,387
391,557,566
387,391,477
391,481,477
390,476,565
391,566,481
476,480,565
367,458,457
368,459,458
366,457,456
372,456,460
369,461,459
456,457,467
456,466,460
457,458,468
458,459,469
456,467,466
457,468,467
458,469,468
459,471,469
459,461,471
460,466,470
460,470,462
461,473,471
372,460,374
373,375,463
374,460,462
373,463,461
374,462,388
375,389,465
388,462,464
375,465,463
462,472,464
461,463,473
463,465,475
466,467,5058
466,5056,470
467,468,5059
468,469,5060
469,471,5061
462,470,472
466,5058,5056
470,5056,5057
467,5059,5058
468,5060,5059
469,5061,5060
470,5057,472
471,5063,5061
471,473,5063
472,5057,5062
463,475,473
464,472,474
472,5062,474
473,475,5071
474,5062,5070
473,5071,5063
474,5070,488
475,5087,5071
388,464,476
389,479,465
389,477,479
464,478,476
464,474,478
465,479,489
478,488,482
476,478,480
477,483,479
477,481,483
478,482,480
479,483,491
474,488,478
465,489,475
479,491,489
475,489,5087
488,5070,5086
488,5086,490
489,5091,5087
482,488,490
482,490,638
483,646,491
489,491,5091
490,5086,5090
490,5090,645
491,5291,5091
382,554,552
553,555,557
554,556,558
382,556,554
555,564,557
555,559,564
556,563,558
102,554,558
89,559,555
89,103,559
559,568,564
558,563,575
559,576,568
390,563,556
557,564,566
390,565,563
563,565,567
564,570,566
480,569,565
566,570,637
564,568,570
563,567,575
565,569,567
567,569,584
568,652,570
102,558,577
103,576,559
103,578,576
558,575,577
576,578,587
102,577,108
108,577,1848
577,579,1848
109,580,578
575,579,577
578,580,587
575,586,579
567,586,575
568,576,585
576,587,585
567,584,586
568,585,652
569,651,584
585,656,652
585,587,589
580,1855,587
584,1854,586
587,1855,589
584,651,588
585,589,656
584,588,1854
481,566,637
480,482,636
481,637,639
480,636,569
482,638,636
481,639,483
570,654,637
569,636,651
570,652,654
636,653,651
636,638,653
637,641,639
638,640,653
637,654,641
490,645,638
483,639,646
638,645,640
639,648,646
491,646,5291
645,5090,5290
645,5290,647
646,5295,5291
639,641,648
640,645,647
646,648,5295
647,5290,5294
651,653,655
653,657,655
652,658,654
640,657,653
641,654,666
640,665,657
654,658,666
588,651,655
652,656,658
655,657,1932
656,1935,658
657,665,1934
640,647,665
641,664,648
641,666,664
647,663,665
647,5294,663
648,664,5312
663,5294,5311
648,5312,5295
663,1941,665
664,666,1944
665,1941,1934
658,1942,666
663,1943,1941
666,1942,1944
663,5311,1943
664,6221,5312
664,1944,6221
1943,5311,6220
1044,1050,1046
1044,1047,1045
1045,1048,1052
1044,1046,1047
1045,1047,1048
1049,1053,1052
1048,1049,1052
1046,1050,1058
1049,1059,1053
41,1050,1044
40,1051,1050
42,1044,1045
43,1045,1052
45,1052,1053
44,1054,1051
47,1053,1055
47,1055,1141
46,1140,1056
46,1056,1054
1055,1057,1141
1056,1140,1146
1050,1051,1058
1051,1054,1068
1053,1059,1055
1055,1069,1057
1051,1068,1058
1055,1059,1069
1054,1056,1070
1054,1070,1068
1057,1069,1071
1057,1071,1147
1056,1146,1072
1047,1060,1061
1048,1061,1062
1049,1062,1063
1046,1060,1047
1047,1061,1048
1048,1062,1049
1049,1063,1059
1046,1058,1064
1046,1064,1060
1059,1063,1065
1058,1068,1066
1059,1065,1069
1060,1224,1061
1060,1064,1228
1061,1225,1062
1062,1226,1063
1063,1227,1065
1058,1066,1064
1066,1068,1074
1065,1067,1069
1068,1070,1074
1067,1071,1069
1056,1072,1070
1071,1073,1147
1072,1146,1164
1067,1075,1071
1070,1234,1074
1071,1075,1073
1073,1075,1235
1070,1072,1234
1072,1164,1236
1073,1235,1165
1072,1236,1234
1165,1235,1237
1140,1142,1146
1057,1143,1141
1143,1147,1145
97,1144,1142
105,1143,1145
97,104,1144
1057,1147,1143
1142,1144,1160
1142,1160,1146
1145,1147,1161
1144,1162,1160
1144,1153,1162
1145,1161,1154
104,1153,1144
105,1145,1152
104,1151,1153
105,1152,109
109,1152,1849
108,1155,1151
1152,1156,1849
1145,1154,1152
1151,1172,1153
1151,1155,1172
1152,1154,1156
1154,1173,1156
1146,1160,1164
1073,1161,1147
1073,1165,1161
1160,1166,1164
1161,1165,1163
1154,1161,1163
1160,1162,1166
1165,1237,1167
1164,1166,1362
1163,1165,1167
1162,1371,1166
1163,1167,1175
1153,1174,1162
1154,1163,1173
1153,1172,1174
1163,1175,1173
1155,1868,1172
1172,1176,1174
1172,1868,1176
1173,1175,1869
1162,1174,1371
1167,1372,1175
1174,1375,1371
1175,1177,1869
1174,1176,1375
1175,1372,1177
1061,1224,1225
1062,1225,1226
1060,1228,1224
1063,1226,1227
1065,1227,1229
1064,1066,1230
1065,1229,1067
1066,1074,1232
1067,1231,1075
1064,1230,1228
1067,1229,1231
1066,1232,1230
1075,1231,1233
1224,1246,1225
1225,1247,1226
1226,1248,1227
1227,1249,1229
1224,1228,1250
1225,1246,1247
1224,1250,1246
1226,1247,1248
1227,1248,1249
1228,1252,1250
1229,1251,1231
1229,1249,1251
1228,1230,1252
1231,1253,1233
1230,1232,1254
1075,1233,1235
1074,1234,1238
1074,1238,1232
1233,1239,1235
1234,1236,1240
1234,1240,1238
1235,1239,1237
1232,1238,1266
1233,1255,1239
1239,1267,1241
1237,1239,1241
1238,1240,1268
1231,1251,1253
1246,1256,1247
1246,1250,1257
1247,1258,1248
1248,1259,1249
1249,1260,1251
1230,1254,1252
1233,1253,1255
1247,1256,1258
1246,1257,1256
1248,1258,1259
1249,1259,1260
1251,1260,1261
1250,1252,1262
1250,1262,1257
1251,1261,1253
1253,1261,1263
1252,1254,1264
1253,1263,1255
1255,1265,1267
1252,1264,1262
1255,1263,1265
1254,1270,1264
1232,1266,1254
1239,1255,1267
1238,1268,1266
1241,1267,1269
1240,1383,1268
1241,1269,1365
1254,1266,1270
1267,1271,1269
1265,1271,1267
1266,1272,1270
1266,1268,1272
1269,1273,1384
1269,1271,1273
1268,1387,1272
1164,1362,1236
1167,1237,1363
1236,1362,1364
1237,1241,1363
1166,1373,1362
1166,1371,1373
1167,1363,1372
1363,1374,1372
1236,1364,1240
1241,1365,1363
1362,1366,1364
1363,1365,1374
1362,1373,1366
1365,1367,1374
1372,1374,1376
1371,1377,1373
1374,1378,1376
1177,1372,1376
1371,1375,1377
1376,1378,2052
1367,1378,1374
1366,1373,1395
1373,1377,1395
1367,1396,1378
1375,2053,1377
1378,1396,2054
1240,1364,1383
1269,1384,1365
1365,1384,1367
1364,1385,1383
1364,1366,1385
1367,1384,1386
1268,1383,1387
1384,1388,1386
1273,1388,1384
1383,1389,1387
1383,1385,1389
1386,1388,1390
1367,1386,1396
1366,1395,1397
1366,1397,1385
1386,1398,1396
1377,2084,1395
1396,2085,2054
1395,2090,1397
1396,1398,2085
1395,2084,2090
1398,2091,2085
1385,1397,1399
1386,1390,1398
1385,1399,1389
1390,1400,1398
1398,1400,2091
1397,2090,2092
1397,2092,1399
1400,2093,2091
109,1849,580
108,1848,1155
580,1849,1857
579,586,1856
579,1850,1848
579,1856,1850
1155,1848,1866
1156,1851,1849
1156,1173,1867
1156,1867,1851
1848,1850,1866
1849,1851,1857
586,1854,1856
580,1857,1855
1855,1857,1861
589,1855,1937
588,1860,1854
588,1936,1860
1851,1859,1857
1854,1858,1856
1857,1859,1861
1850,1856,1878
1856,1858,1878
1854,1860,1858
1855,1861,1937
1155,1866,1868
1173,1869,1867
1866,1872,1868
1850,1870,1866
1851,1867,1879
1866,1870,1872
1867,1869,1871
1867,1871,1879
1177,1873,1869
1176,1868,2049
1177,2050,1873
1869,1873,1871
1868,1872,2049
1850,1878,1870
1851,1879,1859
1858,1860,1880
1858,1882,1878
1858,1880,1882
1859,1957,1861
1859,1879,1883
1859,1883,1957
1870,1878,1881
1870,2058,1872
1870,1881,2058
1871,1885,1879
1871,1873,1884
1871,1884,1885
1878,1882,1881
1880,2186,1882
1879,1885,1883
1884,2187,1885
588,655,1936
589,1933,656
589,1937,1933
655,1932,1936
657,1934,1932
656,1933,1935
658,1935,1942
1932,1958,1936
1860,1936,1956
1933,1937,1961
1861,1960,1937
1937,1960,1961
1932,1934,1959
1932,1959,1958
1934,1945,1959
1933,1947,1935
1933,1961,1947
1934,1941,1945
1941,1943,1946
1935,1948,1942
1943,6220,1949
1942,1950,1944
1944,6228,6221
1941,1946,1945
1935,1947,1948
1942,1948,1950
1943,1949,1946
1949,6220,6226
1944,1950,6228
1950,6253,6228
1860,1956,1880
1936,1958,1956
1956,1958,1969
1861,1957,1960
1957,1970,1960
1945,1966,1959
1958,1959,1964
1959,1966,1967
1959,1967,1964
1960,1970,1972
1960,1972,1961
1961,1972,1971
1961,1971,1985
1880,1956,1962
1956,1969,1962
1956,1969,1969
1880,1962,2186
1883,1973,1957
1883,1885,1963
1957,1973,1970
1883,1963,1973
1957,1973,1973
1885,2187,1963
1958,1964,1969
1945,1946,1982
1946,1984,1982
1946,1984,1984
1945,1982,1966
1947,1961,1985
1947,1986,1948
1948,1986,1986
1947,1985,1986
1946,1949,1984
1949,1987,1984
1949,6226,1987
6226,6251,1987
1948,1988,1950
1948,1986,1988
1950,1988,6253
1176,2051,1375
1177,1376,2050
1176,2049,2051
1376,2052,2050
1872,2062,2049
2049,2063,2051
2049,2062,2063
1873,2050,2059
2050,2052,2064
1375,2051,2053
1378,2054,2052
1377,2053,2084
2051,2086,2053
2051,2063,2086
2052,2054,2065
2052,2065,2064
2054,2088,2065
1872,2058,2062
2058,2066,2062
1873,2059,1884
2050,2064,2059
2059,2064,2073
1881,1882,2060
1881,2068,2058
1882,2186,2060
1881,2060,2068
2058,2068,2066
2058,2068,2068
1884,2059,2061
1884,2061,2187
2059,2073,2061
2059,2073,2073
2062,2066,2071
2062,2071,2063
2063,2071,2070
2063,2070,2105
2064,2065,2072
2065,2088,2074
2065,2075,2072
2065,2074,2075
2064,2072,2073
2053,2087,2084
2054,2085,2088
2085,2091,2089
2053,2086,2087
2084,2087,2094
2085,2089,2088
2084,2094,2090
2090,2095,2092
2091,2093,2096
2090,2094,2095
2094,2112,2095
2089,2091,2096
2093,2097,2096
2063,2105,2086
2086,2107,2087
2087,2107,2107
2086,2105,2107
2088,2089,2108
2088,2108,2074
2089,2109,2108
2089,2109,2109
2087,2110,2094
2087,2107,2110
2094,2110,2112
2089,2096,2109
2096,2113,2109
2096,2097,2113
2097,2114,2113
5056,5058,5065
5056,5064,5057
5058,5059,5066
5059,5060,5067
5060,5061,5069
5061,5063,5073
5057,5068,5062
5062,5068,5072
5061,5073,5069
5056,5065,5064
5057,5064,5068
5058,5066,5065
5059,5067,5066
5060,5069,5067
5069,5073,5083
5062,5072,5070
5063,5071,5075
5070,5072,5074
5063,5075,5073
5070,5074,5086
5071,5089,5075
5072,5082,5074
5073,5075,5085
5064,5065,5077
5064,5076,5068
5065,5066,5078
5066,5067,5079
5064,5077,5076
5065,5078,5077
5066,5079,5078
5067,5081,5079
5068,5080,5072
5067,5069,5081
5069,5083,5081
5068,5076,5080
5076,5077,5195
5077,5078,5196
5076,5194,5080
5078,5079,5197
5079,5081,5199
5072,5080,5082
5073,5085,5083
5074,5082,5084
5080,5198,5082
5081,5083,5201
5082,5198,5200
5081,5201,5199
5082,5200,5084
5083,5085,5211
5084,5200,5210
5083,5211,5201
5071,5087,5089
5074,5088,5086
5086,5088,5090
5087,5093,5089
5074,5084,5088
5075,5089,5099
5088,5098,5092
5087,5091,5093
5088,5092,5090
5090,5092,5290
5091,5293,5093
5089,5093,5103
5092,5102,5292
5093,5303,5103
5084,5098,5088
5075,5099,5085
5089,5103,5099
5084,5210,5098
5085,5101,5211
5085,5099,5101
5098,5210,5100
5092,5098,5102
5099,5103,5105
5098,5100,5102
5100,5104,5102
5099,5105,5101
5076,5195,5194
5080,5194,5198
5078,5197,5196
5077,5196,5195
5079,5199,5197
5194,5195,5205
5195,5196,5206
5196,5197,5207
5198,5202,5200
5200,5212,5210
5199,5201,5213
5194,5204,5198
5198,5204,5202
5197,5199,5203
5194,5205,5204
5196,5207,5206
5195,5206,5205
5197,5203,5207
5200,5202,5212
5199,5213,5203
5204,5205,5208
5205,5206,5209
5202,5204,5219
5203,5222,5207
5206,5207,5221
5207,5222,5221
5204,5208,5219
5205,5209,5208
5206,5221,5209
5201,5211,5215
5101,5217,5211
5100,5210,5214
5211,5217,5215
5210,5212,5214
5201,5215,5213
5100,5216,5104
5100,5214,5216
5101,5105,5375
5104,5216,5374
5101,5375,5217
5214,5225,5216
5215,5217,5387
5216,5386,5374
5202,5220,5212
5203,5213,5224
5202,5219,5220
5212,5220,5223
5203,5224,5222
5212,5223,5214
5214,5223,5225
5213,5215,5226
5213,5226,5224
5208,5861,5219
5219,5860,5220
5208,5209,5862
5209,5221,5863
5221,5222,5865
5220,5864,5223
5222,5224,5867
5215,5387,5226
5216,5225,5386
5223,5866,5225
5224,5226,5389
5224,5389,5867
5225,5388,5386
5225,5866,5388
5091,5291,5293
5092,5292,5290
5290,5292,5294
5291,5297,5293
5102,5302,5292
5093,5293,5303
5292,5302,5296
5293,5307,5303
5291,5295,5297
5292,5296,5294
5293,5297,5307
5296,5302,5306
5102,5104,5302
5103,5303,5305
5104,5304,5302
5103,5305,5105
5104,5374,5304
5105,5305,5379
5303,5307,5321
5302,5304,5306
5303,5321,5305
5304,5320,5306
5304,5378,5320
5305,5321,5323
5320,5378,5322
5305,5323,5379
5294,5296,5311
5295,5312,5314
5296,5313,5311
5295,5314,5297
5296,5306,5313
5297,5316,5307
5297,5314,5316
5306,5315,5313
5311,5313,6220
5312,6223,5314
5312,6221,6223
5313,6222,6220
5313,5315,6222
5314,6225,5316
5315,6224,6222
5314,6223,6225
5315,5324,6224
5316,6225,6242
5306,5320,5315
5307,5325,5321
5315,5320,5324
5307,5316,5325
5320,5322,5324
5321,5325,5327
5321,5327,5323
5316,6242,5325
5324,5326,6241
5322,5326,5324
5323,5327,5400
5325,6244,5327
5105,5379,5375
5304,5374,5378
5217,5375,5377
5374,5386,5376
5217,5377,5387
5374,5376,5378
5375,5381,5377
5375,5379,5381
5322,5378,5380
5379,5398,5381
5376,5380,5378
5377,5381,5407
5226,5387,5391
5377,5393,5387
5376,5386,5390
5376,5390,5392
5386,5388,5390
5226,5391,5389
5387,5393,5391
5376,5392,5380
5380,5392,5406
5377,5407,5393
5390,5902,5392
5391,5393,5916
5392,5902,5915
5323,5398,5379
5322,5380,5397
5322,5397,5326
5380,5406,5397
5381,5402,5407
5381,5398,5402
5397,5406,5401
5326,5397,5399
5323,5400,5398
5398,5400,6357
5397,5401,5399
5399,5401,6356
5398,6357,5402
5401,5408,6356
5393,5407,5411
5401,5406,5410
5392,5915,5406
5393,5411,5916
5406,5915,5410
5402,5409,5407
5401,5410,5408
5407,5409,5411
5411,5922,5916
5408,5410,5921
5409,6369,5411
5411,6369,5922
5208,5862,5861
5209,5863,5862
5219,5861,5860
5220,5860,5864
5221,5865,5863
5222,5867,5865
5223,5864,5866
5864,5896,5866
5388,5866,5897
5865,5867,5899
5860,5868,5864
5860,5861,5869
5862,5863,5871
5861,5862,5870
5863,5865,5898
5860,5869,5868
5861,5870,5869
5862,5871,5870
5866,5896,5897
5865,5899,5898
5864,5868,5896
5863,5898,5871
5869,5870,5907
5389,5901,5867
5388,5897,5900
5388,5900,5390
5389,5391,5903
5389,5903,5901
5867,5901,5899
5897,5910,5900
5898,5899,5912
5390,5900,5902
5391,5916,5903
5900,5913,5902
5900,5910,5913
5899,5901,5914
5902,5913,5917
5901,5903,5918
5901,5918,5914
5868,5905,5896
5896,5909,5897
5870,5871,5908
5871,5898,5911
5868,5869,5906
5868,5906,5905
5869,5907,5906
5870,5908,5907
5897,5909,5910
5898,5912,5911
5896,5905,5909
5871,5911,5908
5899,5914,5912
5910,5931,5913
5905,6004,5909
5908,5911,5932
5905,5906,6006
5906,5907,6007
5907,5908,6005
5907,6005,6007
5909,5930,5910
5911,5912,5933
5909,6004,5930
5905,6006,6004
5908,5932,6005
5911,5933,5932
5902,5917,5915
5903,5916,5920
5410,5915,5919
5915,5917,5919
5903,5920,5918
5917,5936,5919
5410,5919,5921
5916,5922,5920
5919,5923,5921
5920,5922,6901
5918,5920,5924
5919,5936,5923
5918,5924,5937
5920,6901,5924
5913,5934,5917
5913,5931,5934
5912,5914,5935
5917,5934,5936
5914,5918,5937
5914,5937,5935
5910,5930,5931
5912,5935,5933
5931,6010,5934
5923,5936,6911
5935,5937,6912
5934,6913,5936
5933,5935,6914
5936,6913,6911
5935,6912,6914
5934,6010,6913
5906,6007,6006
5930,6004,6012
5932,6009,6005
6004,6006,6014
6005,6013,6007
6006,6007,6015
5930,6008,5931
5932,5933,6011
5930,6012,6008
6004,6014,6012
6006,6015,6014
6007,6013,6015
6005,6009,6013
5931,6008,6010
5932,6011,6009
5933,6914,6011
6009,6011,6985
6008,6012,6987
6008,6986,6010
6013,6989,6015
6009,6988,6013
6012,6014,6992
6014,6015,6993
6220,6222,6226
6222,6224,6227
6221,6229,6223
6224,6241,6230
6223,6232,6225
6225,6233,6242
6222,6227,6226
6226,6227,6251
6221,6228,6229
6223,6229,6232
6224,6230,6227
6230,6241,6231
6225,6232,6233
5324,6241,6224
5326,6243,6241
5325,6242,6244
5326,5399,6243
5327,6246,5400
5327,6244,6246
5399,6245,6243
6231,6241,6243
6231,6243,6264
6242,6266,6244
6233,6266,6242
6244,6266,6267
6243,6245,6264
6245,6265,6264
6245,6360,6265
6244,6267,6246
6246,6269,6361
6227,6252,6251
6227,6230,6252
6230,6256,6252
6228,6254,6229
6228,6253,6254
6229,6258,6232
6229,6254,6258
6230,6231,6256
6230,6256,6256
6231,6264,6257
6231,6257,6256
6232,6258,6258
6232,6258,6259
6232,6259,6233
6233,6259,6276
6264,6271,6257
6264,6272,6271
6264,6265,6272
6265,6273,6272
6233,6276,6266
6266,6276,6277
6266,6277,6278
6266,6278,6267
6265,6360,6268
6265,6268,6273
6246,6267,6269
6269,6379,6361
6267,6279,6269
6267,6278,6279
6268,6275,6273
6268,6275,6275
6376,6280,6275
6268,6376,6275
6376,6377,6280
6377,6441,6280
6269,6279,6279
6269,6279,6281
6269,6281,6379
6379,6281,6442
5399,6356,6245
5400,6246,6361
5400,6361,6357
5408,6358,6356
5402,6357,6359
6356,6358,6360
6245,6356,6360
6357,6361,6363
6358,6362,6360
6357,6363,6359
6358,6370,6362
6359,6363,6375
6359,6375,6371
5402,6359,5409
5408,6368,6358
5409,6359,6371
5409,6371,6369
5408,5921,6368
5922,6369,6903
6358,6368,6370
6369,6371,6387
6368,6902,6370
6369,6387,6903
6370,6902,6386
6386,6902,6920
6268,6360,6362
6268,6362,6376
6362,6374,6376
6361,6379,6363
6363,6379,6380
6363,6380,6375
6362,6370,6374
6371,6375,6391
6374,6377,6376
6377,6378,6441
6375,6380,6381
6379,6442,6380
6374,6390,6377
6377,6390,6378
6378,6390,6392
6375,6381,6391
6381,6450,6391
6391,6450,6393
6370,6386,6374
6371,6391,6387
6374,6386,6390
6386,6388,6390
6387,6391,6393
6386,6920,6388
6387,6389,6903
6387,6393,6389
6388,6392,6390
6389,6393,6474
6388,6922,6392
6392,6922,6473
6389,6474,6923
6378,6447,6441
6378,6449,6447
6449,6452,6447
6449,6452,6452
6380,6442,6448
6380,6448,6381
6381,6457,6450
6381,6448,6457
6450,6457,6457
6450,6457,6458
6378,6392,6449
6449,6461,6452
6449,6473,6461
6393,6450,6463
6450,6458,6463
6461,6453,6452
6461,6462,6453
6462,6456,6453
6462,6455,6456
6462,6492,6455
6463,6458,6460
6463,6460,6464
6464,6460,6459
6464,6459,6485
6392,6473,6449
6461,6473,6475
6393,6463,6474
6463,6464,6474
6464,6476,6474
6474,6476,6923
6473,6922,7080
6476,7081,6923
6473,7080,6475
6461,6475,6462
6462,6475,6477
6462,6477,6492
6464,6494,6476
6476,6494,6478
6475,7086,6477
6476,6478,7081
6478,6497,7087
6492,6482,6455
6492,6493,6482
6493,6484,6482
6493,6484,6484
6464,6485,6494
6494,6485,6486
6494,6486,6495
6495,6486,6486
6493,6498,6484
6498,6487,6484
6498,14875,6487
14875,14862,6487
6495,6486,6488
6495,6488,6499
6499,6488,14864
6492,6496,6493
6478,6494,6495
6495,6499,6497
6477,6496,6492
6493,6496,6500
6478,6495,6497
6493,6500,6498
6498,14879,14875
6499,14864,14877
6499,14877,6501
6498,6500,14879
6497,6499,6501
6501,14877,14880
5921,6900,6368
5921,5923,6900
6368,6900,6902
5922,6903,6901
5924,6901,6905
5923,6909,6900
5924,6905,6910
6900,6904,6902
6901,6903,6921
6902,6904,6920
6901,6921,6905
6900,6909,6904
5924,6910,5937
5923,6911,6909
5937,6910,6912
6909,6911,6915
6911,6913,6990
6912,6916,6914
6904,6909,6931
6905,6930,6910
6910,6930,6932
6910,6932,6912
6912,6932,6916
6911,6990,6915
6909,6915,6931
6389,6921,6903
6388,6920,6924
6389,6923,6921
6921,6923,6925
6905,6921,6925
6904,6929,6920
6905,6925,6930
6920,6929,6924
6388,6924,6922
6922,6924,7082
6923,7081,6925
6925,7083,6930
6925,7081,7083
6924,6933,7082
6904,6931,6929
6930,6934,6932
6915,6998,6931
6916,6932,6936
6929,6931,6935
6932,6934,6936
6931,6998,6935
6924,6929,6933
6930,7083,6934
6929,6935,6933
6934,7093,6936
6933,6935,7146
6011,6914,6991
6010,6984,6913
6914,6916,6991
6913,6984,6990
6011,6991,6985
6010,6986,6984
6009,6985,6988
6012,6992,6987
6008,6987,6986
6013,6988,6989
6015,6989,6993
6014,6993,6992
6916,6999,6991
6915,6990,7000
6984,7002,6990
6984,6986,7007
6988,7008,6989
6985,7003,6988
6990,7002,7000
6985,6991,7001
6985,7001,7003
6984,7007,7002
6988,7003,7008
6987,6992,6996
6989,6995,6993
6992,6993,6997
6986,6987,6994
6987,6996,6994
6992,6997,6996
6993,6995,6997
6986,6994,7007
6989,7008,6995
6915,7000,6998
6991,6999,7001
6916,6936,6999
7000,7002,7011
7001,7005,7003
6935,6998,7148
6936,7147,6999
6999,7149,7001
6935,7148,7146
6999,7147,7149
6998,7000,7004
7001,7149,7005
7000,7011,7004
6998,7004,7148
6994,7013,7007
6994,6996,7015
6996,6997,7016
6995,7014,6997
7002,7007,7009
7003,7012,7008
7007,7013,7009
6995,7008,7010
6995,7010,7014
6994,7015,7013
6996,7016,7015
6997,7014,7016
7002,7009,7011
7003,7005,7012
7008,7012,7010
7009,7013,7160
7013,7015,7162
7010,7159,7014
7015,7016,7163
7014,7161,7016
6922,7082,7080
6475,7080,7086
7081,7087,7083
7080,7082,7084
7080,7084,7086
7083,7087,7085
6478,7087,7081
6477,7086,7101
7084,7094,7086
7086,7094,7101
7085,7087,7102
7085,7102,7095
6933,7092,7082
6934,7083,7085
6934,7085,7093
7082,7092,7084
6933,7146,7092
6936,7093,7147
7092,7146,7150
7093,7097,7147
7085,7095,7093
7084,7092,7096
7093,7095,7097
7084,7096,7094
7092,7150,7096
7097,7151,7147
6477,7101,6496
6497,7102,7087
6496,7103,6500
6497,6501,7102
6496,7101,7103
6501,7104,7102
7095,7102,7104
7094,7107,7101
7101,7107,7103
7095,7104,7108
6501,14880,7104
6500,7103,15571
6500,15571,14879
7104,14880,15572
7103,7107,15580
7104,15572,7108
7103,15580,15571
7108,15572,15581
7095,7108,7097
7094,7109,7107
7094,7096,7109
7096,7168,7109
7097,7110,7151
7097,7108,7110
7108,15581,7110
7107,15582,15580
7107,7109,15582
7110,15583,7169
7110,15581,15583
7109,15655,15582
7146,7148,7152
7147,7151,7149
7149,7151,7153
7005,7149,7153
7004,7164,7148
7148,7164,7152
7005,7153,7165
7146,7152,7150
7151,7169,7153
7150,7152,7170
7152,7164,7174
7153,7171,7165
7004,7011,7166
7005,7165,7012
7009,7158,7011
7010,7012,7167
7004,7166,7164
7012,7165,7167
7011,7158,7166
7010,7167,7159
7009,7160,7158
7013,7162,7160
7014,7159,7161
7015,7163,7162
7016,7161,7163
7165,7175,7167
7164,7166,7176
7159,7167,7177
7159,7179,7161
7158,7160,7180
7160,7162,7182
7161,7181,7163
7162,7163,7183
7158,7178,7166
7158,7180,7178
7159,7177,7179
7160,7182,7180
7161,7179,7181
7163,7181,7183
7162,7183,7182
7096,7150,7168
7110,7169,7151
7150,7170,7168
7153,7169,7171
7152,7174,7170
7165,7171,7175
7109,7168,15655
7169,15656,7171
7169,15583,15656
7168,15657,15655
7168,7170,15657
7171,15658,7175
7171,15656,15658
7170,15667,15657
7164,7176,7174
7167,7175,7177
7166,7178,7176
7178,7180,15672
7180,7182,15675
7179,15673,7181
7181,15674,7183
7182,7183,15676
7170,7174,15667
7174,7176,15669
7175,15668,7177
7175,15658,15668
7174,15669,15667
7177,15668,15670
7176,7178,15671
7177,15670,7179
7179,15670,15673
7178,15672,15671
7180,15675,15672
7181,15673,15674
7183,15674,15676
7182,15676,15675
7176,15671,15669
1257,1262,10118
1256,10112,1258
1256,1257,10116
1258,10113,1259
1259,10114,1260
1260,10115,1261
1257,10118,10116
1261,10117,1263
1263,10117,10119
1262,1264,10120
1263,10119,1265
1265,10121,1271
1262,10120,10118
1265,10119,10121
1264,10122,10120
1258,10112,10113
1256,10116,10112
1259,10113,10114
1260,10114,10115
1261,10115,10117
10116,10118,10128
10119,10129,10121
10118,10120,10130
1264,1270,10122
1271,10123,1273
1271,10121,10123
1270,10124,10122
1270,1272,10124
1273,10125,1388
1273,10123,10125
1272,10208,10124
10120,10122,10138
10121,10131,10123
10123,10139,10125
10122,10124,10140
10124,10220,10140
10125,10141,10209
10112,10132,10113
10113,10133,10114
10114,10134,10115
10115,10135,10117
10112,10116,10136
10116,10128,10136
10117,10137,10119
10113,10132,10133
10112,10136,10132
10114,10133,10134
10115,10134,10135
10117,10135,10137
10118,10130,10128
10119,10137,10129
10121,10129,10131
10134,10276,10135
10133,10275,10134
10132,10274,10133
10132,10136,10280
10135,10277,10137
10128,10278,10136
10129,10137,10281
10128,10130,10284
10129,10279,10131
10136,10278,10280
10129,10281,10279
10128,10284,10278
10131,10279,10285
10120,10138,10130
10123,10131,10139
10122,10140,10138
10125,10139,10141
10138,10140,10144
10131,10285,10139
10130,10138,10142
10130,10142,10284
10139,10285,10143
10138,10144,10142
10139,10143,10141
10141,10143,10145
1272,1387,10208
1388,10209,1390
1388,10125,10209
1387,10210,10208
1387,1389,10210
1390,10209,10211
10209,10221,10211
10124,10208,10220
10141,10221,10209
10208,10222,10220
10208,10210,10222
10211,10221,10223
1389,1399,10214
1390,10211,1400
1389,10214,10210
1400,10211,10215
1400,10215,2093
1399,2092,10796
1399,10796,10214
2093,10215,10797
10211,10223,10215
10210,10214,10216
10210,10216,10222
10215,10223,10217
10214,10800,10216
10215,10217,10797
10214,10796,10800
10217,10801,10797
10216,10800,10821
10217,10230,10801
10140,10220,10224
10141,10145,10221
10220,10222,10231
10220,10231,10224
10221,10225,10223
10223,10225,10232
10140,10224,10144
10145,10225,10221
10145,10371,10225
10144,10224,10372
10224,10231,10233
10225,10373,10232
10224,10233,10372
10232,10373,10234
10217,10223,10232
10216,10229,10222
10217,10232,10230
10222,10229,10231
10216,10821,10229
10230,10236,10822
10229,10235,10231
10230,10232,10234
10231,10235,10233
10230,10234,10236
10229,10823,10235
10233,10235,10384
10133,10274,10275
10132,10280,10274
10135,10276,10277
10134,10275,10276
10137,10277,10281
10279,10281,10283
10278,10286,10280
10279,10287,10285
10274,10293,10275
10276,10295,10277
10275,10294,10276
10274,10280,10282
10277,10296,10281
10281,10296,10283
10280,10286,10282
10279,10283,10287
10275,10293,10294
10274,10282,10293
10277,10295,10296
10276,10294,10295
10142,10290,10284
10278,10284,10288
10284,10290,10288
10143,10285,10289
10143,10291,10145
10142,10144,10370
10143,10289,10291
10142,10370,10290
10145,10291,10371
10278,10288,10286
10285,10287,10289
10291,10392,10371
10288,10290,10391
10289,10300,10291
10282,10302,10293
10283,10296,10303
10294,10297,10295
10295,10298,10296
10293,10301,10294
10293,10302,10301
10294,10301,10297
10295,10297,10298
10296,10298,10303
10282,10286,10305
10283,10304,10287
10286,10288,10299
10287,10306,10289
10289,10306,10300
10282,10305,10302
10287,10304,10306
10283,10303,10304
10286,10299,10305
10288,10391,10299
10291,10300,10392
10301,10302,11445
10297,10301,11439
10297,11440,10298
10298,11441,10303
10303,11442,10304
10302,10305,11443
10304,11446,10306
10299,10393,10305
10300,10306,11444
10300,10394,10392
10305,10393,11443
10300,11444,10394
10144,10372,10370
10225,10371,10373
10370,10372,10376
10372,10382,10376
10234,10373,10377
10290,10370,10374
10370,10376,10374
10371,10375,10373
10290,10374,10391
10371,10392,10375
10373,10375,10377
10374,10376,10402
10233,10382,10372
10234,10383,10236
10234,10377,10383
10233,10384,10382
10236,10383,10385
10382,10384,10924
10376,10382,10386
10376,10386,10402
10377,10403,10383
10383,10403,10387
10383,10387,10385
10382,10924,10386
10385,10387,10925
10387,10405,10925
10374,10397,10391
10299,10391,10395
10375,10392,10396
10375,10396,10398
10375,10398,10377
10374,10402,10397
10377,10398,10403
10299,10395,10393
10392,10394,10396
10391,10397,10395
10395,10397,11484
10396,11476,10398
10398,11476,11485
10397,10402,10406
10387,10403,10407
10386,10404,10402
10402,10404,10406
10387,10407,10405
10397,10406,11484
10398,11485,10403
10403,11485,10407
10404,10946,10406
10405,10407,11487
10406,11486,11484
10406,10946,11486
2092,10798,10796
2093,10797,2097
10797,10801,10799
2092,2095,10798
10796,10798,10802
2097,10797,10799
2097,10799,2114
10796,10802,10800
10800,10803,10821
10801,10822,10804
10800,10802,10803
10799,10801,10804
10804,10822,10805
2095,2112,10811
2095,10811,10798
10798,10811,10814
10798,10814,10802
10799,10812,2114
10799,10804,10812
10804,10816,10812
10802,10814,10814
10802,10814,10815
10802,10815,10803
10803,10815,10835
10804,10816,10816
10804,10805,10816
10805,10817,10816
10805,10832,10817
10230,10822,10801
10229,10821,10823
10236,10824,10822
10803,10830,10821
10821,10830,10823
10823,10830,10831
10805,10822,10824
10805,10824,10832
10235,10823,10825
10235,10825,10384
10236,10385,10824
10385,10826,10824
10823,10831,10825
10825,10844,10920
10824,10826,10832
10826,10833,10832
10826,10921,10833
10803,10835,10830
10830,10835,10836
10830,10836,10837
10830,10837,10831
10832,10840,10817
10832,10841,10840
10832,10833,10841
10833,10842,10841
10831,10837,10839
10825,10831,10844
10831,10839,10844
10844,10932,10920
10833,10845,10842
10833,10921,10845
10844,10839,10839
10844,10839,10846
10844,10846,10932
10932,10846,10914
10845,10843,10842
10845,10843,10843
10935,10847,10843
10845,10935,10843
10935,10936,10847
10936,10915,10847
10385,10925,10826
10384,10825,10920
10384,10920,10924
10826,10925,10921
10920,10922,10924
10921,10925,10927
10386,10924,10926
10405,10927,10925
10922,10926,10924
10921,10927,10923
10922,10938,10926
10923,10927,10945
10926,10938,10944
10920,10932,10922
10922,10932,10933
10922,10933,10938
10845,10921,10923
10845,10923,10935
10923,10939,10935
10932,10914,10933
10933,10934,10938
10936,10937,10915
10935,10939,10936
10938,10950,10944
10923,10945,10939
10934,10950,10938
10934,11016,10950
10950,11016,10952
10936,10939,10951
10936,10951,10937
10937,10951,10953
10386,10926,10404
10404,10926,10944
10405,10947,10927
10404,10944,10946
10944,10954,10946
10927,10947,10945
10405,11487,10947
10946,11801,11486
10945,10947,11802
10945,11802,10955
10946,10954,11801
10955,11802,11809
10939,10945,10955
10939,10955,10951
10944,10950,10954
10950,10952,10954
10951,10955,10957
10951,10957,10953
10952,11040,10956
10952,10956,10954
10954,10956,11801
10955,11809,10957
10953,10957,11811
10953,11811,11041
10956,11040,11810
10933,10914,11004
10933,11004,10934
10934,11007,11016
10934,11004,11007
11016,11007,11007
11016,11007,11008
10937,11005,10915
10937,11017,11005
11017,11012,11005
11017,11012,11012
11020,11013,11012
11016,11008,11018
10952,11016,11018
11017,11020,11012
10937,10953,11017
11017,11041,11020
11018,11008,11011
11018,11011,11019
11019,11011,11010
11019,11010,11030
11020,11021,11013
11021,11015,11013
11021,11014,11015
11021,11051,11014
11049,11030,11032
11019,11030,11049
11050,11032,11032
11049,11032,11050
11051,11033,11014
11051,11052,11033
11052,11034,11033
11052,11034,11034
11050,11032,11035
11050,11035,11053
11053,11035,14998
11054,11036,11034
11052,11054,11034
15039,15000,11036
11054,15039,11036
10952,11018,11040
11018,11019,11040
11019,11042,11040
10953,11041,11017
11020,11041,11043
11019,11049,11042
11042,11049,11044
11020,11043,11021
11021,11045,11051
11021,11043,11045
11040,11042,11810
11041,11884,11043
11042,11883,11810
11041,11811,11884
11042,11044,11883
11043,11886,11045
11044,11055,11885
11044,11049,11050
11050,11053,11055
11051,11056,11052
11053,14998,15037
11053,15037,11057
11052,11058,11054
11054,15046,15039
11044,11050,11055
11045,11056,11051
11052,11056,11058
11053,11057,11055
11057,15037,15045
11054,11058,15046
10297,11439,11440
10298,11440,11441
10302,11443,11445
10301,11445,11439
10304,11442,11446
10303,11441,11442
10306,11446,11444
11443,11479,11445
10394,11444,11481
11444,11446,11482
11439,11447,11440
11439,11445,11480
11442,11450,11446
11440,11448,11441
11441,11449,11442
11445,11479,11480
11444,11482,11481
11440,11447,11448
11441,11448,11449
11442,11449,11450
11439,11480,11447
11446,11450,11482
11448,11507,11449
10393,11477,11443
10393,10395,11475
10394,11478,10396
10394,11481,11478
10393,11475,11477
10395,11484,11475
10396,11478,11476
11443,11477,11479
11479,11501,11480
11478,11481,11503
11476,11478,11500
11475,11490,11477
11476,11500,11491
11477,11499,11479
11478,11503,11500
11477,11490,11499
10407,11485,11489
11475,11484,11488
11476,11491,11485
11485,11491,11489
11484,11486,11488
10407,11489,11487
11486,11799,11488
11487,11489,11493
11475,11488,11490
11489,11491,11510
11488,11492,11490
11488,11799,11492
11490,11492,11509
11489,11510,11493
11447,11505,11448
11447,11480,11502
11481,11482,11504
11450,11506,11482
11480,11501,11502
11481,11504,11503
11448,11505,11507
11449,11508,11450
11450,11508,11506
11449,11507,11508
11447,11502,11505
11482,11506,11504
11479,11499,11501
11500,11503,11515
11502,11514,11505
11504,11506,11584
11501,11513,11502
11503,11504,11516
11505,11583,11507
11507,11583,11585
11507,11585,11508
11506,11508,11586
11502,11513,11514
11505,11514,11583
11504,11584,11516
11506,11586,11584
11491,11500,11512
11490,11509,11499
11491,11512,11510
11499,11511,11501
11500,11515,11512
11499,11509,11511
11509,11819,11511
11493,11510,11820
11501,11511,11513
11503,11516,11515
11512,11515,11588
11510,11512,11822
11511,11819,11821
11510,11822,11820
11511,11821,11513
11512,11588,11822
11508,11585,11586
11514,11589,11583
11516,11584,11592
11513,11587,11514
11515,11516,11590
11583,11591,11585
11585,11593,11586
11584,11586,11594
11585,11591,11593
11583,11589,11591
11516,11592,11590
11586,11593,11594
11584,11594,11592
11513,11821,11587
11514,11587,11589
11515,11590,11588
11587,11951,11589
11589,11953,11591
11591,11954,11593
11588,11590,11955
11590,11592,11956
11592,11594,11967
11593,11966,11594
10947,11487,11800
11486,11801,11799
10947,11800,11802
11487,11493,11800
11799,11801,11808
11800,11804,11802
11802,11804,11809
11492,11799,11803
11492,11803,11817
11493,11818,11800
11799,11808,11803
11800,11818,11804
10956,11808,11801
10956,11810,11808
10957,11809,11813
11808,11810,11812
10957,11813,11811
11810,11883,11812
11811,11813,11888
11803,11808,11812
11809,11829,11813
11803,11812,11828
11804,11829,11809
11812,11883,11887
11812,11887,11828
11813,11831,11888
11492,11817,11509
11509,11817,11819
11493,11820,11818
11803,11828,11817
11804,11818,11833
11817,11828,11832
11818,11820,11824
11819,11823,11821
11820,11822,11950
11817,11832,11819
11819,11832,11823
11818,11824,11833
11820,11950,11824
11804,11833,11829
11828,11830,11832
11828,11887,11830
11813,11829,11831
11829,11835,11831
11830,11834,11832
11829,11833,11835
11823,11832,11834
11824,11958,11833
11833,11958,11835
11830,11903,11834
11831,11835,12046
11043,11884,11886
11811,11888,11884
11883,11885,11887
11044,11885,11883
11045,11886,11896
11884,11888,11890
11885,11889,11887
11884,11890,11886
11885,11895,11889
11886,11902,11896
11886,11890,11902
11889,11895,11901
11055,11895,11885
11045,11896,11056
11055,11057,11895
11056,11898,11058
11057,11897,11895
11056,11896,11898
11057,15045,11897
11058,16378,15046
11058,11898,16378
11897,15045,16377
11895,11897,11901
11896,11911,11898
11896,11902,11911
11897,11910,11901
11897,16377,11910
11898,11911,16397
11910,16377,16396
11898,16397,16378
11830,11887,11889
11831,11904,11888
11888,11904,11890
11830,11889,11903
11889,11901,11903
11901,11905,11903
11890,11904,11906
11890,11906,11902
11831,12046,11904
11834,11903,12045
11903,11905,12045
11904,12046,12048
11905,12047,12045
11904,12048,11906
11901,11910,11905
11902,11913,11911
11910,16396,11912
11911,16401,16397
11902,11906,11913
11905,11910,11912
11905,11912,12047
11906,12058,11913
11911,11913,16401
11912,16396,16400
11912,16400,12057
11913,16544,16401
11587,11821,11949
11821,11823,11949
11588,11952,11822
11587,11949,11951
11822,11952,11950
11823,11957,11949
11824,11950,11960
11589,11951,11953
11588,11955,11952
11591,11953,11954
11593,11954,11966
11590,11956,11955
11592,11967,11956
11594,11966,11967
11950,11952,11962
11949,11959,11951
11951,11959,11961
11950,11962,11960
11951,11961,11953
11953,11972,11954
11952,11955,11973
11953,11961,11972
11952,11973,11962
11823,11834,11957
11949,11957,11959
11824,11960,11958
11834,12045,11957
11835,11958,12050
11835,12050,12046
11957,12049,11959
11957,12045,12049
11959,11963,11961
11960,11962,11975
11959,12049,11963
11958,11960,11964
11958,11964,12050
11960,11975,11964
11954,11968,11966
11956,11967,11971
11966,11970,11967
11955,11956,11969
11956,11971,11969
11954,11972,11968
11955,11969,11973
11966,11968,11970
11967,11970,11971
11961,11974,11972
11962,11973,11977
11968,11978,11970
11969,11979,11973
11970,11980,11971
11969,11971,11981
11968,11972,11976
11968,11976,11978
11973,11979,11977
11961,11963,11974
11962,11977,11975
11972,11974,11976
11970,11978,11980
11969,11981,11979
11971,11980,11981
11976,12067,11978
11978,12069,11980
11977,11979,12070
11980,12071,11981
11979,11981,12072
12045,12047,12049
12047,12051,12049
12046,12050,12052
12046,12052,12048
12047,12057,12051
11963,12049,12051
12050,12064,12052
11964,12064,12050
11963,12051,12063
12048,12052,12060
12051,12059,12063
12052,12064,12074
11912,12057,12047
11906,12048,12058
12048,12060,12058
11913,12058,16544
12057,16400,16543
12057,16543,12059
12058,16548,16544
12051,12057,12059
12059,12073,12063
12052,12074,12060
12058,12060,16548
12059,16543,16547
12059,16547,12073
12060,16568,16548
11963,12063,11974
11964,11975,12066
11974,12063,12065
11964,12066,12064
11974,12065,11976
11975,11977,12068
11976,12065,12067
11975,12068,12066
12063,12073,12065
12065,12075,12067
12064,12066,12076
11978,12067,12069
11977,12070,12068
11979,12072,12070
11980,12069,12071
11981,12071,12072
12067,12077,12069
12067,12075,12077
12066,12068,12078
12068,12080,12078
12069,12079,12071
12068,12070,12080
12070,12072,12082
12071,12081,12072
12069,12077,12079
12071,12079,12081
12070,12082,12080
12072,12081,12082
12064,12076,12074
12065,12073,12075
12060,12074,16568
12073,16547,16567
12073,16567,12075
12074,12076,16574
12075,16567,16573
12074,16574,16568
12066,12078,12076
12077,16575,12079
12079,16576,12081
12078,12080,16578
12080,12082,16580
12081,16579,12082
12075,16573,12077
12077,16573,16575
12076,12078,16577
12076,16577,16574
12079,16575,16576
12081,16576,16579
12078,16578,16577
12080,16580,16578
12082,16579,16580
14876,14863,14862
14883,14867,14863
14876,14883,14863
14877,14864,14865
14877,14865,14878
14878,14865,14869
14878,14869,14885
14884,14868,14867
14883,14867,14867
14883,14884,14867
14884,14906,14868
14885,14869,14869
14885,14869,14870
14886,14870,14902
14885,14870,14886
14875,14876,14862
14875,14881,14876
14877,14878,14880
14878,14885,14882
14875,14879,14881
14876,14881,14887
14878,14882,14880
14876,14887,14883
14883,14922,14884
14885,14886,14888
14883,14887,14922
14882,14885,14888
14886,14923,14888
14909,14905,14904
14906,14897,14868
14906,14898,14897
14906,14907,14898
14907,14901,14898
14908,14902,14903
14908,14903,14905
14886,14902,14908
14908,14905,14909
14912,14900,14900
14912,14900,14901
15134,14910,14900
15133,14855,14910
14912,15134,14900
15133,14910,15134
14913,14904,14904
14913,14904,14911
15137,14911,14856
14913,14911,15137
14907,14912,14901
14907,15145,14912
14909,14904,14913
14909,14913,14927
14913,15137,15146
14884,14924,14906
14884,14922,14924
14886,14908,14923
14908,14909,14925
14908,14925,14923
14887,15592,14922
14922,15594,14924
14923,14925,15593
14906,14926,14907
14906,14924,14926
14907,14926,15145
14909,14927,14925
14913,15146,14927
14925,14927,15595
14924,15793,14926
14924,15594,15793
14927,15794,15595
15037,14998,14999
15037,14999,15038
15038,14999,15003
15038,15003,15041
15040,15001,15000
15043,15005,15001
15040,15043,15001
15042,15004,15014
15041,15003,15003
15041,15003,15004
15041,15004,15042
15044,15006,15005
15043,15005,15005
15043,15044,15005
15025,15006,15044
15024,15016,15012
15135,15021,14855
15027,15012,15012
15027,15012,15021
15027,15021,15135
15136,14856,15022
15028,15017,15017
15138,15022,15017
15028,15017,15020
15136,15022,15138
15028,15138,15017
15023,15015,15016
15023,15014,15015
15023,15016,15024
15023,15042,15014
15025,15018,15006
15025,15019,15018
15025,15026,15019
15026,15020,15019
15024,15012,15027
15024,15027,15058
15027,15135,15157
15026,15028,15020
15026,15158,15028
15037,15038,15045
15038,15041,15047
15039,15040,15000
15039,15048,15040
15041,15042,15049
15040,15050,15043
15043,15061,15044
15038,15047,15045
15039,15046,15048
15040,15048,15050
15041,15049,15047
15042,15060,15049
15043,15050,15061
15023,15060,15042
15023,15024,15062
15023,15062,15060
15025,15044,15063
15044,15061,15063
15027,15157,15058
15024,15058,15062
15025,15059,15026
15026,15059,15158
15025,15063,15059
15050,16385,15061
15060,15062,16384
15061,16387,15063
15058,16386,15062
15059,15063,16460
15058,16459,16386
15063,16387,16460
15133,15135,14855
15133,15134,15139
15136,15137,14856
15136,15138,15140
14912,15147,15134
14912,15145,15147
15134,15147,15139
15136,15148,15137
15137,15148,15146
15136,15140,15148
15133,15159,15135
15133,15139,15159
15135,15159,15157
15028,15160,15138
15138,15160,15140
15028,15158,15160
15139,15147,15169
15140,15160,15170
14926,15149,15145
15146,15148,15150
14927,15146,15794
14926,15793,15149
15146,15150,15794
15140,15152,15148
15145,15151,15147
15148,15152,15150
15140,15170,15152
15147,15151,15169
15145,15149,15151
15149,15814,15151
15150,15152,15798
15059,15164,15158
15157,15159,15163
15139,15161,15159
15139,15169,15161
15159,15161,15163
15158,15162,15160
15160,15162,15170
15058,15157,16459
15157,15163,16459
15059,16460,15164
15158,15164,15162
15161,16461,15163
15162,15164,16469
15151,15171,15169
15162,15172,15170
15152,15170,15815
15152,15815,15798
15170,15172,15815
15151,15814,15171
15161,15169,16468
15169,15171,16468
15161,16468,16461
15162,16469,15172
15171,15814,17179
15172,16469,17180
14880,14882,15572
14879,15571,15573
14879,15573,14881
14882,15574,15572
15571,15580,15584
15572,15574,15581
15571,15584,15573
15574,15585,15581
14881,15575,14887
14882,14888,15574
14881,15573,15575
14888,15576,15574
14887,15575,15592
14888,14923,15576
15574,15576,15585
15573,15584,15604
15573,15604,15575
15576,15605,15585
15581,15585,15583
15580,15586,15584
15580,15582,15586
15583,15587,15656
15583,15585,15587
15582,15659,15586
15585,15605,15587
15584,15606,15604
15584,15586,15606
15587,15605,15607
15586,15687,15606
15587,15607,15660
14923,15593,15576
14922,15592,15594
15575,15596,15592
15576,15593,15605
15575,15604,15596
15593,15597,15605
14925,15595,15593
15592,15598,15594
15595,15794,15599
15592,15596,15598
15593,15595,15597
15595,15599,15597
15597,15607,15605
15596,15604,15608
15604,15606,15608
15597,15609,15607
15606,15687,15691
15607,15609,15688
15597,15599,15609
15596,15802,15598
15599,15803,15609
15596,15608,15802
15606,15691,15608
15609,15692,15688
15609,15803,15692
15608,15691,15804
15582,15655,15659
15656,15660,15658
15587,15660,15656
15655,15661,15659
15655,15657,15661
15658,15662,15668
15658,15660,15662
15657,15677,15661
15586,15659,15687
15607,15688,15660
15660,15688,15662
15659,15661,15689
15661,15677,15699
15662,15690,15678
15657,15667,15677
15667,15669,15679
15668,15678,15670
15662,15678,15668
15667,15679,15677
15670,15678,15680
15670,15680,15673
15669,15671,15681
15669,15681,15679
15673,15680,15682
15671,15672,15683
15672,15675,15685
15673,15682,15674
15674,15684,15676
15675,15676,15686
15678,15700,15680
15677,15679,15701
15671,15683,15681
15672,15685,15683
15674,15682,15684
15676,15684,15686
15675,15686,15685
15680,15702,15682
15659,15689,15687
15688,15692,15690
15662,15688,15690
15661,15699,15689
15678,15690,15700
15687,15689,15693
15687,15693,15691
15690,15692,15694
15690,15694,15700
15689,15699,15877
15689,15877,15693
15694,15878,15700
15677,15701,15699
15679,15703,15701
15680,15700,15702
15679,15681,15703
15682,15704,15684
15682,15702,15704
15681,15683,15705
15683,15685,15707
15684,15706,15686
15685,15686,15708
15681,15705,15703
15683,15707,15705
15684,15704,15706
15686,15706,15708
15685,15708,15707
15699,15701,15886
15700,15878,15702
15701,15703,15888
15702,15887,15704
15699,15886,15877
15702,15878,15887
15701,15888,15886
15704,15887,15889
15703,15705,15890
15704,15889,15706
15706,15891,15708
15705,15707,15892
15707,15708,15893
15594,15795,15793
15599,15794,15796
15150,15796,15794
15594,15598,15795
15599,15796,15803
15598,15806,15795
15149,15793,15797
15150,15798,15796
15793,15795,15797
15149,15797,15814
15796,15798,15807
15795,15816,15797
15795,15806,15816
15798,15817,15807
15598,15802,15806
15796,15807,15803
15803,15807,15805
15608,15804,15802
15692,15803,15805
15802,15808,15806
15807,15817,15809
15802,15804,15808
15805,15807,15809
15805,15809,15880
15804,15823,15808
15809,15824,15880
15798,15815,15817
15797,15818,15814
15815,15819,15817
15797,15816,15818
15817,15819,15826
15814,15818,17179
15172,15819,15815
15172,17180,15819
15819,17180,17184
15816,17183,15818
15816,15825,17183
15819,17184,15826
15806,15825,15816
15809,15817,15826
15806,15808,15825
15809,15826,15824
15808,15823,15827
15808,15827,15825
15824,15828,15897
15825,17194,17183
15825,15827,17194
15826,17184,15828
15824,15826,15828
15823,15829,15827
15828,15830,15897
15692,15805,15694
15691,15693,15879
15691,15879,15804
15694,15805,15880
15693,15881,15879
15694,15880,15878
15693,15877,15881
15878,15880,15882
15878,15882,15887
15804,15879,15823
15879,15881,15896
15824,15882,15880
15877,15883,15881
15882,15884,15887
15877,15886,15883
15884,15889,15887
15886,15888,15894
15703,15890,15888
15705,15892,15890
15706,15889,15891
15708,15891,15893
15707,15893,15892
15883,15886,15894
15884,15895,15889
15888,15890,15904
15888,15904,15894
15889,15895,15891
15890,15906,15904
15891,15895,15905
15893,15905,15907
15892,15907,15906
15890,15892,15906
15891,15905,15893
15892,15893,15907
15823,15879,15896
15824,15897,15882
15881,15883,15898
15881,15898,15896
15882,15897,15884
15883,15894,15900
15884,15899,15895
15884,15897,15899
15883,15900,15898
15894,15901,15900
15895,15899,15902
15823,15896,15829
15896,15898,17287
15830,15899,15897
15829,15896,17287
15830,17288,15899
15898,15900,17289
15899,17288,15902
15900,15901,17291
15901,15908,17293
15902,17290,15903
15903,17292,15909
15908,15909,17294
15894,15904,15901
15895,15902,15905
15903,15907,15905
15902,15903,15905
15904,15906,15908
15906,15907,15909
15901,15904,15908
15903,15909,15907
15906,15909,15908
15045,15047,16377
15046,16380,15048
15046,16378,16380
15047,16379,16377
15047,15049,16379
15048,16376,15050
15049,15060,16375
15050,16376,16385
15049,16375,16379
15048,16380,16376
16377,16379,16396
16378,16397,16399
16379,16398,16396
16378,16399,16380
16375,16398,16379
16376,16380,16409
16380,16399,16409
16375,16408,16398
15060,16384,16375
15061,16385,16387
15062,16386,16384
16385,16391,16387
16386,16459,16390
16375,16384,16408
16376,16389,16385
16376,16409,16389
16384,16388,16408
16384,16386,16388
16385,16389,16391
16386,16390,16388
16396,16398,16400
16397,16403,16399
16398,16408,16402
16399,16411,16409
16397,16401,16403
16398,16402,16400
16400,16402,16543
16401,16546,16403
16399,16403,16411
16402,16408,16410
16402,16410,16545
16403,16556,16411
16389,16409,16413
16388,16410,16408
16388,16412,16410
16409,16411,16413
16388,16390,16412
16390,16477,16412
16389,16478,16391
16389,16413,16478
16410,16412,16555
16411,16556,16558
16412,16477,16557
16412,16557,16555
16411,16558,16413
16413,16558,16482
15163,16463,16459
16390,16459,16463
16387,16464,16460
15163,16461,16463
15164,16460,16462
15164,16462,16469
16460,16464,16462
16387,16391,16464
16390,16463,16477
16391,16480,16464
16461,16479,16463
16462,16464,16473
16461,16472,16479
16464,16480,16473
16461,16468,16472
16468,16470,16472
16462,16471,16469
15171,16470,16468
16469,16471,17180
15171,17179,16470
16470,17179,17185
16462,16473,16471
16470,16489,16472
16471,16473,17186
16470,17185,16489
16473,16490,17186
16463,16479,16477
16391,16478,16480
16477,16479,16481
16472,16483,16479
16478,16484,16480
16413,16482,16478
16477,16481,16557
16479,16483,16481
16478,16482,16484
16481,16483,16681
16483,16491,16681
16482,16492,16484
16472,16489,16483
16473,16480,16490
16480,16484,16490
16490,17204,17186
16489,17185,16493
16490,16494,17204
16483,16489,16491
16484,16494,16490
16484,16492,16494
16491,16493,16690
16489,16493,16491
16493,16495,16690
16492,16496,16494
16401,16544,16546
16402,16545,16543
16543,16545,16547
16544,16550,16546
16410,16555,16545
16403,16546,16556
16545,16555,16549
16544,16548,16550
16545,16549,16547
16547,16549,16567
16548,16570,16550
16546,16550,16560
16549,16559,16569
16550,16570,16588
16546,16560,16556
16555,16557,16559
16557,16561,16559
16556,16562,16558
16556,16560,16562
16549,16555,16559
16559,16587,16569
16550,16588,16560
16559,16561,16587
16560,16684,16562
16560,16588,16684
16561,16683,16587
16548,16568,16570
16549,16569,16567
16567,16569,16573
16568,16574,16572
16569,16571,16573
16568,16572,16570
16569,16587,16571
16570,16572,16590
16571,16575,16573
16571,16581,16575
16572,16574,16582
16574,16577,16582
16575,16581,16576
16576,16583,16579
16577,16578,16584
16578,16580,16586
16579,16585,16580
16571,16589,16581
16576,16581,16583
16579,16583,16585
16577,16584,16582
16578,16586,16584
16580,16585,16586
16570,16590,16588
16571,16587,16589
16572,16592,16590
16587,16683,16589
16588,16590,16699
16589,16683,16698
16588,16699,16684
16589,16698,16591
16590,16592,16701
16591,16698,16700
16590,16701,16699
16581,16589,16591
16581,16591,16583
16572,16582,16592
16582,16594,16592
16583,16593,16585
16582,16584,16594
16584,16586,16596
16585,16595,16586
16583,16591,16593
16585,16593,16595
16584,16596,16594
16586,16595,16596
16591,16700,16593
16593,16704,16595
16592,16594,16705
16594,16596,16707
16595,16706,16596
16481,16561,16557
16481,16681,16561
16482,16558,16682
16558,16562,16682
16562,16686,16682
16482,16682,16492
16491,16685,16681
16682,16686,16691
16561,16681,16683
16681,16685,16683
16562,16684,16686
16683,16685,16698
16685,16687,16698
16684,16688,16686
16492,16682,16691
16491,16690,16685
16492,16691,16496
16496,16691,17324
16495,16692,16690
16691,16693,17324
16495,17323,16692
16685,16690,16687
16686,16693,16691
16686,16688,16693
16687,16690,16692
16687,16692,16702
16688,16703,16696
16692,16694,16702
16688,16696,16693
16696,16703,16697
16692,17323,16694
16693,16696,17326
16694,17325,16695
16695,17327,16712
16696,16697,17328
16697,16713,17330
16712,17329,16713
16687,16700,16698
16684,16699,16688
16699,16701,16703
16687,16702,16700
16688,16699,16703
16700,16702,16704
16701,16709,16703
16701,16705,16709
16702,16708,16704
16706,16708,16710
16705,16711,16709
16707,16710,16711
16593,16700,16704
16595,16704,16706
16592,16705,16701
16594,16707,16705
16596,16706,16707
16704,16708,16706
16705,16707,16711
16706,16710,16707
16694,16708,16702
16697,16703,16709
16694,16695,16708
16695,16710,16708
16710,16712,16711
16709,16711,16713
16695,16712,16710
16697,16709,16713
16711,16712,16713
15818,17181,17179
17180,17182,17184
17179,17181,17185
16471,17182,17180
15818,17183,17181
17181,17183,17187
17183,17194,17187
17182,17195,17184
16471,17186,17182
17182,17186,17188
17181,17203,17185
17186,17204,17188
17182,17188,17195
17181,17187,17203
15827,17196,17194
15828,17184,17195
15827,15829,17196
15828,17195,15830
15830,17197,17288
15830,17195,17197
15829,17198,17196
17187,17194,17212
17188,17197,17195
17194,17196,17212
17188,17213,17197
17196,17214,17212
17197,17213,17200
17197,17200,17288
17196,17198,17214
17200,17216,17201
16493,17185,17203
16494,17206,17204
17187,17205,17203
17188,17204,17213
17187,17212,17205
17204,17206,17213
17205,17212,17207
17206,17216,17213
16493,17203,16495
16494,16496,17206
16495,17203,17205
16495,17205,17323
16496,17209,17206
17207,17214,17208
17206,17209,17216
17205,17207,17323
17200,17213,17216
17207,17212,17214
17198,17215,17214
17201,17216,17217
17198,17199,17215
17199,17295,17218
17201,17217,17296
17219,17298,17296
17199,17218,17215
17217,17219,17296
17220,17295,17297
17218,17295,17220
17220,17297,17221
17219,17221,17298
17208,17214,17215
17209,17217,17216
17215,17218,17331
17210,17219,17217
17208,17215,17331
17218,17333,17331
17209,17210,17217
17210,17332,17219
17218,17220,17333
17219,17332,17221
17220,17221,17334
17221,17332,17334
15898,17289,17287
15829,17287,17198
17199,17287,17289
17200,17290,17288
15900,17291,17289
15901,17293,17291
15902,17288,17290
15903,17290,17292
15909,17292,17294
15908,17294,17293
17198,17287,17199
17200,17201,17290
17289,17291,17295
17291,17293,17297
17201,17292,17290
17292,17296,17294
17293,17294,17298
17199,17289,17295
17201,17296,17292
17291,17297,17295
17293,17298,17297
17294,17296,17298
17221,17297,17298
17207,17325,17323
16496,17324,17209
17210,17324,17326
16693,17326,17324
17207,17208,17325
17209,17324,17210
17208,17331,17327
17210,17326,17332
17208,17327,17325
17327,17331,17329
17326,17328,17332
17329,17333,17330
17328,17330,17334
17329,17331,17333
17328,17334,17332
17330,17333,17334
16694,17323,17325
16695,17325,17327
16696,17328,17326
16697,17330,17328
16712,17327,17329
16713,17329,17330
17220,17334,17333
12,115,13
22,20,393
20,21,394
22,425,28
21,23,426
28,427,30
23,29,428
14,12,20
12,13,21
13,15,23
12,21,20
13,23,21
14,20,22
15,29,23
22,28,135
14,22,135
15,136,29
28,137,135
31,136,138
29,31,430
28,30,137
29,136,31
31,138,594
48,49,116
50,58,48
48,56,49
49,57,51
50,150,64
51,59,151
48,58,56
49,56,57
50,64,58
51,57,59
59,65,151
65,153,151
66,150,152
56,1077,57
57,1078,59
58,1089,56
59,1090,65
58,64,1091
65,1092,67
64,150,66
65,67,153
66,152,1181
64,66,1093
90,560,111
90,113,110
90,111,113
99,110,112
110,113,112
112,113,1157
111,114,113
113,114,1157
13,116,15
12,117,115
13,115,116
15,116,118
14,117,12
15,118,136
14,135,123
124,138,136
14,123,117
118,124,136
123,135,125
124,126,138
50,115,117
48,116,115
49,118,116
50,48,115
117,123,150
51,124,118
50,117,150
49,51,118
51,151,124
123,152,150
123,125,152
124,151,126
125,137,127
126,153,128
30,139,137
125,135,137
126,140,138
138,140,594
30,593,139
139,593,90
90,593,560
140,595,594
127,137,139
126,128,140
128,147,140
127,139,110
139,90,110
128,165,147
140,147,595
126,151,153
125,154,152
67,155,153
125,127,154
128,153,155
128,155,165
127,99,154
127,110,99
155,162,165
152,154,1181
155,1182,162
67,1182,155
154,1148,1181
162,1182,1183
154,99,1148
162,1183,171
162,174,165
147,165,168
165,174,168
168,174,621
162,171,174
174,175,621
171,175,174
392,484,572
484,486,572
393,397,425
393,394,398
394,426,400
393,398,397
394,400,398
399,425,397
399,427,425
400,426,414
399,413,427
399,405,407
397,406,405
398,408,406
407,405,494
405,406,496
406,408,497
407,495,417
408,418,499
399,397,405
397,398,406
398,400,408
399,407,413
407,417,413
400,418,408
400,414,418
413,417,441
414,442,420
414,420,418
417,419,441
420,442,450
20,394,393
21,426,394
22,393,425
28,425,427
23,428,426
29,430,428
30,427,429
413,429,427
414,426,428
428,430,442
413,441,429
414,428,442
429,441,437
437,441,443
430,444,442
430,438,444
30,429,593
31,438,430
429,437,593
31,594,438
438,594,600
437,443,561
438,600,453
419,443,441
442,444,450
419,449,443
443,449,392
444,534,450
449,484,392
443,392,561
438,453,444
453,600,609
444,453,534
453,540,534
453,609,540
485,492,487
484,485,486
485,487,486
492,5094,493
487,492,493
487,493,643
493,5094,5096
493,5096,649
405,496,494
406,497,496
407,494,495
408,499,497
417,495,498
494,496,516
495,494,514
495,515,498
496,497,517
494,516,514
496,517,516
495,514,515
497,519,517
497,499,519
498,515,518
498,518,506
499,527,519
417,498,419
418,420,507
419,498,506
418,507,499
419,506,449
420,450,509
420,509,507
449,506,508
499,507,527
506,526,508
507,509,529
515,514,5110
514,516,5112
516,517,5113
515,5111,518
517,519,5115
506,518,526
515,5110,5111
514,5112,5110
516,5113,5112
518,5111,5114
517,5115,5113
518,5114,526
519,5117,5115
519,527,5117
526,5114,5116
507,529,527
508,526,528
526,5116,528
527,529,5139
527,5139,5117
528,5116,5138
528,5138,492
529,5170,5139
449,508,484
450,537,509
450,534,537
508,485,484
508,528,485
509,537,546
534,543,537
534,540,543
537,543,549
528,492,485
509,546,529
537,549,546
529,546,5170
492,5138,5094
546,5176,5170
543,678,549
546,549,5176
549,5332,5176
560,561,562
561,571,562
111,560,562
562,571,581
392,571,561
392,572,571
571,572,573
486,574,572
571,573,581
572,574,573
573,574,590
111,562,582
562,581,582
111,582,114
114,582,1852
582,583,1852
581,583,582
581,591,583
573,591,581
573,590,591
574,659,590
590,1862,591
590,659,592
590,592,1862
437,560,593
594,595,600
437,561,560
595,606,600
595,603,606
147,603,595
147,168,603
603,612,606
603,618,612
600,606,609
606,615,609
609,615,669
606,612,615
612,684,615
168,618,603
168,621,618
618,621,630
175,624,621
621,624,630
612,618,627
618,630,627
612,627,684
627,690,684
627,630,633
624,1896,630
630,1896,633
627,633,690
486,487,642
486,642,574
487,643,642
574,642,659
642,660,659
642,643,660
643,644,660
493,649,643
643,649,644
649,5096,5298
649,5298,650
644,649,650
650,5298,5300
659,660,661
660,662,661
644,662,660
644,668,662
592,659,661
661,662,1938
662,668,1939
644,650,668
650,667,668
650,5300,667
667,5300,5317
667,1951,668
668,1951,1939
667,1952,1951
667,5317,1952
1952,5317,6234
540,609,669
540,669,672
540,672,543
615,686,669
615,684,686
669,675,672
669,686,675
543,672,678
672,681,678
549,678,5332
678,5338,5332
672,675,681
678,681,5338
684,693,686
675,686,699
686,693,699
684,690,693
690,1994,693
675,696,681
675,699,696
681,696,5353
681,5353,5338
696,699,2004
693,2001,699
699,2001,2004
696,6290,5353
696,2004,6290
1076,1150,1170
1076,1170,1243
1076,1243,1242
1077,1081,1078
1078,1082,1090
1077,1089,1083
1077,1083,1081
1078,1081,1082
1084,1092,1090
1082,1084,1090
1083,1089,1105
1084,1106,1092
56,1089,1077
57,1077,1078
58,1091,1089
59,1078,1090
65,1090,1092
64,1093,1091
67,1092,1094
67,1094,1182
66,1181,1101
66,1101,1093
1094,1102,1182
1101,1181,1150
1089,1091,1105
1092,1106,1094
1091,1093,1125
1094,1126,1102
1091,1125,1105
1094,1106,1126
1093,1101,1127
1093,1127,1125
1102,1126,1128
1102,1128,1191
1101,1150,1076
1081,1111,1109
1082,1109,1110
1084,1110,1112
1083,1111,1081
1081,1109,1082
1082,1110,1084
1084,1112,1106
1083,1105,1117
1083,1117,1111
1106,1112,1118
1106,1118,1126
1105,1125,1119
1111,1279,1109
1109,1278,1110
1110,1280,1112
1111,1117,1282
1112,1281,1118
1105,1119,1117
1118,1120,1126
1119,1125,1136
1120,1128,1126
1125,1127,1136
1101,1076,1127
1128,1133,1191
1120,1137,1128
1127,1242,1136
1128,1137,1133
1133,1137,1298
1127,1076,1242
1133,1298,1209
1209,1298,1301
99,1149,1148
99,112,1149
1148,1149,1168
1148,1168,1150
1149,1169,1168
1149,1158,1169
112,1158,1149
112,1157,1158
114,1159,1157
1157,1178,1158
1157,1159,1178
1150,1168,1170
1168,1171,1170
1168,1169,1171
1170,1171,1368
1169,1379,1171
1158,1179,1169
1158,1178,1179
1159,1875,1178
1178,1180,1179
1178,1875,1180
1169,1179,1379
1179,1381,1379
1179,1180,1381
1181,1148,1150
1102,1183,1182
1183,1191,1188
171,1183,1188
1102,1191,1183
1188,1191,1203
1188,1203,1197
171,1188,1194
171,1194,175
175,1194,1890
1194,1200,1890
1188,1197,1194
1194,1197,1200
1197,1215,1200
1133,1203,1191
1133,1209,1203
1203,1209,1206
1197,1203,1206
1209,1301,1212
1206,1209,1212
1206,1212,1218
1197,1206,1215
1206,1218,1215
1215,1218,1910
1212,1413,1218
1218,1221,1910
1218,1413,1221
1242,1243,1245
1242,1245,1244
1244,1245,1275
1244,1275,1274
1245,1391,1275
1274,1277,1276
1274,1275,1277
1275,1393,1277
1109,1279,1278
1110,1278,1280
1111,1282,1279
1112,1280,1281
1118,1281,1283
1118,1283,1120
1117,1119,1290
1120,1291,1137
1119,1136,1292
1117,1290,1282
1120,1283,1291
1119,1292,1290
1137,1291,1293
1278,1310,1280
1279,1311,1278
1280,1312,1281
1281,1313,1283
1279,1282,1314
1278,1311,1310
1280,1310,1312
1279,1314,1311
1281,1312,1313
1283,1315,1291
1283,1313,1315
1282,1322,1314
1282,1290,1322
1291,1323,1293
1290,1292,1324
1137,1293,1298
1136,1242,1244
1136,1244,1292
1293,1304,1298
1298,1304,1301
1292,1244,1274
1293,1325,1304
1304,1350,1307
1301,1304,1307
1291,1315,1323
1311,1331,1310
1310,1330,1312
1312,1332,1313
1311,1314,1334
1313,1333,1315
1290,1324,1322
1293,1323,1325
1310,1331,1330
1312,1330,1332
1313,1332,1333
1311,1334,1331
1315,1333,1335
1315,1335,1323
1314,1322,1336
1314,1336,1334
1323,1335,1337
1323,1337,1325
1322,1324,1346
1325,1347,1350
1322,1346,1336
1325,1337,1347
1324,1276,1346
1292,1274,1324
1304,1325,1350
1307,1350,1353
1307,1353,1407
1324,1274,1276
1350,1356,1353
1347,1356,1350
1353,1359,1425
1353,1356,1359
1170,1368,1243
1243,1368,1369
1171,1380,1368
1171,1379,1380
1243,1369,1245
1368,1370,1369
1368,1380,1370
1379,1382,1380
1379,1381,1382
1370,1380,1401
1380,1382,1401
1381,2057,1382
1245,1369,1391
1369,1392,1391
1369,1370,1392
1275,1391,1393
1391,1394,1393
1391,1392,1394
1370,1401,1402
1370,1402,1392
1382,2098,1401
1401,2101,1402
1401,2098,2101
1392,1402,1403
1392,1403,1394
1402,2101,2102
1402,2102,1403
1212,1301,1404
1301,1307,1404
1212,1404,1413
1404,1415,1413
1307,1407,1404
1404,1407,1415
1407,1410,1415
1413,1415,1419
1415,1422,1419
1221,1413,1419
1419,1422,2122
1410,1422,1415
1410,1437,1422
1422,1437,2124
1353,1425,1407
1407,1425,1410
1410,1425,1428
1425,1431,1428
1359,1431,1425
1428,1431,1434
1410,1428,1437
1428,1440,1437
1437,2152,2124
1437,1440,2152
1440,2161,2152
1428,1434,1440
1434,1442,1440
1440,1442,2161
1442,2163,2161
114,1852,1159
583,591,1863
583,1853,1852
583,1863,1853
1159,1852,1874
1852,1853,1874
591,1862,1863
592,1865,1862
592,1940,1865
1862,1864,1863
1853,1863,1886
1863,1864,1886
1862,1865,1864
1159,1874,1875
1874,1877,1875
1853,1876,1874
1874,1876,1877
1180,1875,2055
1875,1877,2055
1853,1886,1876
1864,1865,1887
1864,1889,1886
1864,1887,1889
1876,1886,1888
1876,2076,1877
1876,1888,2076
1886,1889,1888
1887,2188,1889
175,1890,624
624,1890,1898
1200,1893,1890
1200,1215,1908
1200,1908,1893
1890,1893,1898
624,1898,1896
1896,1898,1904
633,1896,1998
1893,1902,1898
1898,1902,1904
1896,1904,1998
1215,1910,1908
1893,1908,1920
1908,1910,1914
1908,1914,1920
1221,1916,1910
1221,2119,1916
1910,1916,1914
1893,1920,1902
1902,2016,1904
1902,1920,1923
1902,1923,2016
1914,1927,1920
1914,1916,1925
1914,1925,1927
1920,1927,1923
1925,2189,1927
592,661,1940
661,1938,1940
662,1939,1938
1938,1975,1940
1865,1940,1974
1938,1939,1976
1938,1976,1975
1939,1953,1976
1939,1951,1953
1951,1952,1954
1952,6234,1955
1951,1954,1953
1952,1955,1954
1955,6234,6237
1865,1974,1887
1940,1975,1974
1974,1975,1981
1953,1979,1976
1975,1976,1978
1976,1979,1980
1976,1980,1978
1887,1974,1977
1974,1981,1977
1974,1981,1981
1887,1977,2188
1975,1978,1981
1953,1954,1989
1954,1990,1989
1954,1990,1990
1953,1989,1979
1954,1955,1990
1955,1991,1990
1955,6237,1991
6237,6260,1991
633,1992,690
633,1998,1992
690,1992,1994
693,1994,2001
1992,1998,2021
1904,2019,1998
1998,2019,2021
1992,2007,1994
1992,2021,2007
1994,2009,2001
2001,2013,2004
2004,6299,6290
1994,2007,2009
2001,2009,2013
2004,2013,6299
2013,6320,6299
1904,2016,2019
2016,2028,2019
2019,2028,2031
2019,2031,2021
2021,2031,2030
2021,2030,2040
1923,2034,2016
1923,1927,2025
2016,2034,2028
1923,2025,2034
2016,2034,2034
1927,2189,2025
2007,2021,2040
2007,2042,2009
2009,2042,2042
2007,2040,2042
2009,2046,2013
2009,2042,2046
2013,2046,6320
1180,2056,1381
1180,2055,2056
1877,2078,2055
2055,2079,2056
2055,2078,2079
1381,2056,2057
1382,2057,2098
2056,2099,2057
2056,2079,2099
1877,2076,2078
2076,2080,2078
1888,1889,2077
1888,2081,2076
1889,2188,2077
1888,2077,2081
2076,2081,2080
2076,2081,2081
2078,2080,2083
2078,2083,2079
2079,2083,2082
2079,2082,2115
2057,2100,2098
2057,2099,2100
2098,2100,2103
2098,2103,2101
2101,2104,2102
2101,2103,2104
2103,2118,2104
2079,2115,2099
2099,2116,2100
2100,2116,2116
2099,2115,2116
2100,2117,2103
2100,2116,2117
2103,2117,2118
1221,1419,2119
1419,2122,2119
1916,2119,2128
2119,2122,2134
1422,2124,2122
2122,2124,2136
2122,2136,2134
2124,2155,2136
1916,2128,1925
2119,2134,2128
2128,2134,2142
1925,2128,2131
1925,2131,2189
2128,2142,2131
2128,2142,2142
2134,2136,2140
2136,2155,2144
2136,2145,2140
2136,2144,2145
2134,2140,2142
2124,2152,2155
2152,2161,2157
2152,2157,2155
2161,2163,2167
2157,2161,2167
2163,2169,2167
2155,2157,2173
2155,2173,2144
2157,2175,2173
2157,2175,2175
2157,2167,2175
2167,2179,2175
2167,2169,2179
2169,2181,2179
5094,5095,5096
5095,5106,5097
5095,5097,5096
5096,5097,5298
5097,5108,5299
5097,5106,5108
5106,5107,5108
5107,5109,5108
5111,5110,5126
5110,5112,5128
5112,5113,5129
5111,5127,5114
5113,5115,5131
5115,5117,5143
5114,5130,5116
5115,5143,5131
5116,5130,5142
5111,5126,5127
5110,5128,5126
5112,5129,5128
5114,5127,5130
5113,5131,5129
5131,5143,5163
5116,5142,5138
5117,5139,5145
5117,5145,5143
5138,5142,5144
5138,5144,5094
5139,5173,5145
5142,5162,5144
5143,5145,5165
5127,5126,5150
5126,5128,5152
5127,5151,5130
5128,5129,5153
5126,5152,5150
5127,5150,5151
5128,5153,5152
5129,5155,5153
5129,5131,5155
5130,5154,5142
5131,5163,5155
5130,5151,5154
5151,5150,5227
5150,5152,5228
5151,5229,5154
5152,5153,5230
5153,5155,5236
5142,5154,5162
5143,5165,5163
5144,5162,5164
5154,5235,5162
5155,5163,5238
5155,5238,5236
5162,5235,5237
5162,5237,5164
5163,5165,5260
5163,5260,5238
5164,5237,5259
5139,5170,5173
5144,5095,5094
5170,5179,5173
5144,5164,5095
5145,5173,5182
5170,5176,5179
5176,5335,5179
5173,5179,5188
5179,5344,5188
5164,5106,5095
5145,5182,5165
5173,5188,5182
5164,5259,5106
5165,5185,5260
5165,5182,5185
5106,5259,5107
5182,5188,5191
5182,5191,5185
5107,5218,5109
5109,5218,5382
5218,5394,5382
5151,5227,5229
5152,5230,5228
5150,5228,5227
5154,5229,5235
5153,5236,5230
5229,5227,5247
5227,5228,5248
5228,5230,5250
5235,5243,5237
5236,5238,5264
5237,5263,5259
5229,5249,5235
5230,5236,5244
5235,5249,5243
5229,5247,5249
5228,5250,5248
5227,5248,5247
5230,5244,5250
5236,5264,5244
5237,5243,5263
5249,5247,5255
5247,5248,5256
5243,5249,5274
5244,5277,5250
5248,5250,5275
5250,5277,5275
5247,5256,5255
5248,5275,5256
5249,5255,5274
5238,5260,5266
5185,5271,5260
5107,5259,5265
5260,5271,5266
5238,5266,5264
5259,5263,5265
5107,5265,5218
5185,5191,5415
5185,5415,5271
5265,5286,5218
5266,5271,5427
5243,5276,5263
5244,5264,5279
5243,5274,5276
5244,5279,5277
5263,5276,5278
5263,5278,5265
5264,5266,5287
5265,5278,5286
5264,5287,5279
5255,5872,5274
5255,5256,5873
5274,5874,5276
5256,5275,5875
5275,5277,5881
5276,5880,5278
5277,5279,5883
5266,5427,5287
5218,5286,5394
5278,5882,5286
5279,5287,5431
5279,5431,5883
5286,5430,5394
5286,5882,5430
5097,5299,5298
5298,5299,5300
5108,5308,5299
5299,5308,5301
5299,5301,5300
5301,5308,5310
5108,5109,5308
5109,5309,5308
5109,5382,5309
5308,5309,5310
5309,5328,5310
5309,5384,5328
5328,5384,5329
5300,5301,5317
5301,5318,5317
5301,5310,5318
5310,5319,5318
5317,5318,6234
5318,6235,6234
5318,5319,6235
5319,6236,6235
5319,5330,6236
5310,5328,5319
5319,5328,5330
5328,5329,5330
5330,5331,6247
5329,5331,5330
5176,5332,5335
5332,5341,5335
5179,5335,5344
5335,5350,5344
5332,5338,5341
5335,5341,5350
5188,5344,5347
5188,5347,5191
5191,5347,5421
5344,5350,5362
5344,5362,5347
5347,5362,5364
5347,5364,5421
5338,5353,5355
5338,5355,5341
5341,5359,5350
5341,5355,5359
5353,6292,5355
5353,6290,6292
5355,6296,5359
5355,6292,6296
5359,6296,6311
5350,5368,5362
5350,5359,5368
5362,5368,5371
5362,5371,5364
5359,6311,5368
5364,5371,5443
5368,6313,5371
5309,5382,5384
5382,5394,5383
5382,5383,5384
5329,5384,5385
5383,5385,5384
5383,5394,5395
5383,5395,5396
5383,5396,5385
5385,5396,5412
5395,5904,5396
5396,5904,5925
5329,5385,5403
5329,5403,5331
5385,5412,5403
5403,5412,5405
5331,5403,5404
5403,5405,5404
5404,5405,6364
5405,5413,6364
5405,5412,5414
5396,5925,5412
5412,5925,5414
5405,5414,5413
5413,5414,5928
5191,5421,5415
5271,5415,5418
5271,5418,5427
5415,5424,5418
5415,5421,5424
5421,5440,5424
5418,5424,5449
5287,5427,5432
5418,5437,5427
5394,5430,5395
5287,5432,5431
5427,5437,5432
5418,5449,5437
5432,5437,5974
5364,5440,5421
5424,5446,5449
5424,5440,5446
5364,5443,5440
5440,5443,6398
5440,6398,5446
5437,5449,5455
5437,5455,5974
5446,5452,5449
5449,5452,5455
5455,5981,5974
5452,6410,5455
5455,6410,5981
5255,5873,5872
5256,5875,5873
5274,5872,5874
5275,5881,5875
5276,5874,5880
5277,5883,5881
5278,5880,5882
5880,5939,5882
5881,5883,5942
5430,5882,5941
5874,5890,5880
5873,5875,5891
5874,5872,5888
5872,5873,5889
5875,5881,5940
5874,5888,5890
5872,5889,5888
5873,5891,5889
5882,5939,5941
5881,5942,5940
5880,5890,5939
5875,5940,5891
5888,5889,5955
5904,5926,5925
5414,5925,5927
5925,5926,5927
5926,5938,5927
5414,5927,5928
5927,5929,5928
5927,5938,5929
5929,5938,6918
5431,5944,5883
5430,5941,5943
5430,5943,5395
5431,5432,5951
5431,5951,5944
5883,5944,5942
5940,5942,5965
5941,5964,5943
5395,5943,5904
5432,5974,5951
5943,5966,5904
5942,5944,5967
5943,5964,5966
5904,5966,5926
5944,5951,5977
5944,5977,5967
5890,5956,5939
5889,5891,5957
5939,5962,5941
5891,5940,5963
5890,5888,5954
5890,5954,5956
5888,5955,5954
5889,5957,5955
5941,5962,5964
5940,5965,5963
5939,5956,5962
5891,5963,5957
5942,5967,5965
5964,5991,5966
5956,6016,5962
5957,5963,5990
5956,5954,6018
5954,5955,6019
5955,5957,6017
5955,6017,6019
5962,5989,5964
5963,5965,5992
5962,6016,5989
5956,6018,6016
5957,5990,6017
5963,5992,5990
5951,5974,5980
5951,5980,5977
5974,5981,5980
5980,5981,6941
5977,5980,5986
5977,5986,6001
5980,6941,5986
5966,5993,5926
5965,5967,5994
5966,5991,5993
5926,5993,5938
5967,5977,6001
5967,6001,5994
5965,5994,5992
5964,5989,5991
5991,6026,5993
5994,6001,6953
5993,6954,5938
5992,5994,6955
5938,6954,6918
5994,6953,6955
5993,6026,6954
5954,6019,6018
5989,6016,6032
5990,6025,6017
6016,6018,6034
6017,6033,6019
6018,6019,6035
5989,6024,5991
5990,5992,6027
6018,6035,6034
6019,6033,6035
5989,6032,6024
6016,6034,6032
6017,6025,6033
5991,6024,6026
5990,6027,6025
5992,6955,6027
6025,6027,7018
6024,6032,7021
6033,7022,6035
6024,7019,6026
6025,7020,6033
6032,6034,7033
6034,6035,7034
6234,6235,6237
6235,6236,6238
6236,6247,6239
6235,6238,6237
6237,6238,6260
6236,6239,6238
6239,6247,6240
5330,6247,6236
5331,6248,6247
5331,5404,6248
5404,6249,6248
6240,6247,6248
6240,6248,6282
6248,6249,6282
6249,6283,6282
6249,6366,6283
6238,6261,6260
6238,6239,6261
6239,6262,6261
6239,6240,6262
6239,6262,6262
6240,6282,6263
6240,6263,6262
6282,6285,6263
6282,6286,6285
6282,6283,6286
6283,6287,6286
6283,6366,6284
6283,6284,6287
6284,6288,6287
6284,6288,6288
6383,6289,6288
6284,6383,6288
6383,6384,6289
6384,6443,6289
6290,6301,6292
6292,6305,6296
6296,6307,6311
6290,6299,6301
6292,6301,6305
6296,6305,6307
5368,6311,6313
5371,6317,5443
5371,6313,6317
6311,6332,6313
6307,6332,6311
6313,6332,6334
6313,6334,6317
6317,6338,6404
6299,6322,6301
6299,6320,6322
6301,6326,6305
6301,6322,6326
6305,6326,6326
6305,6326,6328
6305,6328,6307
6307,6328,6341
6307,6341,6332
6332,6341,6342
6332,6342,6345
6332,6345,6334
6317,6334,6338
6338,6419,6404
6334,6347,6338
6334,6345,6347
6338,6347,6347
6338,6347,6353
6338,6353,6419
6419,6353,6444
5404,6364,6249
5413,6365,6364
6364,6365,6366
6249,6364,6366
6365,6367,6366
6365,6373,6367
5413,6372,6365
5413,5928,6372
6365,6372,6373
6372,6907,6373
6373,6907,6394
6394,6907,6926
6284,6366,6367
6284,6367,6383
6367,6382,6383
6367,6373,6382
6382,6384,6383
6384,6385,6443
6382,6396,6384
6384,6396,6385
6385,6396,6397
6373,6394,6382
6382,6394,6396
6394,6395,6396
6394,6926,6395
6395,6397,6396
6395,6927,6397
6397,6927,6479
5443,6317,6404
5443,6404,6398
5446,6398,6400
6398,6404,6406
6398,6406,6400
6400,6406,6416
6400,6416,6413
5446,6400,5452
5452,6400,6413
5452,6413,6410
5981,6410,6944
6410,6413,6428
6410,6428,6944
6404,6419,6406
6406,6419,6421
6406,6421,6416
6413,6416,6434
6416,6421,6423
6419,6444,6421
6416,6423,6434
6423,6510,6434
6434,6510,6436
6413,6434,6428
6428,6434,6436
6428,6430,6944
6428,6436,6430
6430,6436,6531
6430,6531,6966
6385,6465,6443
6385,6466,6465
6466,6467,6465
6466,6467,6467
6385,6397,6466
6466,6471,6467
6466,6479,6471
6471,6468,6467
6471,6472,6468
6472,6470,6468
6472,6469,6470
6472,6502,6469
6397,6479,6466
6471,6479,6480
6479,6927,7088
6479,7088,6480
6471,6480,6472
6472,6480,6481
6472,6481,6502
6480,7091,6481
6502,6489,6469
6502,6503,6489
6503,6490,6489
6503,6490,6490
6503,6505,6490
6505,6491,6490
6505,14889,6491
14889,14871,6491
6502,6504,6503
6481,6504,6502
6503,6504,6506
6503,6506,6505
6505,14891,14889
6505,6506,14891
6421,6444,6507
6421,6507,6423
6423,6513,6510
6423,6507,6513
6510,6513,6513
6510,6513,6515
6436,6510,6525
6510,6515,6525
6525,6515,6518
6525,6518,6527
6527,6518,6517
6527,6517,6540
6436,6525,6531
6525,6527,6531
6527,6534,6531
6531,6534,6966
6534,7113,6966
6527,6549,6534
6534,6549,6536
6534,6536,7113
6536,6555,7122
6527,6540,6549
6549,6540,6542
6549,6542,6551
6551,6542,6542
6551,6542,6546
6551,6546,6558
6558,6546,14931
6536,6549,6551
6551,6558,6555
6536,6551,6555
6558,14931,14943
6558,14943,6561
6555,6558,6561
6561,14943,14949
5928,6906,6372
5928,5929,6906
6372,6906,6907
5929,6917,6906
6906,6908,6907
6907,6908,6926
6906,6917,6908
5929,6918,6917
6917,6918,6919
6908,6917,6938
6917,6919,6938
6395,6926,6928
6908,6937,6926
6926,6937,6928
6395,6928,6927
6927,6928,7089
6928,6939,7089
6908,6938,6937
6919,7006,6938
6937,6938,6940
6938,7006,6940
6928,6937,6939
6937,6940,6939
6939,6940,7154
5981,6944,6941
5986,6941,6947
5986,6947,6950
6941,6944,6963
6941,6963,6947
5986,6950,6001
6001,6950,6953
6918,6954,7029
6953,6960,6955
6947,6972,6950
6950,6972,6975
6950,6975,6953
6953,6975,6960
6918,7029,6919
6430,6963,6944
6430,6966,6963
6963,6966,6969
6947,6963,6969
6947,6969,6972
6966,7113,6969
6969,7116,6972
6969,7113,7116
6972,6978,6975
6960,6975,6981
6975,6978,6981
6972,7116,6978
6978,7125,6981
6940,7006,7155
6940,7155,7154
6027,6955,7030
6026,7017,6954
6955,6960,7030
6954,7017,7029
6027,7030,7018
6026,7019,7017
6025,7018,7020
6032,7033,7021
6024,7021,7019
6033,7020,7022
6035,7022,7034
6034,7034,7033
6960,7045,7030
6919,7029,7048
7017,7050,7029
7017,7019,7060
7020,7061,7022
7018,7051,7020
7018,7030,7049
7029,7050,7048
7018,7049,7051
7017,7060,7050
7020,7051,7061
7022,7038,7034
7021,7033,7039
7033,7034,7040
7019,7021,7037
7021,7039,7037
7033,7040,7039
7034,7038,7040
7019,7037,7060
7022,7061,7038
6919,7048,7006
7030,7045,7049
6960,6981,7045
7049,7057,7051
7048,7050,7066
6981,7184,7045
7045,7187,7049
7045,7184,7187
7006,7048,7056
7049,7187,7057
7048,7066,7056
7006,7056,7155
7037,7072,7060
7037,7039,7074
7039,7040,7075
7038,7073,7040
7051,7067,7061
7050,7060,7064
7038,7061,7065
7060,7072,7064
7038,7065,7073
7037,7074,7072
7039,7075,7074
7040,7073,7075
7051,7057,7067
7050,7064,7066
7061,7067,7065
7064,7072,7198
7065,7197,7073
7072,7074,7199
7074,7075,7201
7073,7200,7075
6927,7089,7088
6480,7088,7091
7088,7089,7090
7088,7090,7091
6481,7091,7105
7090,7099,7091
7091,7099,7105
6939,7098,7089
7089,7098,7090
6939,7154,7098
7098,7154,7156
7090,7098,7100
7090,7100,7099
7098,7156,7100
6481,7105,6504
6504,7106,6506
6504,7105,7106
7099,7111,7105
7105,7111,7106
6506,7106,15577
6506,15577,14891
7106,7111,15588
7106,15588,15577
7099,7112,7111
7099,7100,7112
7100,7172,7112
7111,15589,15588
7111,7112,15589
7112,15663,15589
7113,7122,7116
7116,7122,7118
6536,7122,7113
7118,7122,7134
7118,7134,7128
6978,7116,7118
6978,7118,7125
6981,7125,7184
7125,7131,7184
7118,7128,7125
7125,7128,7131
7131,7190,7184
6555,7134,7122
6555,6561,7134
6561,7137,7134
7128,7134,7137
7128,7137,7140
6561,14949,7137
7137,14949,15613
7137,15613,7140
7140,15613,15622
7128,7140,7131
7131,7143,7190
7131,7140,7143
7140,15622,7143
7143,15625,7216
7143,15622,15625
7154,7155,7157
7154,7157,7156
7156,7157,7173
7100,7156,7172
7156,7173,7172
7112,7172,15663
7172,15664,15663
7172,7173,15664
7184,7190,7187
7187,7190,7193
7057,7187,7193
7056,7208,7155
7155,7208,7157
7057,7193,7209
7190,7216,7193
7157,7208,7222
7193,7219,7209
7057,7209,7067
7056,7066,7210
7065,7067,7211
7064,7196,7066
7056,7210,7208
7067,7209,7211
7066,7196,7210
7065,7211,7197
7064,7198,7196
7072,7199,7198
7073,7197,7200
7074,7201,7199
7075,7200,7201
7209,7223,7211
7208,7210,7224
7197,7211,7225
7197,7231,7200
7196,7198,7232
7198,7199,7233
7200,7234,7201
7199,7201,7235
7196,7230,7210
7197,7225,7231
7196,7232,7230
7198,7233,7232
7200,7231,7234
7201,7234,7235
7199,7235,7233
7143,7216,7190
7193,7216,7219
7157,7222,7173
7209,7219,7223
7216,15709,7219
7216,15625,15709
7219,15712,7223
7219,15709,15712
7173,15721,15664
7208,7224,7222
7211,7223,7225
7210,7230,7224
7230,7232,15729
7231,15728,7234
7232,7233,15730
7234,15731,7235
7233,7235,15732
7173,7222,15721
7223,15722,7225
7222,7224,15725
7223,15712,15722
7222,15725,15721
7225,15722,15726
7225,15726,7231
7224,7230,15727
7231,15726,15728
7230,15729,15727
7234,15728,15731
7232,15730,15729
7235,15731,15732
7233,15732,15730
7224,15727,15725
1276,10127,10126
1276,1277,10127
1277,10212,10127
10126,10127,10147
10127,10226,10147
10126,10147,10146
10146,10147,10149
10146,10149,10148
1334,1336,10162
1331,10151,1330
1330,10150,1332
1332,10152,1333
1331,1334,10154
1333,10153,1335
1335,10155,1337
1334,10162,10154
1337,10155,10163
1337,10163,1347
1336,1346,10164
1347,10165,1356
1336,10164,10162
1347,10163,10165
1346,10126,10164
1330,10151,10150
1332,10150,10152
1333,10152,10153
1331,10154,10151
1335,10153,10155
10154,10162,10176
10163,10177,10165
10162,10164,10178
1346,1276,10126
1356,10170,1359
1356,10165,10170
1359,10173,1431
1359,10170,10173
10164,10126,10146
10165,10179,10170
10170,10196,10173
10173,10199,10241
10150,10184,10152
10152,10186,10153
10151,10185,10150
10153,10187,10155
10151,10154,10188
10155,10189,10163
10154,10176,10188
10152,10184,10186
10150,10185,10184
10151,10188,10185
10153,10186,10187
10155,10187,10189
10163,10189,10177
10162,10178,10176
10165,10177,10179
10186,10308,10187
10184,10307,10186
10185,10309,10184
10187,10310,10189
10185,10188,10317
10176,10315,10188
10177,10189,10318
10177,10316,10179
10176,10178,10327
10188,10315,10317
10177,10318,10316
10176,10327,10315
10179,10316,10328
10164,10146,10178
10170,10179,10196
10173,10196,10199
10179,10328,10196
10178,10146,10148
10178,10148,10327
10196,10328,10202
10196,10202,10199
10199,10202,10205
1277,1393,10212
1393,10213,10212
1393,1394,10213
10127,10212,10226
10212,10227,10226
10212,10213,10227
1394,1403,10218
1394,10218,10213
1403,2102,10806
1403,10806,10218
10213,10218,10219
10213,10219,10227
10218,10808,10219
10218,10806,10808
10219,10808,10827
10147,10226,10228
10226,10227,10238
10226,10238,10228
10147,10228,10149
10149,10228,10379
10228,10238,10239
10228,10239,10379
10219,10237,10227
10227,10237,10238
10219,10827,10237
10237,10240,10238
10238,10240,10239
10237,10828,10240
10239,10240,10389
1431,10241,1434
1431,10173,10241
1434,10241,10244
10241,10253,10244
10199,10253,10241
10244,10253,10256
1434,10244,1442
1442,10244,10247
1442,10247,2163
2163,10247,10856
10244,10256,10247
10247,10256,10250
10247,10250,10856
10250,10862,10856
10250,10262,10862
10199,10205,10253
10253,10259,10256
10256,10259,10265
10205,10259,10253
10205,10411,10259
10259,10414,10265
10265,10414,10267
10250,10256,10265
10250,10265,10262
10262,10271,10880
10262,10265,10267
10262,10267,10271
10148,10149,10378
10148,10378,10292
10184,10309,10307
10187,10308,10310
10186,10307,10308
10185,10317,10309
10189,10310,10318
10316,10318,10324
10315,10331,10317
10316,10332,10328
10309,10344,10307
10308,10343,10310
10307,10342,10308
10309,10317,10323
10310,10345,10318
10318,10345,10324
10317,10331,10323
10316,10324,10332
10307,10344,10342
10310,10343,10345
10308,10342,10343
10309,10323,10344
10148,10292,10327
10315,10327,10333
10327,10292,10333
10202,10328,10334
10202,10339,10205
10202,10334,10339
10205,10339,10411
10315,10333,10331
10328,10332,10334
10339,10432,10411
10333,10292,10399
10334,10355,10339
10324,10345,10359
10323,10360,10344
10343,10351,10345
10342,10350,10343
10344,10358,10342
10344,10360,10358
10342,10358,10350
10343,10350,10351
10345,10351,10359
10323,10331,10362
10324,10361,10332
10331,10333,10354
10332,10363,10334
10334,10363,10355
10332,10361,10363
10323,10362,10360
10324,10359,10361
10331,10354,10362
10333,10399,10354
10339,10355,10432
10350,11451,10351
10351,11452,10359
10358,10360,11461
10350,10358,11453
10359,11454,10361
10361,11462,10363
10360,10362,11459
10355,10363,11460
10354,10435,10362
10355,10436,10432
10362,10435,11459
10355,11460,10436
10149,10379,10378
10378,10379,10381
10379,10388,10381
10292,10378,10380
10378,10381,10380
10292,10380,10399
10380,10381,10408
10239,10388,10379
10239,10389,10388
10388,10389,10930
10381,10388,10390
10381,10390,10408
10388,10930,10390
10380,10401,10399
10380,10408,10401
10399,10401,10400
10400,10401,11494
10401,10408,10410
10390,10409,10408
10408,10409,10410
10401,10410,11494
10409,10949,10410
10410,11495,11494
10410,10949,11495
10259,10411,10414
10267,10414,10420
10411,10417,10414
10411,10432,10417
10414,10417,10420
10267,10423,10271
10267,10420,10423
10271,10423,10426
10420,10445,10423
10423,10445,10429
10423,10429,10426
10426,10429,10968
10429,10448,10968
10354,10399,10400
10417,10432,10437
10417,10437,10442
10417,10442,10420
10420,10442,10445
10354,10400,10435
10432,10436,10437
10437,11518,10442
10442,11518,11533
10429,10445,10451
10429,10451,10448
10442,11533,10445
10445,11533,10451
10448,10451,11536
2102,10807,10806
2102,2104,10807
10806,10807,10809
10806,10809,10808
10808,10810,10827
10808,10809,10810
2104,2118,10818
2104,10818,10807
10807,10818,10819
10807,10819,10809
10809,10819,10819
10809,10819,10820
10809,10820,10810
10810,10820,10850
10237,10827,10828
10810,10848,10827
10827,10848,10828
10828,10848,10849
10240,10828,10829
10240,10829,10389
10828,10849,10829
10829,10854,10928
10810,10850,10848
10848,10850,10851
10848,10851,10852
10848,10852,10849
10849,10852,10853
10829,10849,10854
10849,10853,10854
10854,10940,10928
10854,10853,10853
10854,10853,10855
10854,10855,10940
10940,10855,10916
2163,10856,2169
10856,10862,10859
2169,10856,10859
2169,10859,2181
10862,10880,10865
10859,10862,10865
10865,10880,10867
10859,10871,2181
10859,10865,10871
10865,10874,10871
10865,10874,10874
10865,10867,10874
10867,10876,10874
10867,10889,10876
10262,10880,10862
10271,10882,10880
10867,10880,10882
10867,10882,10889
10271,10426,10882
10426,10886,10882
10882,10886,10889
10886,10891,10889
10886,10962,10891
10889,10895,10876
10889,10896,10895
10889,10891,10896
10891,10899,10896
10891,10907,10899
10891,10962,10907
10907,10901,10899
10907,10901,10901
10974,10910,10901
10907,10974,10901
10974,10976,10910
10976,10917,10910
10389,10829,10928
10389,10928,10930
10928,10929,10930
10390,10930,10931
10929,10931,10930
10929,10943,10931
10931,10943,10948
10928,10940,10929
10929,10940,10941
10929,10941,10943
10940,10916,10941
10941,10942,10943
10943,10958,10948
10942,10958,10943
10942,11027,10958
10958,11027,10959
10390,10931,10409
10409,10931,10948
10409,10948,10949
10948,10960,10949
10949,11806,11495
10949,10960,11806
10948,10958,10960
10958,10959,10960
10959,11046,10961
10959,10961,10960
10960,10961,11806
10961,11046,11815
10426,10968,10886
10886,10968,10962
10962,10968,10970
10448,10970,10968
10962,10970,10964
10964,10970,10986
10907,10962,10964
10907,10964,10974
10964,10983,10974
10976,10978,10917
10974,10983,10976
10964,10986,10983
10976,10983,10992
10976,10992,10978
10978,10992,10994
10448,10989,10970
10970,10989,10986
10448,11536,10989
10986,10989,11843
10986,11843,10998
10998,11843,11849
10983,10986,10998
10983,10998,10992
10992,10998,11000
10992,11000,10994
10998,11849,11000
10994,11000,11852
10994,11852,11097
10941,10916,11022
10941,11022,10942
10942,11023,11027
10942,11022,11023
11027,11023,11023
11027,11023,11024
11027,11024,11028
10959,11027,11028
11028,11024,11026
11028,11026,11029
11029,11026,11025
11029,11025,11037
11059,11037,11038
11029,11037,11059
11060,11038,11038
11059,11038,11060
11060,11038,11039
11060,11039,11061
11061,11039,15007
10959,11028,11046
11028,11029,11046
11029,11047,11046
11029,11059,11047
11047,11059,11048
11046,11047,11815
11047,11891,11815
11047,11048,11891
11048,11062,11892
11048,11059,11060
11060,11061,11062
11061,15007,15051
11061,15051,11063
11048,11060,11062
11061,11063,11062
11063,15051,15055
10978,11064,10917
10978,11079,11064
11079,11067,11064
11079,11067,11067
11082,11069,11067
11079,11082,11067
10978,10994,11079
11079,11097,11082
11082,11084,11069
11084,11072,11069
11084,11071,11072
11084,11106,11071
11106,11088,11071
11106,11108,11088
11108,11090,11088
11108,11090,11090
11112,11094,11090
11108,11112,11090
15103,15067,11094
11112,15103,11094
10994,11097,11079
11082,11097,11100
11082,11100,11084
11084,11102,11106
11084,11100,11102
11097,11916,11100
11097,11852,11916
11100,11919,11102
11106,11115,11108
11108,11118,11112
11112,15115,15103
11102,11115,11106
11108,11115,11118
11112,11118,15115
10350,11453,11451
10351,11451,11452
10360,11459,11461
10361,11454,11462
10358,11461,11453
10359,11452,11454
10363,11462,11460
10436,11460,11524
11459,11523,11461
11460,11462,11526
11453,11469,11451
11454,11470,11462
11453,11461,11525
11452,11468,11454
11451,11467,11452
11460,11526,11524
11461,11523,11525
11451,11469,11467
11452,11467,11468
11454,11468,11470
11453,11525,11469
11462,11470,11526
11467,11562,11468
10400,11494,11483
11483,11494,11496
11494,11495,11496
11495,11805,11496
11483,11496,11497
11496,11498,11497
11496,11805,11498
11497,11498,11517
10435,11521,11459
10435,10400,11483
10436,11522,10437
10436,11524,11522
10435,11483,11521
10437,11522,11518
11459,11521,11523
11523,11550,11525
11522,11524,11551
11518,11522,11549
11483,11497,11521
11518,11549,11542
11521,11548,11523
11522,11551,11549
11521,11497,11548
10451,11533,11538
11518,11542,11533
11533,11542,11538
10451,11538,11536
11536,11538,11545
11538,11542,11568
11538,11568,11545
11524,11526,11553
11469,11560,11467
11470,11561,11526
11469,11525,11552
11525,11550,11552
11524,11553,11551
11468,11563,11470
11467,11560,11562
11470,11563,11561
11468,11562,11563
11469,11552,11560
11526,11561,11553
11523,11548,11550
11549,11551,11574
11552,11575,11560
11553,11561,11596
11550,11573,11552
11551,11553,11576
11560,11595,11562
11561,11563,11598
11562,11597,11563
11562,11595,11597
11553,11596,11576
11552,11573,11575
11560,11575,11595
11561,11598,11596
11542,11549,11572
11497,11517,11548
11542,11572,11568
11548,11571,11550
11549,11574,11572
11548,11517,11571
11517,11826,11571
11545,11568,11861
11550,11571,11573
11551,11576,11574
11572,11574,11604
11568,11572,11863
11571,11826,11862
11568,11863,11861
11571,11862,11573
11572,11604,11863
11563,11597,11598
11575,11605,11595
11576,11596,11612
11574,11576,11606
11573,11603,11575
11595,11611,11597
11596,11598,11614
11597,11613,11598
11576,11612,11606
11597,11611,11613
11598,11613,11614
11595,11605,11611
11596,11614,11612
11573,11862,11603
11575,11603,11605
11574,11606,11604
11603,11986,11605
11605,11988,11611
11604,11606,11989
11611,11990,11613
11606,11612,11991
11612,11614,12014
11613,12013,11614
11495,11806,11805
11805,11806,11814
11498,11805,11807
11498,11807,11825
11805,11814,11807
10961,11814,11806
10961,11815,11814
11814,11815,11816
11815,11891,11816
11807,11814,11816
11807,11816,11836
11816,11891,11893
11816,11893,11836
11498,11825,11517
11517,11825,11826
11807,11836,11825
11825,11836,11838
11825,11838,11826
11826,11838,11827
11836,11837,11838
11836,11893,11837
11837,11839,11838
11827,11838,11839
11837,11908,11839
10989,11536,11840
10989,11840,11843
11536,11545,11840
11840,11846,11843
11843,11846,11849
11545,11858,11840
11840,11858,11846
11000,11849,11855
11000,11855,11852
11852,11855,11922
11849,11871,11855
11846,11871,11849
11855,11874,11922
11545,11861,11858
11846,11858,11877
11858,11861,11868
11826,11827,11862
11861,11863,11983
11858,11868,11877
11861,11983,11868
11846,11877,11871
11855,11871,11874
11871,11880,11874
11871,11877,11880
11868,11998,11877
11877,11998,11880
11874,11880,12083
11891,11892,11893
11048,11892,11891
11892,11894,11893
11892,11899,11894
11894,11899,11907
11062,11899,11892
11062,11063,11899
11063,11900,11899
11063,15055,11900
11900,15055,16382
11899,11900,11907
11900,11914,11907
11900,16382,11914
11914,16382,16404
11837,11893,11894
11837,11894,11908
11894,11907,11908
11907,11909,11908
11839,11908,12053
11908,11909,12053
11909,12054,12053
11907,11914,11909
11914,16404,11915
11909,11914,11915
11909,11915,12054
11915,16404,16406
11915,16406,12061
11100,11916,11919
11852,11922,11916
11102,11919,11928
11916,11922,11924
11916,11924,11919
11919,11934,11928
11919,11924,11934
11102,11928,11115
11115,11931,11118
11115,11928,11931
11118,16420,15115
11118,11931,16420
11928,11943,11931
11928,11934,11943
11931,11943,16438
11931,16438,16420
11874,11937,11922
11922,11937,11924
11924,11937,11940
11924,11940,11934
11874,12083,11937
11937,12083,12086
11937,12086,11940
11934,11946,11943
11943,16444,16438
11934,11940,11946
11940,12095,11946
11943,11946,16444
11946,16597,16444
11827,11839,11965
11839,12053,11965
11965,12053,12055
11603,11862,11982
11862,11827,11982
11604,11987,11863
11863,11987,11983
11603,11982,11986
11827,11965,11982
11868,11983,12002
11604,11989,11987
11605,11986,11988
11611,11988,11990
11606,11991,11989
11612,12014,11991
11613,11990,12013
11614,12013,12014
11983,11987,12004
11982,12001,11986
11986,12001,12003
11983,12004,12002
11986,12003,11988
11988,12025,11990
11987,11989,12026
11988,12003,12025
11987,12026,12004
11982,11965,12001
11868,12002,11998
11880,11998,12089
11880,12089,12083
11965,12055,12001
12001,12009,12003
12002,12004,12030
12001,12055,12009
11998,12002,12010
11998,12010,12089
12002,12030,12010
11990,12017,12013
11991,12014,12020
12013,12019,12014
11989,11991,12018
11991,12020,12018
11989,12018,12026
11990,12025,12017
12013,12017,12019
12014,12019,12020
12003,12029,12025
12004,12026,12032
12018,12038,12026
12017,12037,12019
12019,12039,12020
12018,12020,12040
12017,12025,12031
12017,12031,12037
12026,12038,12032
12003,12009,12029
12004,12032,12030
12025,12029,12031
12019,12037,12039
12018,12040,12038
12020,12039,12040
12031,12109,12037
12032,12038,12113
12037,12111,12039
12039,12112,12040
12038,12040,12114
12053,12054,12055
12054,12056,12055
12054,12061,12056
11915,12061,12054
12061,16406,16551
12061,16551,12062
12056,12061,12062
12062,16551,16553
12083,12089,12092
12083,12092,12086
12009,12055,12056
12089,12102,12092
12010,12102,12089
12009,12056,12101
12086,12092,12098
12056,12062,12101
12092,12102,12122
11940,12086,12095
12086,12098,12095
11946,12095,16597
12095,16603,16597
12062,12121,12101
12092,12122,12098
12095,12098,16603
12062,16553,12121
12098,16622,16603
12009,12101,12029
12010,12030,12104
12010,12104,12102
12029,12101,12103
12029,12103,12031
12030,12032,12110
12031,12103,12109
12030,12110,12104
12101,12121,12103
12102,12104,12124
12103,12123,12109
12032,12113,12110
12037,12109,12111
12038,12114,12113
12039,12111,12112
12040,12112,12114
12109,12129,12111
12104,12110,12130
12109,12123,12129
12110,12133,12130
12111,12131,12112
12110,12113,12133
12113,12114,12134
12112,12132,12114
12111,12129,12131
12113,12134,12133
12112,12131,12132
12114,12132,12134
12102,12124,12122
12103,12121,12123
12098,12122,16622
12121,16553,16621
12121,16621,12123
12122,12124,16634
12122,16634,16622
12123,16621,16633
12104,12130,12124
12129,16635,12131
12130,12133,16639
12131,16637,12132
12133,12134,16640
12132,16638,12134
12123,16633,12129
12124,12130,16636
12129,16633,16635
12124,16636,16634
12131,16635,16637
12130,16639,16636
12132,16637,16638
12133,16640,16639
12134,16638,16640
14890,14872,14871
14893,14873,14872
14890,14893,14872
14894,14874,14873
14893,14873,14873
14893,14894,14873
14894,14918,14874
14889,14890,14871
14889,14892,14890
14889,14891,14892
14890,14892,14895
14890,14895,14893
14893,14928,14894
14893,14895,14928
14918,14914,14874
14918,14915,14914
14918,14919,14915
14919,14917,14915
14921,14916,14916
14921,14916,14917
15142,14920,14916
15141,14857,14920
14921,15142,14916
15141,14920,15142
14919,14921,14917
14919,15153,14921
14894,14929,14918
14894,14928,14929
14895,15600,14928
14928,15601,14929
14918,14930,14919
14918,14929,14930
14919,14930,15153
14929,15799,14930
14929,15601,15799
14943,14931,14933
14943,14933,14945
14945,14933,14937
14945,14937,14955
14955,14937,14937
14955,14937,14939
14957,14939,14964
14955,14939,14957
14943,14945,14949
14945,14955,14951
14945,14951,14949
14955,14957,14961
14951,14955,14961
14957,14988,14961
14978,14970,14968
14976,14964,14965
14976,14965,14970
14957,14964,14976
14976,14970,14978
14985,14968,14968
14985,14968,14982
15177,14982,14858
14985,14982,15177
14978,14968,14985
14978,14985,14994
14985,15177,15187
14957,14976,14988
14976,14978,14990
14976,14990,14988
14988,14990,15634
14978,14994,14990
14985,15187,14994
14990,14994,15637
14994,15834,15637
15051,15007,15008
15051,15008,15052
15052,15008,15009
15052,15009,15053
15054,15010,15030
15053,15009,15009
15053,15009,15010
15053,15010,15054
15035,15032,15029
15143,15033,14857
15036,15029,15029
15036,15029,15033
15036,15033,15143
15034,15031,15032
15034,15030,15031
15034,15032,15035
15034,15054,15030
15035,15029,15036
15035,15036,15064
15036,15143,15165
15051,15052,15055
15052,15053,15056
15053,15054,15057
15052,15056,15055
15053,15057,15056
15054,15065,15057
15034,15065,15054
15034,15035,15066
15034,15066,15065
15036,15165,15064
15035,15064,15066
15065,15066,16392
15064,16393,15066
15064,16465,16393
15105,15069,15067
15109,15073,15069
15105,15109,15069
15111,15075,15073
15109,15073,15073
15109,15111,15073
15094,15075,15111
15175,14858,15091
15100,15079,15079
15179,15091,15079
15100,15079,15085
15175,15091,15179
15100,15179,15079
15094,15081,15075
15094,15082,15081
15094,15096,15082
15096,15085,15082
15096,15100,15085
15096,15199,15100
15103,15105,15067
15103,15117,15105
15105,15121,15109
15109,15127,15111
15103,15115,15117
15105,15117,15121
15109,15121,15127
15094,15111,15129
15111,15127,15129
15094,15124,15096
15096,15124,15199
15094,15129,15124
15121,16426,15127
15127,16429,15129
15124,15129,16500
15129,16429,16500
15141,15143,14857
15141,15142,15144
14921,15154,15142
14921,15153,15154
15142,15154,15144
15141,15166,15143
15141,15144,15166
15143,15166,15165
15144,15154,15173
14930,15155,15153
14930,15799,15155
15153,15156,15154
15154,15156,15173
15153,15155,15156
15155,15820,15156
15165,15166,15168
15144,15167,15166
15144,15173,15167
15166,15167,15168
15064,15165,16465
15165,15168,16465
15167,16466,15168
15156,15174,15173
15156,15820,15174
15167,15173,16474
15173,15174,16474
15167,16474,16466
15174,15820,17189
15175,15177,14858
15175,15179,15184
15175,15189,15177
15177,15189,15187
15175,15184,15189
15100,15201,15179
15179,15201,15184
15100,15199,15201
15184,15201,15211
15187,15189,15193
14994,15187,15834
15187,15193,15834
15184,15195,15189
15189,15195,15193
15184,15211,15195
15193,15195,15840
15124,15207,15199
15199,15205,15201
15201,15205,15211
15124,16500,15207
15199,15207,15205
15205,15207,16509
15205,15214,15211
15195,15211,15855
15195,15855,15840
15211,15214,15855
15205,16509,15214
15214,16509,17222
14891,15577,15578
14891,15578,14892
15577,15588,15590
15577,15590,15578
14892,15579,14895
14892,15578,15579
14895,15579,15600
15578,15590,15610
15578,15610,15579
15588,15591,15590
15588,15589,15591
15589,15665,15591
15590,15611,15610
15590,15591,15611
15591,15695,15611
14928,15600,15601
15579,15602,15600
15579,15610,15602
15600,15603,15601
15600,15602,15603
15602,15610,15612
15610,15611,15612
15611,15695,15697
15602,15810,15603
15602,15612,15810
15611,15697,15612
15612,15697,15811
14949,14951,15613
14951,15615,15613
15613,15615,15622
15615,15628,15622
14951,14961,15615
14961,15619,15615
14961,14988,15619
15615,15619,15628
15619,15646,15628
15622,15628,15625
15625,15631,15709
15625,15628,15631
15628,15646,15631
15631,15646,15649
15631,15649,15715
14988,15634,15619
15619,15634,15646
15634,15640,15646
14990,15637,15634
15637,15834,15642
15634,15637,15640
15637,15642,15640
15640,15649,15646
15640,15652,15649
15649,15652,15761
15640,15642,15652
15642,15843,15652
15652,15767,15761
15652,15843,15767
15589,15663,15665
15663,15666,15665
15663,15664,15666
15591,15665,15695
15665,15666,15696
15665,15696,15695
15695,15696,15698
15695,15698,15697
15709,15715,15712
15631,15715,15709
15712,15718,15722
15712,15715,15718
15664,15741,15666
15649,15761,15715
15715,15761,15718
15666,15741,15773
15718,15764,15742
15664,15721,15741
15722,15742,15726
15721,15725,15743
15718,15742,15722
15721,15743,15741
15726,15742,15744
15726,15744,15728
15725,15727,15749
15725,15749,15743
15728,15744,15750
15727,15729,15751
15728,15750,15731
15729,15730,15752
15731,15753,15732
15730,15732,15754
15742,15774,15744
15741,15743,15775
15727,15751,15749
15731,15750,15753
15729,15752,15751
15732,15753,15754
15730,15754,15752
15744,15776,15750
15761,15767,15764
15718,15761,15764
15666,15773,15696
15742,15764,15774
15764,15767,15770
15764,15770,15774
15696,15773,15910
15696,15910,15698
15770,15911,15774
15741,15775,15773
15744,15774,15776
15743,15781,15775
15743,15749,15781
15750,15782,15753
15750,15776,15782
15749,15751,15783
15753,15785,15754
15751,15752,15784
15752,15754,15786
15749,15783,15781
15751,15784,15783
15753,15782,15785
15754,15785,15786
15752,15786,15784
15774,15911,15776
15773,15775,15925
15775,15781,15927
15776,15926,15782
15773,15925,15910
15776,15911,15926
15775,15927,15925
15782,15926,15928
15782,15928,15785
15781,15783,15933
15785,15934,15786
15783,15784,15935
15784,15786,15936
15601,15800,15799
15601,15603,15800
15603,15812,15800
15155,15799,15801
15799,15800,15801
15155,15801,15820
15800,15821,15801
15800,15812,15821
15603,15810,15812
15612,15811,15810
15810,15813,15812
15810,15811,15813
15811,15831,15813
15801,15822,15820
15801,15821,15822
15820,15822,17189
15821,17191,15822
15821,15832,17191
15812,15832,15821
15812,15813,15832
15813,15831,15833
15813,15833,15832
15832,17202,17191
15832,15833,17202
15642,15834,15837
15193,15837,15834
15642,15837,15843
15193,15840,15837
15837,15840,15849
15840,15858,15849
15837,15849,15843
15843,15849,15846
15767,15843,15846
15849,15858,15852
15846,15849,15852
15846,15852,15914
15852,15864,15914
15840,15855,15858
15855,15861,15858
15858,15861,15867
15214,15861,15855
15214,17222,15861
15861,17222,17228
15861,17228,15867
15852,15858,15867
15852,15867,15864
15864,15870,15946
15867,17228,15870
15864,15867,15870
15831,15871,15833
15870,15872,15946
15697,15698,15885
15697,15885,15811
15811,15885,15831
15767,15846,15770
15770,15846,15914
15698,15917,15885
15770,15914,15911
15698,15910,15917
15911,15914,15918
15911,15918,15926
15885,15917,15945
15864,15918,15914
15910,15919,15917
15918,15920,15926
15910,15925,15919
15920,15928,15926
15925,15927,15941
15781,15933,15927
15785,15928,15934
15783,15935,15933
15786,15934,15936
15784,15936,15935
15919,15925,15941
15920,15942,15928
15927,15933,15961
15928,15942,15934
15927,15961,15941
15934,15942,15962
15933,15963,15961
15936,15962,15964
15935,15964,15963
15933,15935,15963
15934,15962,15936
15935,15936,15964
15831,15885,15945
15864,15946,15918
15917,15919,15949
15918,15946,15920
15917,15949,15945
15919,15941,15951
15920,15950,15942
15920,15946,15950
15919,15951,15949
15941,15953,15951
15942,15950,15952
15831,15945,15871
15872,15950,15946
15945,15949,17299
15871,15945,17299
15872,17300,15950
15950,17300,15952
15949,15951,17301
15951,15953,17307
15952,17302,15954
15954,17308,15970
15953,15969,17309
15969,15970,17310
15942,15952,15962
15941,15961,15953
15954,15964,15962
15952,15954,15962
15961,15963,15969
15963,15964,15970
15953,15961,15969
15954,15970,15964
15963,15970,15969
15055,15056,16382
15056,16383,16382
15056,15057,16383
15057,15065,16381
15057,16381,16383
16382,16383,16404
16383,16405,16404
16381,16405,16383
16381,16414,16405
15065,16392,16381
15066,16393,16392
16393,16465,16395
16381,16392,16414
16392,16394,16414
16392,16393,16394
16393,16395,16394
16404,16405,16406
16405,16414,16407
16405,16407,16406
16406,16407,16551
16407,16414,16415
16407,16415,16552
16394,16415,16414
16394,16416,16415
16394,16395,16416
16395,16485,16416
16415,16416,16563
16416,16485,16564
16416,16564,16563
15115,16422,15117
15115,16420,16422
15117,16417,15121
15121,16417,16426
15117,16422,16417
16420,16438,16441
16420,16441,16422
16417,16422,16450
16422,16441,16450
15127,16426,16429
16426,16434,16429
16417,16432,16426
16417,16450,16432
16426,16432,16434
16438,16447,16441
16441,16453,16450
16438,16444,16447
16444,16600,16447
16441,16447,16453
16447,16609,16453
16432,16450,16456
16450,16453,16456
16432,16518,16434
16432,16456,16518
16453,16609,16612
16453,16612,16456
16456,16612,16524
15168,16467,16465
16395,16465,16467
15168,16466,16467
16395,16467,16485
16466,16486,16467
16466,16476,16486
16466,16474,16476
16474,16475,16476
15174,16475,16474
15174,17189,16475
16475,17189,17192
16475,16497,16476
16475,17192,16497
16467,16486,16485
16485,16486,16487
16476,16488,16486
16485,16487,16564
16486,16488,16487
16487,16488,16689
16488,16498,16689
16476,16497,16488
16497,17192,16499
16488,16497,16498
16497,16499,16498
16429,16506,16500
15207,16500,16503
15207,16503,16509
16500,16506,16503
16429,16434,16506
16434,16521,16506
16503,16506,16515
16506,16521,16515
16503,16512,16509
16509,16512,17222
16503,16515,16512
16512,16515,17231
16515,16530,17231
16434,16518,16521
16518,16527,16521
16456,16524,16518
16518,16524,16527
16524,16533,16527
16515,16521,16530
16521,16527,16530
16530,17252,17231
16530,16536,17252
16527,16536,16530
16527,16533,16536
16498,16499,16729
16499,16537,16729
16533,16538,16536
16407,16552,16551
16551,16552,16553
16415,16563,16552
16552,16563,16554
16552,16554,16553
16563,16564,16565
16564,16566,16565
16554,16563,16565
16444,16597,16600
16597,16606,16600
16447,16600,16609
16597,16603,16606
16553,16554,16621
16603,16626,16606
16600,16606,16615
16554,16565,16625
16606,16626,16662
16600,16615,16609
16609,16618,16612
16609,16615,16618
16565,16661,16625
16606,16662,16615
16565,16566,16661
16615,16718,16618
16615,16662,16718
16566,16717,16661
16603,16622,16626
16554,16625,16621
16621,16625,16633
16622,16634,16628
16622,16628,16626
16625,16627,16633
16625,16661,16627
16626,16628,16664
16627,16635,16633
16628,16634,16650
16634,16636,16650
16627,16649,16635
16635,16649,16637
16636,16639,16653
16637,16651,16638
16639,16640,16654
16638,16652,16640
16627,16663,16649
16637,16649,16651
16636,16653,16650
16638,16651,16652
16639,16654,16653
16640,16652,16654
16626,16664,16662
16627,16661,16663
16628,16670,16664
16661,16717,16663
16662,16664,16746
16662,16746,16718
16663,16717,16745
16663,16745,16669
16664,16670,16748
16664,16748,16746
16669,16745,16747
16628,16650,16670
16649,16663,16669
16649,16669,16651
16650,16673,16670
16651,16671,16652
16650,16653,16673
16653,16654,16674
16652,16672,16654
16651,16669,16671
16652,16671,16672
16653,16674,16673
16654,16672,16674
16669,16747,16671
16671,16757,16672
16670,16673,16758
16673,16674,16760
16672,16759,16674
16487,16566,16564
16487,16689,16566
16524,16612,16714
16612,16618,16714
16618,16722,16714
16524,16714,16533
16498,16721,16689
16714,16722,16730
16566,16689,16717
16689,16721,16717
16618,16718,16722
16717,16721,16745
16718,16724,16722
16721,16723,16745
16533,16714,16730
16498,16729,16721
16533,16730,16538
16538,16730,17336
16537,16733,16729
16730,16734,17336
16537,17335,16733
16722,16734,16730
16721,16729,16723
16722,16724,16734
16723,16729,16733
16723,16733,16753
16724,16754,16736
16724,16736,16734
16733,16735,16753
16736,16754,16738
16733,17335,16735
16734,16736,17338
16735,17337,16737
16737,17343,16773
16736,16738,17344
16738,16774,17346
16773,17345,16774
16718,16746,16724
16723,16747,16745
16746,16748,16754
16724,16746,16754
16723,16753,16747
16748,16766,16754
16747,16753,16757
16748,16758,16766
16753,16765,16757
16759,16765,16767
16758,16768,16766
16760,16767,16768
16671,16747,16757
16670,16758,16748
16672,16757,16759
16673,16760,16758
16674,16759,16760
16757,16765,16759
16758,16760,16768
16759,16767,16760
16735,16765,16753
16738,16754,16766
16735,16737,16765
16737,16767,16765
16766,16768,16774
16767,16773,16768
16738,16766,16774
16737,16773,16767
16768,16773,16774
15822,17190,17189
17189,17190,17192
15822,17191,17190
17190,17191,17193
17191,17202,17193
17190,17211,17192
17190,17193,17211
16499,17192,17211
17222,17224,17228
16512,17224,17222
17224,17237,17228
16512,17231,17224
17224,17231,17234
17231,17252,17234
17224,17234,17237
15833,17240,17202
15870,17228,17237
15833,15871,17240
15870,17237,15872
15872,17241,17300
15872,17237,17241
15871,17242,17240
17193,17202,17267
17234,17241,17237
17202,17240,17267
17234,17268,17241
17241,17268,17243
17240,17269,17267
17241,17243,17300
17240,17242,17269
17243,17270,17245
16536,17256,17252
17193,17255,17211
17234,17252,17268
17193,17267,17255
17252,17256,17268
17256,17270,17268
17255,17267,17257
16499,17211,16537
16536,16538,17256
16537,17211,17255
16537,17255,17335
16538,17258,17256
17256,17258,17270
17257,17269,17259
17255,17257,17335
17243,17268,17270
17257,17267,17269
17242,17271,17269
17245,17270,17272
17242,17244,17271
17245,17272,17316
17244,17315,17279
17280,17318,17316
17244,17279,17271
17272,17280,17316
17281,17315,17317
17279,17315,17281
17280,17282,17318
17281,17317,17282
17259,17269,17271
17258,17272,17270
17271,17279,17351
17260,17280,17272
17258,17260,17272
17259,17271,17351
17279,17353,17351
17260,17352,17280
17279,17281,17353
17280,17352,17282
17281,17282,17354
17282,17352,17354
15949,17301,17299
15871,17299,17242
17244,17299,17301
17243,17302,17300
15951,17307,17301
15952,17300,17302
15953,17309,17307
15954,17302,17308
15970,17308,17310
15969,17310,17309
17242,17299,17244
17243,17245,17302
17245,17308,17302
17301,17307,17315
17308,17316,17310
17307,17309,17317
17309,17310,17318
17244,17301,17315
17245,17316,17308
17307,17317,17315
17310,17316,17318
17309,17318,17317
17282,17317,17318
16538,17336,17258
17257,17337,17335
17260,17336,17338
16734,17338,17336
17258,17336,17260
17257,17259,17337
17259,17351,17343
17260,17338,17352
17259,17343,17337
17343,17351,17345
17338,17344,17352
17344,17346,17354
17345,17353,17346
17345,17351,17353
17344,17354,17352
17346,17353,17354
16735,17335,17337
16736,17344,17338
16737,17337,17343
16738,17346,17344
16773,17343,17345
16774,17345,17346
17281,17354,17353
16,119,17
24,25,396
24,395,26
26,431,32
25,27,432
32,433,34
27,33,434
16,24,18
16,17,25
17,19,27
16,25,24
17,27,25
18,24,26
19,33,27
26,32,141
18,26,141
19,142,33
32,143,141
35,142,144
33,35,436
32,34,143
33,142,35
35,144,597
52,53,120
52,60,53
53,61,55
52,54,62
54,156,68
55,63,157
52,62,60
53,60,61
54,68,62
55,61,63
63,69,157
69,159,157
70,156,158
60,1079,61
61,1080,63
60,62,1095
63,1096,69
62,68,1097
69,1098,71
68,156,70
70,158,1184
69,71,159
68,70,1099
17,120,19
16,121,119
17,119,120
19,120,122
16,18,121
19,122,142
18,141,129
130,144,142
18,129,121
122,130,142
129,141,131
130,132,144
52,120,119
53,122,120
54,119,121
52,119,54
121,129,156
55,130,122
54,121,156
53,55,122
55,157,130
129,158,156
129,131,158
130,157,132
131,143,133
132,159,134
34,145,143
131,141,143
132,146,144
144,146,597
34,596,145
145,596,148
148,596,598
146,599,597
133,143,145
132,134,146
134,149,146
133,145,166
145,148,166
134,167,149
148,598,169
146,149,599
131,160,158
132,157,159
71,161,159
131,133,160
134,159,161
134,161,167
133,163,160
133,166,163
161,164,167
158,160,1184
161,1185,164
71,1185,161
160,1186,1184
164,1185,1187
160,163,1186
164,1187,173
148,177,166
164,178,167
148,169,177
149,167,170
167,178,170
170,178,623
172,177,1195
163,166,172
164,173,178
166,177,172
169,176,177
177,176,1195
178,179,623
173,179,178
395,396,402
395,401,431
396,432,404
395,402,401
396,404,402
401,403,431
403,433,431
404,432,416
403,415,433
401,410,409
403,409,411
402,412,410
409,410,501
409,500,411
410,412,503
411,502,421
412,422,505
401,402,410
401,409,403
402,404,412
403,411,415
411,421,415
404,422,412
404,416,422
415,421,445
416,446,424
416,424,422
421,423,445
424,446,452
24,396,395
25,432,396
32,431,433
26,395,431
27,434,432
33,436,434
34,433,435
415,435,433
416,432,434
434,436,446
415,445,435
416,434,446
435,445,439
439,445,447
436,448,446
436,440,448
34,435,596
435,439,596
35,440,436
35,597,440
440,597,602
439,447,601
440,602,455
423,447,445
446,448,452
423,451,447
447,451,454
448,536,452
451,535,454
447,454,601
440,455,448
455,602,611
448,455,536
455,542,536
454,535,610
455,611,542
535,541,610
409,501,500
410,503,501
411,500,502
412,505,503
421,502,504
500,501,521
502,522,504
500,520,502
501,503,523
500,521,520
501,523,521
502,520,522
503,525,523
503,505,525
504,522,524
504,524,510
505,531,525
421,504,423
422,424,511
423,504,510
422,511,505
423,510,451
424,452,513
451,510,512
424,513,511
510,530,512
505,511,531
511,513,533
520,521,5119
520,5118,522
521,523,5121
522,5120,524
523,525,5123
510,524,530
520,5119,5118
521,5121,5119
522,5118,5120
524,5120,5122
523,5123,5121
524,5122,530
525,5125,5123
525,531,5125
530,5122,5124
511,533,531
512,530,532
530,5124,532
531,533,5141
532,5124,5140
531,5141,5125
532,5140,547
533,5172,5141
451,512,535
452,539,513
452,536,539
512,538,535
512,532,538
513,539,548
538,547,544
535,538,541
536,545,539
536,542,545
538,544,541
539,545,551
532,547,538
513,548,533
539,551,548
533,548,5172
547,5140,5171
547,5171,550
548,5178,5172
544,550,673
544,547,550
545,680,551
550,5177,679
548,551,5178
550,5171,5177
551,5334,5178
439,598,596
597,599,602
598,601,604
439,601,598
599,608,602
599,605,608
601,607,604
169,598,604
149,605,599
149,170,605
604,607,619
605,614,608
605,620,614
607,610,613
454,607,601
602,608,611
454,610,607
608,617,611
541,616,610
611,617,671
607,613,619
608,614,617
610,616,613
613,616,628
614,688,617
169,604,622
170,620,605
170,623,620
604,619,622
620,623,632
169,622,176
176,622,1891
622,625,1891
179,626,623
619,625,622
619,631,625
623,626,632
613,631,619
613,628,631
614,620,629
620,632,629
616,685,628
614,629,688
629,692,688
628,1897,631
629,632,635
626,1900,632
632,1900,635
628,685,634
628,634,1897
629,635,692
541,544,670
541,670,616
542,611,671
542,671,674
544,673,670
542,674,545
616,670,685
670,687,685
617,689,671
617,688,689
670,673,687
673,676,687
671,677,674
671,689,677
550,679,673
673,679,676
545,674,680
674,683,680
679,5177,5333
679,5333,682
551,680,5334
680,5340,5334
676,679,682
674,677,683
682,5333,5339
680,683,5340
685,687,691
687,694,691
688,695,689
676,694,687
676,700,694
677,689,701
689,695,701
634,685,691
691,694,1993
688,692,695
694,700,1995
692,1997,695
676,682,700
682,697,700
677,698,683
677,701,698
682,5339,697
697,5339,5354
683,698,5357
683,5357,5340
697,2002,700
700,2002,1995
697,2005,2002
698,701,2006
695,2003,701
701,2003,2006
697,5354,2005
2005,5354,6291
698,6294,5357
698,2006,6294
1079,1085,1080
1080,1086,1096
1079,1095,1087
1079,1087,1085
1080,1085,1086
1088,1098,1096
1086,1088,1096
1087,1095,1107
1088,1108,1098
61,1079,1080
60,1095,1079
62,1097,1095
63,1080,1096
69,1096,1098
68,1099,1097
71,1098,1100
71,1100,1185
70,1184,1103
70,1103,1099
1100,1104,1185
1103,1184,1192
1095,1097,1107
1098,1108,1100
1097,1099,1129
1100,1130,1104
1097,1129,1107
1100,1108,1130
1099,1103,1131
1099,1131,1129
1104,1130,1132
1104,1132,1193
1103,1192,1134
1086,1113,1114
1085,1115,1113
1088,1114,1116
1085,1113,1086
1086,1114,1088
1085,1087,1115
1088,1116,1108
1087,1107,1121
1087,1121,1115
1108,1116,1122
1108,1122,1130
1107,1129,1123
1113,1284,1114
1114,1285,1116
1113,1115,1286
1115,1121,1288
1116,1287,1122
1107,1123,1121
1123,1129,1138
1122,1124,1130
1129,1131,1138
1124,1132,1130
1103,1134,1131
1132,1135,1193
1134,1192,1210
1124,1139,1132
1131,1299,1138
1132,1139,1135
1139,1300,1135
1131,1134,1299
1134,1210,1302
1135,1300,1211
1134,1302,1299
1211,1300,1303
1184,1186,1192
1104,1187,1185
1187,1193,1190
163,1189,1186
173,1187,1190
163,172,1189
1104,1193,1187
1186,1189,1204
1186,1204,1192
1190,1193,1205
1189,1207,1204
1189,1198,1207
1190,1205,1199
172,1198,1189
172,1195,1198
173,1190,1196
176,1201,1195
173,1196,179
179,1196,1892
1196,1202,1892
1195,1216,1198
1190,1199,1196
1195,1201,1216
1196,1199,1202
1199,1217,1202
1204,1213,1210
1192,1204,1210
1135,1205,1193
1135,1211,1205
1205,1211,1208
1204,1207,1213
1199,1205,1208
1210,1213,1405
1211,1303,1214
1207,1414,1213
1208,1211,1214
1208,1214,1220
1198,1219,1207
1198,1216,1219
1199,1208,1217
1208,1220,1217
1201,1911,1216
1216,1222,1219
1216,1911,1222
1217,1220,1913
1207,1219,1414
1219,1420,1414
1214,1417,1220
1219,1222,1420
1220,1223,1913
1220,1417,1223
1114,1284,1285
1113,1286,1284
1115,1288,1286
1116,1285,1287
1122,1287,1289
1122,1289,1124
1121,1123,1294
1123,1138,1296
1124,1295,1139
1121,1294,1288
1124,1289,1295
1123,1296,1294
1139,1295,1297
1284,1316,1285
1284,1286,1318
1285,1317,1287
1287,1319,1289
1286,1288,1320
1285,1316,1317
1284,1318,1316
1286,1320,1318
1287,1317,1319
1289,1321,1295
1289,1319,1321
1288,1326,1320
1288,1294,1326
1295,1327,1297
1294,1296,1328
1139,1297,1300
1138,1299,1305
1138,1305,1296
1297,1306,1300
1299,1302,1308
1299,1308,1305
1300,1306,1303
1296,1305,1351
1297,1329,1306
1306,1352,1309
1303,1306,1309
1305,1308,1354
1295,1321,1327
1316,1338,1317
1317,1339,1319
1316,1318,1340
1318,1320,1342
1319,1341,1321
1294,1328,1326
1297,1327,1329
1317,1338,1339
1316,1340,1338
1319,1339,1341
1318,1342,1340
1321,1341,1343
1321,1343,1327
1320,1326,1344
1320,1344,1342
1327,1343,1345
1326,1328,1348
1327,1345,1329
1329,1349,1352
1326,1348,1344
1329,1345,1349
1328,1357,1348
1296,1351,1328
1306,1329,1352
1305,1354,1351
1308,1426,1354
1309,1352,1355
1309,1355,1409
1328,1351,1357
1352,1358,1355
1349,1358,1352
1351,1360,1357
1354,1432,1360
1351,1354,1360
1355,1361,1427
1355,1358,1361
1210,1405,1302
1302,1405,1408
1214,1303,1406
1303,1309,1406
1213,1416,1405
1213,1414,1416
1214,1406,1417
1406,1418,1417
1302,1408,1308
1309,1409,1406
1405,1411,1408
1405,1416,1411
1406,1409,1418
1409,1412,1418
1414,1423,1416
1417,1418,1421
1418,1424,1421
1414,1420,1423
1223,1417,1421
1421,1424,2126
1411,1416,1438
1416,1423,1438
1412,1424,1418
1412,1439,1424
1420,2125,1423
1424,1439,2127
1308,1408,1426
1408,1429,1426
1355,1427,1409
1409,1427,1412
1408,1411,1429
1412,1427,1430
1354,1426,1432
1426,1435,1432
1427,1433,1430
1361,1433,1427
1426,1429,1435
1430,1433,1436
1411,1438,1441
1411,1441,1429
1412,1430,1439
1430,1444,1439
1423,2153,1438
1438,2162,1441
1438,2153,2162
1439,2154,2127
1439,1444,2154
1444,2165,2154
1429,1441,1443
1429,1443,1435
1430,1436,1444
1436,1445,1444
1441,2162,2164
1441,2164,1443
1444,1445,2165
1445,2166,2165
176,1891,1201
179,1892,626
625,631,1899
625,1894,1891
625,1899,1894
626,1892,1901
1201,1891,1909
1202,1895,1892
1202,1217,1912
1202,1912,1895
1891,1894,1909
1892,1895,1901
631,1897,1899
626,1901,1900
1900,1901,1907
634,1905,1897
634,1999,1905
635,1900,2000
1897,1903,1899
1894,1899,1921
1899,1903,1921
1895,1906,1901
1901,1906,1907
1897,1905,1903
1900,1907,2000
1201,1909,1911
1909,1917,1911
1217,1913,1912
1894,1915,1909
1909,1915,1917
1895,1912,1922
1912,1913,1918
1912,1918,1922
1222,1911,2120
1223,1919,1913
1223,2121,1919
1911,1917,2120
1913,1919,1918
1894,1921,1915
1895,1922,1906
1903,1905,1924
1903,1928,1921
1903,1924,1928
1906,2018,1907
1906,1922,1929
1906,1929,2018
1915,1921,1926
1915,2129,1917
1915,1926,2129
1918,1931,1922
1918,1919,1930
1918,1930,1931
1921,1928,1926
1924,2190,1928
1922,1931,1929
1930,2191,1931
634,691,1999
691,1993,1999
635,1996,692
635,2000,1996
694,1995,1993
692,1996,1997
695,1997,2003
1993,2020,1999
1905,1999,2017
1996,2000,2024
1907,2023,2000
2000,2023,2024
1993,1995,2022
1993,2022,2020
1995,2008,2022
1996,2011,1997
1996,2024,2011
1995,2002,2008
2002,2005,2010
1997,2012,2003
2005,6291,2014
2003,2015,2006
2006,6303,6294
2002,2010,2008
1997,2011,2012
2003,2012,2015
2005,2014,2010
2014,6291,6300
2006,2015,6303
2015,6324,6303
1905,2017,1924
1999,2020,2017
2017,2020,2035
1907,2018,2023
2018,2036,2023
2008,2032,2022
2020,2022,2029
2022,2032,2033
2022,2033,2029
2023,2036,2038
2023,2038,2024
2024,2038,2037
2024,2037,2044
1924,2017,2026
2017,2035,2026
2017,2035,2035
1924,2026,2190
1929,2039,2018
1929,1931,2027
2018,2039,2036
1929,2027,2039
2018,2039,2039
1931,2191,2027
2020,2029,2035
2008,2010,2041
2010,2043,2041
2010,2043,2043
2008,2041,2032
2011,2024,2044
2011,2045,2012
2012,2045,2045
2011,2044,2045
2010,2014,2043
2014,2047,2043
2014,6300,2047
6300,6321,2047
2012,2048,2015
2012,2045,2048
2015,2048,6324
1222,2123,1420
1222,2120,2123
1223,1421,2121
1421,2126,2121
1917,2135,2120
2120,2137,2123
2120,2135,2137
1919,2121,2130
2121,2126,2138
1420,2123,2125
1423,2125,2153
1424,2127,2126
2123,2156,2125
2123,2137,2156
2126,2127,2139
2126,2139,2138
2127,2159,2139
1917,2129,2135
2129,2141,2135
1919,2130,1930
2121,2138,2130
2130,2138,2149
1926,1928,2132
1926,2143,2129
1928,2190,2132
1926,2132,2143
2129,2143,2141
2129,2143,2143
1930,2130,2133
1930,2133,2191
2130,2149,2133
2130,2149,2149
2135,2141,2147
2135,2147,2137
2137,2147,2146
2137,2146,2174
2138,2139,2148
2139,2159,2150
2139,2151,2148
2139,2150,2151
2138,2148,2149
2125,2158,2153
2127,2154,2159
2154,2165,2160
2125,2156,2158
2153,2158,2168
2154,2160,2159
2153,2168,2162
2162,2170,2164
2165,2166,2171
2162,2168,2170
2168,2182,2170
2160,2165,2171
2166,2172,2171
2137,2174,2156
2156,2176,2158
2158,2176,2176
2156,2174,2176
2159,2160,2177
2159,2177,2150
2160,2178,2177
2160,2178,2178
2158,2180,2168
2158,2176,2180
2168,2180,2182
2160,2171,2178
2171,2183,2178
2171,2172,2183
2172,2184,2183
5118,5119,5133
5118,5132,5120
5119,5121,5135
5120,5134,5122
5121,5123,5137
5123,5125,5147
5122,5136,5124
5123,5147,5137
5124,5136,5146
5118,5133,5132
5119,5135,5133
5120,5132,5134
5122,5134,5136
5121,5137,5135
5137,5147,5167
5124,5146,5140
5125,5141,5149
5140,5146,5148
5125,5149,5147
5140,5148,5171
5141,5175,5149
5146,5166,5148
5147,5149,5169
5132,5133,5157
5132,5156,5134
5134,5158,5136
5133,5135,5159
5132,5157,5156
5134,5156,5158
5133,5159,5157
5135,5161,5159
5135,5137,5161
5136,5160,5146
5137,5167,5161
5136,5158,5160
5156,5231,5158
5156,5157,5232
5158,5233,5160
5157,5159,5234
5159,5161,5240
5146,5160,5166
5147,5169,5167
5148,5166,5168
5160,5239,5166
5161,5167,5242
5161,5242,5240
5166,5239,5241
5166,5241,5168
5167,5169,5262
5168,5241,5261
5167,5262,5242
5141,5172,5175
5148,5174,5171
5171,5174,5177
5172,5181,5175
5148,5168,5174
5149,5175,5184
5174,5183,5180
5177,5180,5333
5172,5178,5181
5174,5180,5177
5178,5337,5181
5180,5189,5336
5175,5181,5190
5181,5346,5190
5168,5183,5174
5149,5184,5169
5175,5190,5184
5168,5261,5183
5169,5187,5262
5169,5184,5187
5183,5261,5186
5180,5183,5189
5184,5190,5193
5183,5186,5189
5186,5192,5189
5184,5193,5187
5157,5234,5232
5156,5232,5231
5158,5231,5233
5160,5233,5239
5159,5240,5234
5231,5232,5252
5231,5251,5233
5232,5234,5254
5239,5245,5241
5241,5267,5261
5240,5242,5268
5233,5253,5239
5234,5240,5246
5239,5253,5245
5232,5254,5252
5231,5252,5251
5233,5251,5253
5234,5246,5254
5240,5268,5246
5241,5245,5267
5251,5257,5253
5251,5252,5258
5245,5253,5280
5246,5283,5254
5252,5254,5281
5254,5283,5281
5251,5258,5257
5252,5281,5258
5253,5257,5280
5242,5262,5270
5187,5273,5262
5186,5261,5269
5262,5273,5270
5261,5267,5269
5242,5270,5268
5186,5272,5192
5186,5269,5272
5187,5193,5417
5192,5272,5416
5187,5417,5273
5269,5288,5272
5270,5273,5429
5272,5428,5416
5245,5282,5267
5246,5268,5285
5245,5280,5282
5246,5285,5283
5267,5282,5284
5267,5284,5269
5269,5284,5288
5268,5270,5289
5268,5289,5285
5257,5258,5877
5257,5876,5280
5280,5878,5282
5258,5281,5879
5281,5283,5885
5282,5884,5284
5283,5285,5887
5270,5429,5289
5272,5288,5428
5284,5886,5288
5285,5289,5434
5285,5434,5887
5288,5433,5428
5288,5886,5433
5180,5336,5333
5333,5336,5339
5178,5334,5337
5334,5343,5337
5189,5345,5336
5336,5345,5342
5181,5337,5346
5337,5352,5346
5336,5342,5339
5334,5340,5343
5342,5345,5351
5337,5343,5352
5189,5192,5345
5190,5346,5349
5192,5348,5345
5192,5416,5348
5190,5349,5193
5193,5349,5423
5345,5348,5351
5348,5363,5351
5346,5352,5366
5346,5366,5349
5348,5422,5363
5363,5422,5365
5349,5366,5367
5349,5367,5423
5339,5342,5354
5342,5356,5354
5340,5357,5358
5340,5358,5343
5342,5351,5356
5351,5360,5356
5343,5361,5352
5343,5358,5361
5354,5356,6291
5356,6293,6291
5357,6295,5358
5357,6294,6295
5356,5360,6293
5360,6297,6293
5360,5369,6297
5358,6298,5361
5358,6295,6298
5361,6298,6315
5351,5363,5360
5360,5363,5369
5352,5370,5366
5352,5361,5370
5363,5365,5369
5366,5370,5373
5366,5373,5367
5369,5372,6312
5361,6315,5370
5365,5372,5369
5367,5373,5445
5370,6316,5373
5348,5416,5422
5193,5423,5417
5416,5419,5422
5273,5417,5420
5416,5428,5419
5273,5420,5429
5417,5426,5420
5365,5422,5425
5417,5423,5426
5423,5442,5426
5419,5425,5422
5420,5426,5451
5289,5429,5436
5420,5439,5429
5419,5428,5435
5419,5435,5438
5428,5433,5435
5289,5436,5434
5429,5439,5436
5419,5438,5425
5425,5438,5450
5420,5451,5439
5435,5952,5438
5436,5439,5976
5438,5952,5975
5365,5425,5441
5365,5441,5372
5367,5442,5423
5425,5450,5441
5441,5450,5447
5426,5448,5451
5426,5442,5448
5372,5441,5444
5367,5445,5442
5442,5445,6402
5441,5447,5444
5444,5447,6399
5447,5453,6399
5442,6402,5448
5447,5450,5456
5439,5451,5457
5438,5975,5450
5450,5975,5456
5439,5457,5976
5447,5456,5453
5448,5454,5451
5451,5454,5457
5453,5456,5982
5457,5985,5976
5454,6412,5457
5457,6412,5985
5257,5877,5876
5258,5879,5877
5280,5876,5878
5281,5885,5879
5282,5878,5884
5283,5887,5885
5284,5884,5886
5884,5945,5886
5433,5886,5947
5885,5887,5948
5878,5894,5884
5877,5879,5895
5876,5892,5878
5876,5877,5893
5879,5885,5946
5876,5893,5892
5877,5895,5893
5878,5892,5894
5886,5945,5947
5885,5948,5946
5884,5894,5945
5879,5946,5895
5892,5893,5959
5434,5950,5887
5433,5947,5949
5433,5949,5435
5434,5436,5953
5434,5953,5950
5887,5950,5948
5947,5970,5949
5946,5948,5971
5435,5949,5952
5436,5976,5953
5949,5972,5952
5949,5970,5972
5948,5950,5973
5952,5972,5978
5950,5953,5979
5950,5979,5973
5894,5960,5945
5893,5895,5961
5945,5968,5947
5895,5946,5969
5892,5958,5894
5892,5959,5958
5893,5961,5959
5894,5958,5960
5947,5968,5970
5946,5971,5969
5945,5960,5968
5895,5969,5961
5948,5973,5971
5970,5997,5972
5960,6020,5968
5961,5969,5996
5958,6022,5960
5958,5959,6023
5959,5961,6021
5959,6021,6023
5968,5995,5970
5969,5971,5998
5968,6020,5995
5960,6022,6020
5961,5996,6021
5969,5998,5996
5456,5975,5983
5952,5978,5975
5953,5976,5984
5975,5978,5983
5953,5984,5979
5978,6002,5983
5456,5983,5982
5983,5987,5982
5976,5985,5984
5984,5985,6943
5979,5984,5988
5983,6002,5987
5979,5988,6003
5984,6943,5988
5972,5999,5978
5972,5997,5999
5971,5973,6000
5978,5999,6002
5973,5979,6003
5973,6003,6000
5970,5995,5997
5971,6000,5998
5997,6030,5999
5987,6002,6956
6000,6003,6957
5999,6958,6002
5998,6000,6959
6002,6958,6956
6000,6957,6959
5999,6030,6958
5958,6023,6022
5995,6020,6036
5996,6029,6021
6021,6037,6023
6020,6022,6038
6022,6023,6039
5995,6028,5997
5996,5998,6031
6022,6039,6038
6023,6037,6039
5995,6036,6028
6021,6029,6037
6020,6038,6036
5997,6028,6030
5996,6031,6029
5998,6959,6031
6029,6031,7024
6028,6036,7027
6037,7028,6039
6028,7025,6030
6029,7026,6037
6038,6039,7036
6036,6038,7035
6291,6293,6300
6293,6297,6302
6294,6304,6295
6297,6312,6306
6295,6309,6298
6298,6310,6315
6293,6302,6300
6300,6302,6321
6294,6303,6304
6295,6304,6309
6297,6306,6302
6306,6312,6308
6298,6309,6310
5369,6312,6297
5372,6314,6312
5370,6315,6316
5372,5444,6314
5444,6318,6314
5373,6319,5445
5373,6316,6319
6308,6312,6314
6308,6314,6333
6315,6336,6316
6310,6336,6315
6316,6336,6337
6314,6318,6333
6318,6335,6333
6318,6405,6335
6316,6337,6319
6319,6340,6408
6302,6323,6321
6302,6306,6323
6306,6327,6323
6303,6325,6304
6303,6324,6325
6304,6330,6309
6304,6325,6330
6306,6308,6327
6306,6327,6327
6308,6333,6329
6308,6329,6327
6309,6330,6330
6309,6330,6331
6309,6331,6310
6310,6331,6349
6333,6343,6329
6333,6344,6343
6333,6335,6344
6335,6346,6344
6310,6349,6336
6336,6349,6350
6336,6350,6351
6336,6351,6337
6335,6405,6339
6335,6339,6346
6319,6337,6340
6340,6425,6408
6337,6352,6340
6337,6351,6352
6339,6348,6346
6339,6348,6348
6420,6354,6348
6339,6420,6348
6420,6422,6354
6422,6445,6354
6340,6352,6352
6340,6352,6355
6340,6355,6425
6425,6355,6446
5444,6399,6318
5445,6319,6408
5445,6408,6402
5453,6401,6399
6399,6401,6405
5448,6402,6403
6318,6399,6405
6402,6408,6409
6401,6407,6405
6401,6414,6407
6402,6409,6403
6403,6409,6418
6403,6418,6415
5453,6411,6401
5448,6403,5454
5454,6403,6415
5454,6415,6412
5453,5982,6411
5985,6412,6946
6401,6411,6414
6412,6415,6432
6411,6945,6414
6414,6945,6429
6429,6945,6964
6412,6432,6946
6339,6405,6407
6339,6407,6420
6407,6417,6420
6408,6425,6409
6409,6425,6426
6409,6426,6418
6407,6414,6417
6415,6418,6438
6417,6422,6420
6422,6424,6445
6418,6426,6427
6425,6446,6426
6417,6435,6422
6422,6435,6424
6424,6435,6437
6418,6427,6438
6427,6512,6438
6438,6512,6439
6414,6429,6417
6417,6429,6435
6429,6431,6435
6415,6438,6432
6432,6438,6439
6429,6964,6431
6432,6433,6946
6432,6439,6433
6431,6437,6435
6433,6439,6533
6431,6967,6437
6437,6967,6532
6433,6533,6968
6424,6508,6445
6424,6511,6508
6511,6514,6508
6511,6514,6514
6426,6446,6509
6426,6509,6427
6427,6521,6512
6427,6509,6521
6512,6521,6521
6512,6521,6522
6424,6437,6511
6511,6526,6514
6511,6532,6526
6439,6512,6529
6512,6522,6529
6526,6516,6514
6526,6528,6516
6528,6520,6516
6528,6519,6520
6528,6550,6519
6529,6522,6524
6529,6524,6530
6530,6524,6523
6530,6523,6544
6437,6532,6511
6526,6532,6535
6439,6529,6533
6529,6530,6533
6530,6538,6533
6532,6967,7114
6532,7114,6535
6533,6538,6968
6538,7115,6968
6526,6535,6528
6528,6535,6537
6528,6537,6550
6530,6553,6538
6538,6553,6539
6535,7123,6537
6538,6539,7115
6539,6557,7124
6550,6541,6519
6550,6552,6541
6552,6543,6541
6552,6543,6543
6530,6544,6553
6553,6544,6545
6553,6545,6554
6554,6545,6545
6552,6559,6543
6559,6547,6543
6559,14944,6547
14944,14932,6547
6554,6545,6548
6554,6548,6560
6560,6548,14935
6550,6556,6552
6539,6553,6554
6554,6560,6557
6537,6556,6550
6552,6556,6562
6539,6554,6557
6552,6562,6559
6559,14950,14944
6560,14935,14947
6560,14947,6563
6559,6562,14950
6557,6560,6563
6563,14947,14953
5982,6942,6411
5982,5987,6942
6411,6942,6945
5985,6946,6943
5987,6951,6942
5988,6943,6949
5988,6949,6952
6942,6948,6945
6945,6948,6964
6943,6946,6965
6942,6951,6948
6943,6965,6949
5988,6952,6003
5987,6956,6951
6003,6952,6957
6951,6956,6961
6956,6958,7031
6959,6957,6962
6948,6951,6976
6949,6974,6952
6952,6974,6977
6952,6977,6957
6957,6977,6962
6956,7031,6961
6951,6961,6976
6431,6964,6970
6433,6965,6946
6433,6968,6965
6965,6968,6971
6948,6973,6964
6964,6973,6970
6949,6965,6971
6949,6971,6974
6431,6970,6967
6967,6970,7117
6968,7115,6971
6970,6979,7117
6971,7120,6974
6971,7115,7120
6948,6976,6973
6974,6980,6977
6973,6976,6982
6961,7046,6976
6962,6977,6983
6977,6980,6983
6976,7046,6982
6970,6973,6979
6973,6982,6979
6974,7120,6980
6979,6982,7185
6980,7127,6983
6031,6959,7032
6030,7023,6958
6959,6962,7032
6958,7023,7031
6031,7032,7024
6030,7025,7023
6029,7024,7026
6028,7027,7025
6036,7035,7027
6037,7026,7028
6038,7036,7035
6039,7028,7036
6962,7047,7032
6961,7031,7052
7023,7054,7031
7023,7025,7062
7026,7063,7028
7024,7055,7026
7031,7054,7052
7024,7032,7053
7024,7053,7055
7023,7062,7054
7026,7055,7063
7028,7042,7036
7035,7036,7044
7027,7035,7043
7025,7027,7041
7027,7043,7041
7035,7044,7043
7036,7042,7044
7025,7041,7062
7028,7063,7042
6961,7052,7046
7032,7047,7053
6962,6983,7047
7052,7054,7070
7053,7059,7055
6982,7046,7188
6983,7186,7047
7053,7047,7189
6982,7188,7185
7047,7186,7189
7046,7052,7058
7053,7189,7059
7052,7070,7058
7046,7058,7188
7041,7076,7062
7043,7044,7079
7042,7077,7044
7041,7043,7078
7054,7062,7068
7055,7071,7063
7042,7063,7069
7062,7076,7068
7042,7069,7077
7043,7079,7078
7041,7078,7076
7044,7077,7079
7054,7068,7070
7055,7059,7071
7063,7071,7069
7068,7076,7204
7069,7203,7077
7078,7079,7207
7077,7205,7079
7076,7078,7206
6967,7117,7114
6535,7114,7123
7115,7124,7120
7114,7117,7119
7114,7119,7123
7120,7124,7121
6537,7123,7135
6539,7124,7115
7119,7129,7123
7123,7129,7135
7121,7124,7136
7121,7136,7130
6979,7126,7117
7117,7126,7119
6980,7120,7121
6980,7121,7127
6979,7185,7126
7126,7185,7191
6983,7127,7186
7127,7133,7186
7119,7126,7132
7119,7132,7129
7121,7130,7127
7127,7130,7133
7126,7191,7132
7133,7192,7186
6537,7135,6556
6556,7138,6562
6556,7135,7138
6557,7136,7124
6557,6563,7136
6563,7139,7136
7129,7141,7135
7135,7141,7138
7130,7136,7139
7130,7139,7142
6562,7138,15614
6562,15614,14950
6563,14953,7139
7139,14953,15617
7138,7141,15623
7138,15623,15614
7139,15617,7142
7142,15617,15624
7129,7144,7141
7130,7142,7133
7129,7132,7144
7132,7217,7144
7133,7145,7192
7133,7142,7145
7141,15626,15623
7142,15624,7145
7141,7144,15626
7144,15710,15626
7145,15627,7218
7145,15624,15627
7185,7188,7194
7186,7192,7189
7189,7192,7195
7059,7189,7195
7058,7212,7188
7188,7212,7194
7059,7195,7213
7185,7194,7191
7192,7218,7195
7191,7194,7220
7194,7212,7226
7195,7221,7213
7058,7070,7214
7059,7213,7071
7068,7202,7070
7069,7071,7215
7058,7214,7212
7071,7213,7215
7070,7202,7214
7069,7215,7203
7068,7204,7202
7077,7203,7205
7076,7206,7204
7078,7207,7206
7079,7205,7207
7213,7227,7215
7212,7214,7228
7203,7215,7229
7203,7237,7205
7202,7204,7238
7204,7206,7240
7207,7205,7239
7206,7207,7241
7202,7236,7214
7203,7229,7237
7202,7238,7236
7205,7237,7239
7204,7240,7238
7206,7241,7240
7207,7239,7241
7132,7191,7217
7145,7218,7192
7191,7220,7217
7195,7218,7221
7194,7226,7220
7213,7221,7227
7144,7217,15710
7218,15711,7221
7218,15627,15711
7217,15713,15710
7217,7220,15713
7221,15714,7227
7221,15711,15714
7220,15723,15713
7212,7228,7226
7215,7227,7229
7214,7236,7228
7236,7238,15737
7237,15736,7239
7241,7239,15738
7238,7240,15739
7240,7241,15740
7220,7226,15723
7226,7228,15733
7227,15724,7229
7227,15714,15724
7226,15733,15723
7229,15724,15734
7228,7236,15735
7237,15734,15736
7229,15734,7237
7236,15737,15735
7239,15736,15738
7238,15739,15737
7240,15740,15739
7241,15738,15740
7228,15735,15733
1342,1344,10166
1338,10156,1339
1339,10157,1341
1338,1340,10158
1340,1342,10160
1341,10159,1343
1343,10161,1345
1342,10166,10160
1345,10161,10167
1344,1348,10168
1345,10167,1349
1349,10169,1358
1344,10168,10166
1349,10167,10169
1348,10171,10168
1339,10156,10157
1338,10158,10156
1341,10157,10159
1340,10160,10158
1343,10159,10161
10160,10166,10180
10167,10181,10169
10166,10168,10182
1348,1357,10171
1358,10172,1361
1358,10169,10172
1357,10174,10171
1360,10242,10174
1357,1360,10174
1361,10175,1433
1361,10172,10175
10168,10171,10197
10169,10183,10172
10172,10198,10175
10174,10254,10200
10171,10174,10200
10175,10201,10243
10156,10190,10157
10157,10191,10159
10156,10158,10192
10159,10193,10161
10158,10160,10194
10161,10195,10167
10160,10180,10194
10157,10190,10191
10158,10194,10192
10156,10192,10190
10159,10191,10193
10161,10193,10195
10166,10182,10180
10167,10195,10181
10169,10181,10183
10191,10312,10193
10190,10311,10191
10190,10192,10313
10193,10314,10195
10192,10194,10321
10180,10319,10194
10181,10195,10322
10180,10182,10329
10181,10320,10183
10194,10319,10321
10181,10322,10320
10180,10329,10319
10183,10320,10330
10168,10197,10182
10172,10183,10198
10171,10200,10197
10175,10198,10201
10197,10200,10206
10183,10330,10198
10182,10197,10203
10182,10203,10329
10198,10330,10204
10197,10206,10203
10198,10204,10201
10201,10204,10207
1360,1432,10242
1432,10245,10242
1433,10243,1436
1433,10175,10243
1432,1435,10245
1436,10243,10246
10174,10242,10254
10242,10257,10254
10243,10255,10246
10201,10255,10243
10242,10245,10257
10246,10255,10258
1435,1443,10248
1435,10248,10245
1436,10246,1445
1445,10246,10249
1443,2164,10857
1443,10857,10248
1445,10249,2166
2166,10249,10858
10245,10248,10251
10245,10251,10257
10246,10258,10249
10249,10258,10252
10248,10863,10251
10248,10857,10863
10251,10863,10881
10249,10252,10858
10252,10864,10858
10252,10264,10864
10200,10254,10260
10201,10207,10255
10254,10257,10266
10254,10266,10260
10255,10261,10258
10258,10261,10269
10200,10260,10206
10206,10260,10415
10207,10261,10255
10207,10413,10261
10260,10266,10268
10260,10268,10415
10261,10416,10269
10269,10416,10270
10251,10263,10257
10257,10263,10266
10252,10258,10269
10252,10269,10264
10251,10881,10263
10264,10273,10884
10263,10272,10266
10266,10272,10268
10264,10269,10270
10263,10883,10272
10268,10272,10427
10264,10270,10273
10190,10313,10311
10193,10312,10314
10191,10311,10312
10192,10321,10313
10195,10314,10322
10320,10322,10326
10319,10335,10321
10320,10336,10330
10311,10313,10348
10312,10347,10314
10311,10346,10312
10313,10321,10325
10314,10349,10322
10322,10349,10326
10321,10335,10325
10320,10326,10336
10311,10348,10346
10314,10347,10349
10312,10346,10347
10313,10325,10348
10203,10340,10329
10319,10329,10337
10329,10340,10337
10204,10330,10338
10204,10341,10207
10203,10206,10412
10204,10338,10341
10203,10412,10340
10207,10341,10413
10319,10337,10335
10330,10336,10338
10341,10434,10413
10337,10340,10433
10338,10357,10341
10326,10349,10365
10325,10366,10348
10346,10352,10347
10347,10353,10349
10346,10348,10364
10348,10366,10364
10346,10364,10352
10347,10352,10353
10349,10353,10365
10325,10335,10368
10326,10367,10336
10335,10337,10356
10336,10369,10338
10338,10369,10357
10325,10368,10366
10326,10365,10367
10336,10367,10369
10335,10356,10368
10337,10433,10356
10341,10357,10434
10352,11455,10353
10353,11456,10365
10364,10366,11465
10365,11458,10367
10352,10364,11457
10367,11466,10369
10366,10368,11463
10356,10438,10368
10357,10369,11464
10357,10439,10434
10368,10438,11463
10357,11464,10439
10206,10415,10412
10261,10413,10416
10412,10415,10421
10415,10424,10421
10270,10416,10422
10412,10421,10418
10340,10412,10418
10413,10419,10416
10340,10418,10433
10413,10434,10419
10418,10421,10446
10416,10419,10422
10268,10424,10415
10270,10425,10273
10270,10422,10425
10268,10427,10424
10424,10427,10969
10273,10425,10428
10421,10424,10430
10421,10430,10446
10422,10447,10425
10425,10447,10431
10424,10969,10430
10425,10431,10428
10428,10431,10972
10431,10450,10972
10418,10443,10433
10356,10433,10440
10419,10434,10441
10419,10441,10444
10418,10446,10443
10419,10444,10422
10422,10444,10447
10356,10440,10438
10439,10441,10434
10433,10443,10440
10440,10443,11534
10441,11520,10444
10444,11520,11535
10443,10446,10452
10431,10447,10453
10430,10449,10446
10446,10449,10452
10431,10453,10450
10443,10452,11534
10444,11535,10447
10447,11535,10453
10449,10990,10452
10452,11537,11534
10452,10990,11537
10450,10453,11539
2164,10860,10857
2166,10858,2172
10858,10864,10861
2164,2170,10860
10857,10860,10866
2172,10858,10861
2172,10861,2184
10857,10866,10863
10863,10868,10881
10864,10884,10869
10863,10866,10868
10861,10864,10869
10869,10884,10870
2170,2182,10872
2170,10872,10860
10860,10872,10875
10860,10875,10866
10861,10873,2184
10861,10869,10873
10869,10878,10873
10866,10875,10875
10866,10875,10877
10866,10877,10868
10868,10877,10897
10869,10878,10878
10869,10870,10878
10870,10879,10878
10870,10893,10879
10263,10881,10883
10264,10884,10864
10273,10885,10884
10868,10890,10881
10881,10890,10883
10883,10890,10892
10870,10884,10885
10870,10885,10893
10272,10883,10887
10272,10887,10427
10273,10428,10885
10428,10888,10885
10883,10892,10887
10887,10908,10963
10885,10888,10893
10888,10894,10893
10888,10966,10894
10868,10897,10890
10890,10897,10898
10890,10898,10900
10890,10900,10892
10893,10903,10879
10893,10904,10903
10893,10894,10904
10894,10905,10904
10892,10900,10902
10887,10892,10908
10892,10902,10908
10908,10975,10963
10894,10909,10905
10894,10966,10909
10908,10902,10902
10908,10902,10911
10908,10911,10975
10975,10911,10918
10909,10906,10905
10909,10906,10906
10980,10912,10906
10909,10980,10906
10980,10981,10912
10981,10919,10912
10427,10887,10963
10427,10963,10969
10428,10972,10888
10963,10965,10969
10888,10972,10966
10430,10969,10971
10966,10972,10973
10450,10973,10972
10965,10971,10969
10965,10984,10971
10971,10984,10987
10966,10973,10967
10967,10973,10988
10963,10975,10965
10965,10975,10977
10965,10977,10984
10909,10966,10967
10909,10967,10980
10967,10985,10980
10975,10918,10977
10977,10979,10984
10981,10982,10919
10980,10985,10981
10984,10993,10987
10967,10988,10985
10979,10993,10984
10979,11080,10993
10993,11080,10995
10981,10985,10996
10981,10996,10982
10982,10996,10997
10430,10971,10449
10449,10971,10987
10449,10987,10990
10450,10991,10973
10987,10999,10990
10973,10991,10988
10990,11844,11537
10450,11539,10991
10990,10999,11844
10988,10991,11845
10988,11845,11002
11002,11845,11851
10987,10993,10999
10993,10995,10999
10985,10988,11002
10985,11002,10996
10996,11002,11003
10995,11098,11001
10996,11003,10997
10995,11001,10999
10999,11001,11844
11002,11851,11003
11001,11098,11853
10997,11003,11854
10997,11854,11099
10977,10918,11065
10977,11065,10979
10979,11068,11080
10979,11065,11068
11080,11068,11068
11080,11068,11070
10982,11066,10919
10982,11081,11066
11081,11075,11066
11081,11075,11075
11086,11076,11075
11080,11070,11083
10995,11080,11083
11081,11086,11075
10982,10997,11081
11081,11099,11086
11083,11070,11074
11083,11074,11085
11085,11074,11073
11085,11073,11089
11086,11087,11076
11087,11078,11076
11087,11077,11078
11087,11110,11077
11107,11089,11091
11085,11089,11107
11109,11091,11091
11107,11091,11109
11110,11092,11077
11110,11111,11092
11111,11093,11092
11111,11093,11093
11109,11091,11095
11109,11095,11113
11113,11095,15068
11114,11096,11093
11111,11114,11093
15107,15071,11096
11114,15107,11096
10995,11083,11098
11083,11085,11098
11085,11101,11098
10997,11099,11081
11086,11099,11104
11085,11107,11101
11101,11107,11103
11086,11104,11087
11087,11105,11110
11087,11104,11105
11098,11101,11853
11101,11917,11853
11099,11918,11104
11099,11854,11918
11101,11103,11917
11103,11116,11920
11104,11921,11105
11103,11107,11109
11109,11113,11116
11110,11117,11111
11113,15068,15104
11113,15104,11119
11111,11120,11114
11114,15119,15107
11103,11109,11116
11105,11117,11110
11111,11117,11120
11113,11119,11116
11119,15104,15116
11114,11120,15119
10352,11457,11455
10353,11455,11456
10366,11463,11465
10367,11458,11466
10364,11465,11457
10365,11456,11458
10369,11466,11464
11463,11529,11465
11464,11466,11531
10439,11464,11532
11455,11457,11473
11458,11474,11466
11457,11465,11530
11455,11471,11456
11456,11472,11458
11465,11529,11530
11464,11531,11532
11455,11473,11471
11456,11471,11472
11458,11472,11474
11457,11530,11473
11466,11474,11531
11471,11566,11472
10438,11527,11463
10438,10440,11519
10439,11528,10441
10439,11532,11528
10438,11519,11527
10440,11534,11519
10441,11528,11520
11463,11527,11529
11529,11556,11530
11528,11532,11559
11528,11555,11520
11519,11543,11527
11520,11555,11544
11527,11554,11529
11528,11559,11555
11527,11543,11554
10453,11535,11541
11519,11534,11540
11520,11544,11535
11535,11544,11541
11534,11537,11540
11537,11841,11540
10453,11541,11539
11539,11541,11547
11519,11540,11543
11541,11544,11570
11540,11841,11546
11540,11546,11543
11543,11546,11569
11541,11570,11547
11532,11531,11558
11474,11565,11531
11471,11473,11564
11473,11530,11557
11530,11556,11557
11532,11558,11559
11472,11567,11474
11474,11567,11565
11471,11564,11566
11472,11566,11567
11473,11557,11564
11531,11565,11558
11529,11554,11556
11555,11559,11582
11557,11580,11564
11558,11565,11600
11556,11579,11557
11559,11558,11581
11564,11599,11566
11566,11601,11567
11565,11567,11602
11566,11599,11601
11558,11600,11581
11557,11579,11580
11564,11580,11599
11565,11602,11600
11544,11555,11578
11543,11569,11554
11544,11578,11570
11554,11577,11556
11555,11582,11578
11554,11569,11577
11569,11864,11577
11547,11570,11865
11556,11577,11579
11559,11581,11582
11578,11582,11608
11578,11867,11570
11577,11864,11866
11570,11867,11865
11577,11866,11579
11578,11608,11867
11567,11601,11602
11580,11609,11599
11581,11600,11616
11582,11581,11610
11579,11607,11580
11599,11615,11601
11601,11617,11602
11600,11602,11618
11581,11616,11610
11601,11615,11617
11602,11617,11618
11599,11609,11615
11600,11618,11616
11579,11866,11607
11580,11607,11609
11582,11610,11608
11607,11992,11609
11609,11994,11615
11608,11610,11995
11610,11616,11997
11615,11996,11617
11617,12015,11618
11616,11618,12016
11537,11844,11841
10991,11539,11842
10991,11842,11845
11539,11547,11842
11841,11844,11850
11842,11848,11845
11845,11848,11851
11546,11841,11847
11546,11847,11859
11547,11860,11842
11841,11850,11847
11842,11860,11848
11001,11850,11844
11001,11853,11850
11850,11853,11856
11003,11851,11857
11853,11917,11856
11003,11857,11854
11854,11857,11926
11847,11850,11856
11847,11856,11872
11851,11873,11857
11848,11873,11851
11856,11917,11923
11856,11923,11872
11857,11876,11926
11546,11859,11569
11569,11859,11864
11547,11865,11860
11847,11872,11859
11859,11872,11878
11848,11860,11879
11860,11865,11870
11864,11869,11866
11867,11985,11865
11859,11878,11864
11864,11878,11869
11860,11870,11879
11865,11985,11870
11872,11875,11878
11848,11879,11873
11872,11923,11875
11857,11873,11876
11873,11882,11876
11875,11881,11878
11873,11879,11882
11869,11878,11881
11870,12000,11879
11879,12000,11882
11875,11938,11881
11876,11882,12085
11917,11920,11923
11104,11918,11921
11854,11926,11918
11103,11920,11917
11105,11921,11930
11920,11925,11923
11918,11926,11927
11918,11927,11921
11920,11929,11925
11925,11929,11935
11921,11936,11930
11921,11927,11936
11116,11929,11920
11116,11119,11929
11119,11932,11929
11105,11930,11117
11117,11933,11120
11117,11930,11933
11119,15116,11932
11932,15116,16421
11120,16424,15119
11120,11933,16424
11929,11932,11935
11932,11944,11935
11930,11945,11933
11930,11936,11945
11932,16421,11944
11944,16421,16439
11933,11945,16440
11933,16440,16424
11875,11923,11925
11875,11925,11938
11876,11939,11926
11926,11939,11927
11925,11935,11938
11935,11941,11938
11927,11939,11942
11927,11942,11936
11881,11938,12084
11938,11941,12084
11876,12085,11939
11939,12085,12088
11941,12087,12084
11939,12088,11942
11935,11944,11941
11936,11948,11945
11944,16439,11947
11945,16446,16440
11941,11944,11947
11941,11947,12087
11936,11942,11948
11942,12097,11948
11947,16439,16445
11947,16445,12096
11945,11948,16446
11948,16599,16446
11607,11866,11984
11866,11869,11984
11608,11993,11867
11607,11984,11992
11867,11993,11985
11869,11999,11984
11870,11985,12006
11609,11992,11994
11608,11995,11993
11615,11994,11996
11610,11997,11995
11616,12016,11997
11617,11996,12015
11618,12015,12016
11985,11993,12008
11984,12005,11992
11992,12005,12007
11985,12008,12006
11992,12007,11994
11994,12027,11996
11993,11995,12028
11994,12007,12027
11993,12028,12008
11869,11881,11999
11984,11999,12005
11870,12006,12000
11881,12084,11999
11882,12000,12091
11882,12091,12085
11999,12090,12005
11999,12084,12090
12005,12011,12007
12006,12008,12034
12005,12090,12011
12006,12012,12000
12012,12091,12000
12006,12034,12012
11996,12021,12015
12015,12023,12016
11997,12016,12024
11995,11997,12022
11997,12024,12022
11995,12022,12028
11996,12027,12021
12015,12021,12023
12016,12023,12024
12007,12033,12027
12008,12028,12036
12022,12042,12028
12021,12041,12023
12023,12043,12024
12022,12024,12044
12021,12027,12035
12021,12035,12041
12028,12042,12036
12007,12011,12033
12008,12036,12034
12027,12033,12035
12023,12041,12043
12022,12044,12042
12024,12043,12044
12035,12115,12041
12036,12042,12118
12041,12117,12043
12043,12119,12044
12042,12044,12120
12084,12087,12090
12087,12093,12090
12085,12091,12094
12085,12094,12088
12087,12096,12093
12011,12090,12093
12091,12106,12094
12012,12106,12091
12011,12093,12105
12088,12094,12100
12093,12099,12105
12094,12106,12126
11947,12096,12087
11942,12088,12097
12088,12100,12097
12096,16445,16598
11948,12097,16599
12096,16598,12099
12097,16605,16599
12093,12096,12099
12099,12125,12105
12094,12126,12100
12097,12100,16605
12099,16598,16604
12099,16604,12125
12100,16624,16605
12011,12105,12033
12012,12034,12108
12033,12105,12107
12012,12108,12106
12033,12107,12035
12034,12036,12116
12035,12107,12115
12034,12116,12108
12105,12125,12107
12107,12127,12115
12106,12108,12128
12036,12118,12116
12041,12115,12117
12042,12120,12118
12044,12119,12120
12043,12117,12119
12115,12135,12117
12108,12116,12136
12115,12127,12135
12116,12138,12136
12116,12118,12138
12117,12137,12119
12120,12140,12118
12119,12139,12120
12117,12135,12137
12118,12140,12138
12119,12137,12139
12120,12139,12140
12106,12128,12126
12107,12125,12127
12100,12126,16624
12125,16604,16623
12125,16623,12127
12126,12128,16642
12127,16623,16641
12126,16642,16624
12108,12136,12128
12135,16643,12137
12136,12138,16646
12137,16645,12139
12139,16647,12140
12140,16648,12138
12127,16641,12135
12128,12136,16644
12135,16641,16643
12128,16644,16642
12137,16643,16645
12136,16646,16644
12138,16648,16646
12139,16645,16647
12140,16647,16648
14946,14934,14932
14956,14938,14934
14946,14956,14934
14947,14935,14936
14947,14936,14948
14948,14936,14941
14948,14941,14959
14958,14940,14938
14956,14938,14938
14956,14958,14938
14958,14977,14940
14959,14941,14941
14959,14941,14942
14960,14942,14972
14959,14942,14960
14944,14946,14932
14944,14952,14946
14947,14948,14953
14948,14959,14954
14944,14950,14952
14946,14952,14962
14948,14954,14953
14946,14962,14956
14956,14989,14958
14959,14960,14963
14956,14962,14989
14954,14959,14963
14960,14992,14963
14981,14975,14974
14977,14966,14940
14977,14967,14966
14977,14979,14967
14979,14971,14967
14980,14972,14973
14980,14973,14975
14960,14972,14980
14980,14975,14981
14986,14969,14969
14986,14969,14971
15178,14983,14969
15176,14859,14983
14986,15178,14969
15176,14983,15178
14987,14974,14974
14987,14974,14984
15182,14984,14860
14987,14984,15182
14979,14986,14971
14979,15188,14986
14981,14974,14987
14981,14987,14996
14987,15182,15191
14958,14991,14977
14958,14989,14991
14960,14980,14992
14980,14981,14993
14980,14993,14992
14962,15635,14989
14989,15638,14991
14992,14993,15636
14977,14995,14979
14977,14991,14995
14979,14995,15188
14981,14996,14993
14987,15191,14996
14991,15835,14995
14991,15638,15835
14993,14996,15639
14996,15836,15639
15104,15068,15070
15104,15070,15106
15106,15070,15074
15106,15074,15110
15108,15072,15071
15113,15077,15072
15108,15113,15072
15112,15076,15083
15110,15074,15074
15110,15074,15076
15110,15076,15112
15114,15078,15077
15113,15077,15077
15113,15114,15077
15098,15078,15114
15097,15086,15080
15180,15092,14859
15101,15080,15080
15101,15080,15092
15101,15092,15180
15181,14860,15093
15102,15087,15087
15183,15093,15087
15102,15087,15090
15181,15093,15183
15102,15183,15087
15095,15084,15086
15095,15083,15084
15095,15086,15097
15095,15112,15083
15098,15088,15078
15098,15089,15088
15098,15099,15089
15099,15090,15089
15097,15080,15101
15097,15101,15125
15101,15180,15200
15099,15102,15090
15099,15203,15102
15104,15106,15116
15106,15110,15118
15107,15108,15071
15107,15120,15108
15110,15112,15122
15108,15123,15113
15113,15131,15114
15106,15118,15116
15107,15119,15120
15108,15120,15123
15110,15122,15118
15112,15128,15122
15113,15123,15131
15095,15128,15112
15095,15097,15130
15095,15130,15128
15098,15114,15132
15114,15131,15132
15101,15200,15125
15097,15125,15130
15098,15126,15099
15099,15126,15203
15098,15132,15126
15128,15130,16427
15123,16428,15131
15131,16431,15132
15125,16430,15130
15125,16501,16430
15126,15132,16502
15132,16431,16502
15176,15180,14859
15176,15178,15185
15181,15182,14860
15181,15183,15186
14986,15190,15178
14986,15188,15190
15178,15190,15185
15181,15192,15182
15182,15192,15191
15181,15186,15192
15176,15202,15180
15176,15185,15202
15180,15202,15200
15102,15204,15183
15183,15204,15186
15102,15203,15204
15185,15190,15212
15186,15204,15213
14995,15194,15188
15191,15192,15197
14995,15835,15194
14996,15191,15836
15191,15197,15836
15188,15196,15190
15190,15196,15212
15186,15198,15192
15192,15198,15197
15186,15213,15198
15188,15194,15196
15194,15856,15196
15197,15198,15842
15200,15202,15208
15126,15210,15203
15185,15206,15202
15185,15212,15206
15202,15206,15208
15203,15209,15204
15204,15209,15213
15125,15200,16501
15200,15208,16501
15126,16502,15210
15206,16504,15208
15203,15210,15209
15209,15210,16511
15196,15215,15212
15209,15216,15213
15196,15856,15215
15198,15213,15857
15198,15857,15842
15213,15216,15857
15206,15212,16510
15212,15215,16510
15206,16510,16504
15209,16511,15216
15215,15856,17223
15216,16511,17225
14950,15614,15616
14950,15616,14952
14953,14954,15617
14954,15618,15617
15614,15623,15629
15614,15629,15616
15617,15618,15624
15618,15630,15624
14952,15620,14962
14952,15616,15620
14962,15620,15635
14954,14963,15618
14963,15621,15618
14963,14992,15621
15616,15629,15647
15616,15647,15620
15618,15621,15630
15621,15648,15630
15623,15632,15629
15624,15630,15627
15623,15626,15632
15626,15716,15632
15627,15633,15711
15627,15630,15633
15629,15650,15647
15630,15648,15633
15629,15632,15650
15632,15762,15650
15633,15648,15651
15633,15651,15717
14989,15635,15638
14992,15636,15621
15620,15641,15635
15620,15647,15641
15621,15636,15648
15636,15644,15648
15635,15643,15638
14993,15639,15636
15639,15836,15645
15635,15641,15643
15636,15639,15644
15639,15645,15644
15641,15647,15653
15647,15650,15653
15644,15651,15648
15644,15654,15651
15650,15762,15768
15651,15654,15763
15641,15844,15643
15641,15653,15844
15644,15645,15654
15645,15845,15654
15650,15768,15653
15653,15768,15847
15654,15769,15763
15654,15845,15769
15626,15710,15716
15711,15717,15714
15633,15717,15711
15710,15719,15716
15710,15713,15719
15714,15720,15724
15714,15717,15720
15713,15745,15719
15632,15716,15762
15651,15763,15717
15717,15763,15720
15716,15719,15765
15719,15745,15777
15720,15766,15746
15713,15723,15745
15723,15733,15747
15724,15746,15734
15720,15746,15724
15723,15747,15745
15734,15746,15748
15734,15748,15736
15733,15735,15755
15733,15755,15747
15736,15748,15756
15735,15737,15757
15736,15756,15738
15740,15738,15758
15737,15739,15759
15739,15740,15760
15746,15778,15748
15745,15747,15779
15735,15757,15755
15738,15756,15758
15737,15759,15757
15739,15760,15759
15740,15758,15760
15748,15780,15756
15716,15765,15762
15763,15769,15766
15720,15763,15766
15719,15777,15765
15746,15766,15778
15762,15765,15771
15762,15771,15768
15766,15769,15772
15766,15772,15778
15765,15777,15912
15765,15912,15771
15772,15913,15778
15745,15779,15777
15747,15787,15779
15748,15778,15780
15747,15755,15787
15756,15788,15758
15756,15780,15788
15755,15757,15789
15760,15758,15790
15757,15759,15791
15759,15760,15792
15755,15789,15787
15758,15788,15790
15757,15791,15789
15760,15790,15792
15759,15792,15791
15777,15779,15929
15778,15913,15780
15779,15787,15931
15780,15930,15788
15777,15929,15912
15780,15913,15930
15779,15931,15929
15788,15930,15932
15788,15932,15790
15787,15789,15937
15792,15790,15938
15789,15791,15939
15791,15792,15940
15638,15838,15835
15645,15836,15839
15197,15839,15836
15638,15643,15838
15643,15850,15838
15645,15839,15845
15194,15835,15841
15835,15838,15841
15194,15841,15856
15197,15842,15839
15838,15859,15841
15838,15850,15859
15839,15842,15851
15842,15860,15851
15643,15844,15850
15839,15851,15845
15845,15851,15848
15653,15847,15844
15769,15845,15848
15844,15853,15850
15851,15860,15854
15844,15847,15853
15848,15851,15854
15848,15854,15916
15847,15865,15853
15854,15866,15916
15841,15862,15856
15842,15857,15860
15857,15863,15860
15841,15859,15862
15860,15863,15869
15856,15862,17223
15216,15863,15857
15216,17225,15863
15863,17225,17230
15859,17229,15862
15859,15868,17229
15863,17230,15869
15850,15868,15859
15850,15853,15868
15854,15860,15869
15854,15869,15866
15853,15865,15873
15853,15873,15868
15866,15874,15948
15868,17238,17229
15868,15873,17238
15869,17230,15874
15866,15869,15874
15865,15875,15873
15876,15948,15874
15769,15848,15772
15768,15771,15915
15768,15915,15847
15772,15848,15916
15771,15921,15915
15772,15916,15913
15771,15912,15921
15913,15916,15922
15913,15922,15930
15847,15915,15865
15915,15921,15947
15866,15922,15916
15912,15923,15921
15922,15924,15930
15912,15929,15923
15924,15932,15930
15929,15931,15943
15787,15937,15931
15790,15932,15938
15789,15939,15937
15792,15938,15940
15791,15940,15939
15923,15929,15943
15924,15944,15932
15931,15937,15965
15932,15944,15938
15931,15965,15943
15938,15944,15966
15937,15967,15965
15940,15966,15968
15939,15968,15967
15937,15939,15967
15938,15966,15940
15939,15940,15968
15865,15915,15947
15866,15948,15922
15921,15923,15955
15921,15955,15947
15922,15948,15924
15923,15943,15957
15924,15956,15944
15924,15948,15956
15923,15957,15955
15943,15959,15957
15944,15956,15958
15865,15947,15875
15947,15955,17303
15876,15956,15948
15875,15947,17303
15876,17304,15956
15955,15957,17305
15956,17304,15958
15957,15959,17311
15958,17306,15960
15960,17312,15972
15959,15971,17313
15971,15972,17314
15944,15958,15966
15943,15965,15959
15960,15968,15966
15958,15960,15966
15965,15967,15971
15967,15968,15972
15959,15965,15971
15967,15972,15971
15960,15972,15968
15116,15118,16421
15118,16423,16421
15119,16425,15120
15119,16424,16425
15118,15122,16423
15122,15128,16418
15122,16418,16423
15120,16419,15123
15123,16419,16428
15120,16425,16419
16421,16423,16439
16423,16442,16439
16424,16440,16443
16424,16443,16425
16418,16442,16423
16418,16451,16442
16419,16425,16452
16425,16443,16452
15128,16427,16418
15131,16428,16431
15130,16430,16427
16430,16501,16435
16428,16437,16431
16418,16427,16451
16427,16433,16451
16419,16436,16428
16419,16452,16436
16427,16430,16433
16430,16435,16433
16428,16436,16437
16439,16442,16445
16440,16449,16443
16442,16451,16448
16443,16455,16452
16442,16448,16445
16445,16448,16598
16440,16446,16449
16446,16602,16449
16448,16451,16454
16448,16454,16601
16443,16449,16455
16449,16611,16455
16433,16454,16451
16433,16457,16454
16436,16452,16458
16452,16455,16458
16433,16435,16457
16435,16519,16457
16436,16520,16437
16436,16458,16520
16454,16457,16610
16455,16611,16614
16457,16519,16613
16457,16613,16610
16455,16614,16458
16458,16614,16526
15208,16507,16501
16435,16501,16507
16431,16508,16502
15208,16504,16507
15210,16502,16505
15210,16505,16511
16502,16508,16505
16435,16507,16519
16431,16437,16508
16437,16523,16508
16504,16522,16507
16504,16516,16522
16505,16508,16517
16508,16523,16517
16504,16510,16516
16510,16513,16516
16505,16514,16511
15215,16513,16510
15215,17223,16513
16513,17223,17232
16511,16514,17225
16513,16531,16516
16505,16517,16514
16513,17232,16531
16514,16517,17233
16517,16532,17233
16507,16522,16519
16519,16522,16525
16437,16520,16523
16516,16528,16522
16520,16529,16523
16519,16525,16613
16458,16526,16520
16522,16528,16525
16520,16526,16529
16525,16528,16715
16528,16534,16715
16526,16535,16529
16516,16531,16528
16517,16523,16532
16523,16529,16532
16532,17254,17233
16531,17232,16539
16532,16540,17254
16528,16531,16534
16529,16540,16532
16529,16535,16540
16534,16539,16731
16531,16539,16534
16539,16541,16731
16542,16540,16535
16448,16601,16598
16446,16599,16602
16598,16601,16604
16599,16608,16602
16454,16610,16601
16449,16602,16611
16601,16610,16607
16599,16605,16608
16601,16607,16604
16604,16607,16623
16605,16630,16608
16602,16608,16617
16607,16616,16629
16608,16630,16666
16602,16617,16611
16610,16613,16616
16613,16619,16616
16611,16620,16614
16611,16617,16620
16607,16610,16616
16616,16665,16629
16608,16666,16617
16616,16619,16665
16617,16720,16620
16617,16666,16720
16619,16719,16665
16605,16624,16630
16607,16629,16623
16623,16629,16641
16624,16642,16632
16629,16631,16641
16624,16632,16630
16629,16665,16631
16630,16632,16668
16631,16643,16641
16642,16644,16656
16631,16655,16643
16632,16642,16656
16643,16655,16645
16644,16646,16658
16645,16657,16647
16647,16659,16648
16648,16660,16646
16631,16667,16655
16645,16655,16657
16644,16658,16656
16646,16660,16658
16647,16657,16659
16648,16659,16660
16630,16668,16666
16631,16665,16667
16632,16676,16668
16665,16719,16667
16666,16668,16750
16667,16719,16749
16666,16750,16720
16667,16749,16675
16668,16676,16752
16675,16749,16751
16668,16752,16750
16632,16656,16676
16655,16667,16675
16655,16675,16657
16656,16678,16676
16656,16658,16678
16657,16677,16659
16659,16679,16660
16660,16680,16658
16657,16675,16677
16659,16677,16679
16658,16680,16678
16660,16679,16680
16675,16751,16677
16676,16678,16762
16677,16761,16679
16680,16764,16678
16679,16763,16680
16525,16619,16613
16525,16715,16619
16526,16614,16716
16614,16620,16716
16620,16726,16716
16526,16716,16535
16534,16725,16715
16726,16732,16716
16619,16715,16719
16715,16725,16719
16620,16720,16726
16719,16725,16749
16725,16727,16749
16720,16728,16726
16535,16716,16732
16534,16731,16725
16542,16535,16732
16542,16732,17340
16541,16739,16731
16732,16740,17340
16541,17339,16739
16725,16731,16727
16726,16740,16732
16726,16728,16740
16727,16731,16739
16727,16739,16755
16728,16756,16742
16739,16741,16755
16742,16756,16744
16728,16742,16740
16739,17339,16741
16740,16742,17342
16741,17341,16743
16742,16744,17348
16743,17347,16775
16775,17349,16776
16744,16776,17350
16727,16751,16749
16720,16750,16728
16750,16752,16756
16727,16755,16751
16728,16750,16756
16752,16770,16756
16751,16755,16761
16752,16762,16770
16755,16769,16761
16762,16772,16770
16763,16769,16771
16764,16771,16772
16677,16751,16761
16676,16762,16752
16678,16764,16762
16679,16761,16763
16680,16763,16764
16761,16769,16763
16762,16764,16772
16763,16771,16764
16741,16769,16755
16744,16756,16770
16741,16743,16769
16743,16771,16769
16771,16775,16772
16770,16772,16776
16744,16770,16776
16743,16775,16771
16772,16775,16776
15862,17226,17223
17223,17226,17232
17225,17227,17230
16514,17227,17225
15862,17229,17226
17226,17229,17235
17229,17238,17235
17227,17239,17230
16514,17233,17227
17227,17233,17236
17226,17253,17232
17233,17254,17236
17227,17236,17239
17226,17235,17253
15873,17246,17238
15874,17230,17239
15873,15875,17246
15876,15874,17239
15876,17247,17304
15876,17239,17247
15875,17248,17246
17235,17238,17273
17236,17247,17239
17238,17246,17273
17236,17274,17247
17246,17275,17273
17247,17274,17251
17247,17251,17304
17246,17248,17275
17251,17278,17250
16539,17232,17253
16540,17262,17254
17235,17261,17253
17236,17254,17274
17235,17273,17261
17262,17274,17254
17261,17273,17263
17262,17278,17274
16539,17253,16541
16542,17262,16540
16541,17253,17261
16541,17261,17339
16542,17266,17262
17263,17275,17264
17262,17266,17278
17261,17263,17339
17251,17274,17278
17263,17273,17275
17248,17276,17275
17250,17278,17277
17248,17249,17276
17250,17277,17320
17249,17319,17283
17284,17322,17320
17249,17283,17276
17277,17284,17320
17285,17319,17321
17283,17319,17285
17285,17321,17286
17284,17286,17322
17264,17275,17276
17266,17277,17278
17276,17283,17355
17265,17284,17277
17266,17265,17277
17264,17276,17355
17265,17356,17284
17283,17357,17355
17284,17356,17286
17283,17285,17357
17285,17286,17358
17286,17356,17358
15955,17305,17303
15875,17303,17248
17249,17303,17305
17251,17306,17304
15957,17311,17305
15958,17304,17306
15960,17306,17312
15959,17313,17311
15971,17314,17313
15972,17312,17314
17248,17303,17249
17251,17250,17306
17250,17312,17306
17305,17311,17319
17312,17320,17314
17311,17313,17321
17313,17314,17322
17249,17305,17319
17250,17320,17312
17311,17321,17319
17313,17322,17321
17314,17320,17322
17286,17321,17322
17263,17341,17339
17265,17340,17342
16542,17340,17266
16740,17342,17340
17263,17264,17341
17266,17340,17265
17264,17355,17347
17265,17342,17356
17264,17347,17341
17342,17348,17356
17347,17355,17349
17349,17357,17350
17348,17350,17358
17348,17358,17356
17349,17355,17357
17350,17357,17358
16741,17339,17341
16742,17348,17342
16743,17341,17347
16744,17350,17348
16775,17347,17349
16776,17349,17350
17285,17358,17357
181,253,182
188,734,192
192,735,193
189,190,703
189,702,188
190,191,737
191,194,738
188,192,272
180,188,272
192,273,272
181,189,180
181,182,190
182,183,191
181,190,189
182,191,190
180,189,188
183,194,191
183,275,194
195,275,276
192,193,273
194,195,739
194,275,195
195,276,896
217,218,254
216,287,228
216,228,224
229,287,288
217,225,218
218,226,219
217,216,224
219,227,290
217,224,225
218,225,226
219,226,227
227,230,290
230,291,290
224,228,1459
225,1446,226
226,1447,227
225,224,1458
227,1461,230
230,1462,231
228,287,229
229,288,1542
228,229,1460
230,231,291
180,272,256
180,256,252
256,272,257
182,254,183
181,252,253
182,253,254
183,254,255
181,180,252
183,255,275
259,276,275
255,259,275
259,260,276
252,256,287
216,252,287
256,288,287
256,257,288
217,254,253
218,255,254
216,253,252
217,253,216
219,259,255
218,219,255
219,290,259
259,290,260
257,273,258
260,291,261
193,274,273
257,272,273
260,277,276
193,894,274
274,894,278
278,894,895
276,277,896
277,897,896
258,273,274
258,274,302
274,278,302
260,261,277
261,279,277
261,303,279
278,895,304
277,279,897
257,289,288
260,290,291
231,292,291
257,258,289
258,293,289
258,302,293
261,291,292
261,292,303
292,294,303
288,289,1542
289,1543,1542
292,1544,294
231,1544,292
294,1544,1545
289,293,1543
294,1545,307
278,308,302
294,310,303
278,304,308
279,303,305
303,310,305
305,310,922
293,302,306
302,308,306
306,308,1555
294,307,310
304,309,308
308,309,1555
310,311,922
307,311,310
702,703,706
702,705,734
703,737,707
704,735,734
704,718,735
702,706,705
703,707,706
705,704,734
707,737,719
705,716,715
706,717,716
704,715,714
714,798,720
715,716,801
715,800,714
716,717,802
717,722,803
704,714,718
714,720,718
718,720,750
705,706,716
705,715,704
706,707,717
707,722,717
707,719,722
719,752,723
720,721,750
719,723,722
723,752,755
192,734,735
193,735,736
189,703,702
190,737,703
188,702,734
191,738,737
194,739,738
718,736,735
718,750,736
736,750,740
740,750,751
719,737,738
738,739,752
719,738,752
739,753,752
739,741,753
193,736,894
736,740,894
195,741,739
195,896,741
741,896,899
740,751,898
741,899,757
721,751,750
752,753,755
721,754,751
751,754,756
754,838,756
753,839,755
751,756,898
741,757,753
757,899,910
756,838,909
838,842,909
753,757,839
757,843,839
757,910,843
720,798,799
715,801,800
716,802,801
714,800,798
717,803,802
798,818,799
799,818,819
799,819,804
800,801,821
800,820,798
801,802,822
800,821,820
801,822,821
798,820,818
802,823,822
802,803,823
803,826,823
720,799,721
721,799,804
721,804,754
754,804,805
722,723,806
722,806,803
723,755,807
723,807,806
804,824,805
803,806,826
806,807,827
818,5458,819
804,819,824
820,821,5462
820,5461,818
821,822,5463
822,823,5464
819,5458,5459
819,5459,824
824,5459,5460
820,5462,5461
821,5463,5462
818,5461,5458
822,5464,5463
823,5465,5464
823,826,5465
805,824,825
806,827,826
824,5460,825
825,5460,5472
825,5472,850
826,827,5473
826,5473,5465
827,5519,5473
754,805,838
805,840,838
755,841,807
755,839,841
805,825,840
840,850,844
807,841,851
838,840,842
839,845,841
839,843,845
840,844,842
841,845,853
825,850,840
807,851,827
841,853,851
850,5472,5518
850,5518,852
827,851,5519
851,5523,5519
844,850,852
844,852,980
845,988,853
852,5518,5522
852,5522,987
851,853,5523
853,5693,5523
740,895,894
895,898,900
896,897,899
740,898,895
898,907,900
897,908,899
897,901,908
304,895,900
279,901,897
279,305,901
900,907,919
901,912,908
901,920,912
756,907,898
756,909,907
907,909,911
899,908,910
908,914,910
842,913,909
910,914,979
907,911,919
908,912,914
909,913,911
911,913,928
912,995,914
304,900,921
305,920,901
305,922,920
900,919,921
920,922,931
304,921,309
309,921,2192
921,923,2192
311,924,922
919,923,921
919,930,923
922,924,931
911,930,919
911,928,930
912,920,929
920,931,929
913,993,928
912,929,995
929,998,995
928,2198,930
929,931,933
924,2200,931
931,2200,933
928,993,932
928,932,2198
929,933,998
842,844,978
842,978,913
843,910,979
843,979,981
844,980,978
843,981,845
913,978,993
978,994,993
914,996,979
914,995,996
978,980,994
980,982,994
979,983,981
979,996,983
852,987,980
980,987,982
845,981,988
981,990,988
987,5522,5692
987,5692,989
853,988,5693
988,5697,5693
982,987,989
981,983,990
989,5692,5696
988,990,5697
993,994,997
994,999,997
995,1000,996
982,999,994
982,1007,999
983,996,1008
996,1000,1008
932,993,997
997,999,2276
995,998,1000
999,1007,2277
998,2279,1000
982,989,1007
989,1005,1007
983,1006,990
983,1008,1006
989,5696,1005
1005,5696,5713
990,1006,5715
990,5715,5697
1005,2285,1007
1007,2285,2277
1005,2287,2285
1006,1008,2288
1000,2286,1008
1008,2286,2288
1005,5713,2287
2287,5713,6564
1006,6566,5715
1006,2288,6566
1446,1449,1447
1447,1450,1461
1446,1458,1448
1448,1458,1474
1446,1448,1449
1447,1449,1450
1451,1462,1461
1450,1451,1461
1451,1475,1462
224,1459,1458
228,1460,1459
226,1446,1447
225,1458,1446
227,1447,1461
230,1461,1462
231,1462,1463
229,1542,1464
229,1464,1460
1464,1542,1548
231,1463,1544
1463,1465,1544
1458,1459,1474
1459,1460,1494
1459,1494,1474
1460,1464,1495
1460,1495,1494
1462,1475,1463
1463,1496,1465
1463,1475,1496
1465,1496,1497
1464,1548,1498
1465,1497,1549
1450,1477,1478
1449,1476,1477
1451,1478,1479
1448,1474,1480
1448,1480,1476
1474,1494,1481
1449,1477,1450
1450,1478,1451
1449,1448,1476
1451,1479,1475
1475,1479,1482
1475,1482,1496
1476,1480,1627
1477,1628,1478
1478,1629,1479
1477,1476,1626
1479,1630,1482
1474,1481,1480
1481,1494,1500
1482,1483,1496
1494,1495,1500
1483,1497,1496
1464,1498,1495
1498,1548,1568
1497,1499,1549
1495,1646,1500
1483,1501,1497
1497,1501,1499
1501,1647,1499
1495,1498,1646
1498,1568,1648
1498,1648,1646
1499,1647,1569
1569,1647,1649
1542,1543,1548
1465,1545,1544
1545,1549,1547
293,1546,1543
293,306,1546
307,1545,1547
1543,1546,1564
1543,1564,1548
1465,1549,1545
1547,1549,1565
1546,1566,1564
1546,1557,1566
1547,1565,1558
306,1557,1546
306,1555,1557
307,1547,1556
309,1559,1555
307,1556,311
311,1556,2193
1556,1560,2193
1555,1576,1557
1547,1558,1556
1555,1559,1576
1556,1558,1560
1558,1577,1560
1548,1564,1568
1564,1570,1568
1499,1565,1549
1499,1569,1565
1565,1569,1567
1564,1566,1570
1558,1565,1567
1568,1570,1764
1569,1649,1571
1566,1773,1570
1567,1569,1571
1567,1571,1579
1557,1578,1566
1557,1576,1578
1558,1567,1577
1567,1579,1577
1559,2211,1576
1576,1580,1578
1576,2211,1580
1577,1579,2213
1566,1578,1773
1578,1777,1773
1571,1775,1579
1578,1580,1777
1579,1581,2213
1579,1775,1581
1476,1627,1626
1478,1628,1629
1477,1626,1628
1479,1629,1630
1482,1630,1631
1480,1481,1632
1481,1500,1633
1480,1632,1627
1481,1633,1632
1482,1631,1483
1483,1634,1501
1483,1631,1634
1501,1634,1635
1626,1627,1659
1626,1659,1658
1627,1664,1659
1628,1660,1629
1629,1661,1630
1628,1626,1658
1630,1662,1631
1629,1660,1661
1628,1658,1660
1630,1661,1662
1631,1663,1634
1631,1662,1663
1627,1632,1664
1632,1633,1665
1634,1666,1635
1500,1646,1650
1500,1650,1633
1501,1635,1647
1635,1651,1647
1646,1648,1652
1646,1652,1650
1647,1651,1649
1633,1650,1698
1635,1667,1651
1651,1699,1653
1650,1652,1700
1649,1651,1653
1658,1659,1669
1634,1663,1666
1660,1671,1661
1661,1672,1662
1660,1658,1668
1662,1673,1663
1632,1665,1664
1635,1666,1667
1658,1669,1668
1659,1664,1670
1659,1670,1669
1661,1671,1672
1660,1668,1671
1662,1672,1673
1663,1673,1674
1663,1674,1666
1666,1674,1675
1664,1665,1676
1664,1676,1670
1665,1702,1676
1666,1675,1667
1667,1677,1699
1667,1675,1677
1633,1698,1665
1650,1700,1698
1651,1667,1699
1652,1785,1700
1653,1699,1701
1653,1701,1767
1665,1698,1702
1698,1704,1702
1699,1703,1701
1677,1703,1699
1698,1700,1704
1700,1789,1704
1701,1705,1786
1701,1703,1705
1568,1764,1648
1648,1764,1766
1571,1649,1765
1649,1653,1765
1570,1774,1764
1570,1773,1774
1571,1765,1775
1765,1776,1775
1648,1766,1652
1653,1767,1765
1764,1768,1766
1764,1774,1768
1765,1767,1776
1767,1769,1776
1773,1779,1774
1775,1776,1778
1776,1780,1778
1773,1777,1779
1581,1775,1778
1778,1780,2394
1768,1774,1797
1774,1779,1797
1769,1780,1776
1769,1798,1780
1777,2393,1779
1780,1798,2395
1652,1766,1785
1766,1787,1785
1701,1786,1767
1767,1786,1769
1766,1768,1787
1769,1786,1788
1700,1785,1789
1785,1791,1789
1786,1790,1788
1705,1790,1786
1785,1787,1791
1788,1790,1792
1768,1797,1799
1768,1799,1787
1769,1788,1798
1788,1801,1798
1779,2423,1797
1797,2429,1799
1797,2423,2429
1798,2424,2395
1798,1801,2424
1801,2431,2424
1787,1799,1800
1787,1800,1791
1788,1792,1801
1792,1802,1801
1799,2429,2430
1799,2430,1800
1801,1802,2431
1802,2432,2431
309,2192,1559
311,2193,924
923,930,2199
923,2194,2192
923,2199,2194
924,2193,2201
1559,2192,2210
1560,2195,2193
1560,1577,2212
1560,2212,2195
2192,2194,2210
2193,2195,2201
930,2198,2199
924,2201,2200
2200,2201,2205
932,2203,2198
932,2280,2203
933,2200,2281
2198,2202,2199
2194,2199,2222
2199,2202,2222
2195,2204,2201
2201,2204,2205
2198,2203,2202
2200,2205,2281
1559,2210,2211
2210,2215,2211
1577,2213,2212
2194,2214,2210
2210,2214,2215
2195,2212,2223
2212,2213,2216
2212,2216,2223
1580,2211,2390
1581,2217,2213
1581,2391,2217
2211,2215,2390
2213,2217,2216
2194,2222,2214
2195,2223,2204
2202,2203,2224
2202,2226,2222
2202,2224,2226
2204,2301,2205
2204,2223,2227
2204,2227,2301
2214,2222,2225
2214,2399,2215
2214,2225,2399
2216,2229,2223
2216,2217,2228
2216,2228,2229
2222,2226,2225
2224,2522,2226
2223,2229,2227
2228,2523,2229
932,997,2280
997,2276,2280
933,2278,998
933,2281,2278
999,2277,2276
998,2278,2279
1000,2279,2286
2276,2302,2280
2203,2280,2300
2278,2281,2305
2205,2304,2281
2281,2304,2305
2276,2277,2303
2276,2303,2302
2277,2289,2303
2278,2291,2279
2278,2305,2291
2277,2285,2289
2285,2287,2290
2279,2292,2286
2287,6564,2293
2286,2294,2288
2288,6572,6566
2285,2290,2289
2279,2291,2292
2286,2292,2294
2287,2293,2290
2293,6564,6570
2288,2294,6572
2294,6596,6572
2203,2300,2224
2280,2302,2300
2300,2302,2311
2205,2301,2304
2301,2312,2304
2289,2309,2303
2302,2303,2308
2303,2309,2310
2303,2310,2308
2304,2312,2314
2304,2314,2305
2305,2314,2313
2305,2313,2326
2224,2300,2306
2300,2311,2306
2300,2311,2311
2224,2306,2522
2227,2315,2301
2227,2229,2307
2301,2315,2312
2227,2307,2315
2301,2315,2315
2229,2523,2307
2302,2308,2311
2289,2290,2324
2290,2325,2324
2290,2325,2325
2289,2324,2309
2291,2305,2326
2291,2327,2292
2292,2327,2327
2291,2326,2327
2290,2293,2325
2293,2328,2325
2293,6570,2328
6570,6594,2328
2292,2329,2294
2292,2327,2329
2294,2329,6596
1580,2392,1777
1580,2390,2392
1581,1778,2391
1778,2394,2391
2215,2403,2390
2390,2404,2392
2390,2403,2404
2217,2391,2400
2391,2394,2405
1777,2392,2393
1779,2393,2423
1780,2395,2394
2392,2425,2393
2392,2404,2425
2394,2395,2406
2394,2406,2405
2395,2427,2406
2215,2399,2403
2399,2407,2403
2217,2400,2228
2391,2405,2400
2400,2405,2412
2225,2226,2401
2225,2408,2399
2226,2522,2401
2225,2401,2408
2399,2408,2407
2399,2408,2408
2228,2400,2402
2228,2402,2523
2400,2412,2402
2400,2412,2412
2403,2407,2410
2403,2410,2404
2404,2410,2409
2404,2409,2444
2405,2406,2411
2406,2427,2413
2406,2414,2411
2406,2413,2414
2405,2411,2412
2393,2426,2423
2395,2424,2427
2424,2431,2428
2393,2425,2426
2423,2426,2433
2424,2428,2427
2423,2433,2429
2429,2434,2430
2431,2432,2435
2429,2433,2434
2433,2449,2434
2428,2431,2435
2432,2436,2435
2404,2444,2425
2425,2445,2426
2426,2445,2445
2425,2444,2445
2427,2428,2446
2427,2446,2413
2428,2447,2446
2428,2447,2447
2426,2448,2433
2426,2445,2448
2433,2448,2449
2428,2435,2447
2435,2450,2447
2435,2436,2450
2436,2451,2450
5458,5466,5459
5459,5467,5460
5460,5467,5474
5461,5462,5469
5461,5468,5458
5462,5463,5470
5463,5464,5471
5464,5465,5476
5464,5476,5471
5459,5466,5467
5461,5469,5468
5462,5470,5469
5458,5468,5466
5463,5471,5470
5471,5476,5506
5460,5474,5472
5472,5474,5475
5472,5475,5518
5465,5473,5477
5465,5477,5476
5473,5521,5477
5474,5504,5475
5476,5477,5507
5466,5498,5467
5467,5499,5474
5467,5498,5499
5468,5469,5501
5468,5500,5466
5469,5470,5502
5468,5501,5500
5469,5502,5501
5466,5500,5498
5470,5503,5502
5470,5471,5503
5471,5506,5503
5498,5596,5499
5500,5597,5498
5500,5501,5598
5501,5502,5599
5502,5503,5602
5474,5499,5504
5475,5504,5505
5476,5507,5506
5499,5600,5504
5504,5600,5601
5504,5601,5505
5505,5601,5628
5503,5506,5603
5503,5603,5602
5506,5507,5629
5506,5629,5603
5475,5520,5518
5518,5520,5522
5473,5519,5521
5519,5525,5521
5475,5505,5520
5520,5530,5524
5477,5521,5531
5520,5524,5522
5522,5524,5692
5519,5523,5525
5523,5695,5525
5524,5534,5694
5521,5525,5535
5525,5705,5535
5505,5530,5520
5477,5531,5507
5521,5535,5531
5505,5628,5530
5530,5628,5532
5507,5533,5629
5507,5531,5533
5524,5530,5534
5531,5535,5537
5530,5532,5534
5532,5536,5534
5531,5537,5533
5499,5596,5600
5501,5599,5598
5500,5598,5597
5498,5597,5596
5502,5602,5599
5597,5598,5618
5597,5617,5596
5598,5599,5619
5600,5604,5601
5601,5630,5628
5602,5603,5632
5596,5616,5600
5600,5616,5604
5601,5604,5630
5599,5602,5605
5598,5619,5618
5597,5618,5617
5596,5617,5616
5599,5605,5619
5602,5632,5605
5604,5616,5643
5617,5620,5616
5617,5618,5621
5605,5647,5619
5618,5619,5646
5619,5647,5646
5617,5621,5620
5618,5646,5621
5616,5620,5643
5532,5628,5631
5603,5629,5633
5533,5635,5629
5629,5635,5633
5628,5630,5631
5603,5633,5632
5532,5634,5536
5532,5631,5634
5536,5634,5776
5533,5537,5777
5533,5777,5635
5631,5649,5634
5634,5788,5776
5633,5635,5789
5604,5644,5630
5604,5643,5644
5630,5644,5645
5630,5645,5631
5631,5645,5649
5605,5632,5648
5605,5648,5647
5632,5633,5650
5632,5650,5648
5643,6040,5644
5644,6044,5645
5620,5621,6042
5620,6041,5643
5621,5646,6043
5646,5647,6046
5647,5648,6047
5634,5649,5788
5633,5789,5650
5645,6045,5649
5649,5790,5788
5649,6045,5790
5648,5650,5792
5648,5792,6047
5524,5694,5692
5692,5694,5696
5523,5693,5695
5693,5699,5695
5534,5704,5694
5694,5704,5698
5525,5695,5705
5695,5709,5705
5694,5698,5696
5693,5697,5699
5698,5704,5708
5695,5699,5709
5534,5536,5704
5535,5705,5707
5536,5706,5704
5536,5776,5706
5535,5707,5537
5537,5707,5781
5704,5706,5708
5706,5722,5708
5705,5709,5724
5705,5724,5707
5706,5780,5722
5722,5780,5723
5707,5724,5725
5707,5725,5781
5696,5698,5713
5698,5714,5713
5697,5715,5716
5697,5716,5699
5698,5708,5714
5708,5717,5714
5699,5718,5709
5699,5716,5718
5713,5714,6564
5714,6565,6564
5715,6567,5716
5715,6566,6567
5714,5717,6565
5717,6568,6565
5717,5726,6568
5716,6569,5718
5716,6567,6569
5718,6569,6587
5708,5722,5717
5717,5722,5726
5709,5727,5724
5709,5718,5727
5722,5723,5726
5724,5727,5729
5724,5729,5725
5726,5728,6585
5718,6587,5727
5723,5728,5726
5725,5729,5804
5727,6588,5729
5706,5776,5780
5537,5781,5777
5776,5788,5778
5776,5778,5780
5635,5777,5779
5635,5779,5789
5777,5783,5779
5723,5780,5782
5777,5781,5783
5781,5802,5783
5778,5782,5780
5779,5783,5811
5778,5788,5791
5778,5791,5794
5650,5789,5793
5779,5795,5789
5788,5790,5791
5650,5793,5792
5789,5795,5793
5778,5794,5782
5782,5794,5810
5779,5811,5795
5791,6082,5794
5794,6082,6111
5793,5795,6112
5723,5782,5801
5723,5801,5728
5725,5802,5781
5782,5810,5801
5801,5810,5805
5783,5806,5811
5783,5802,5806
5728,5801,5803
5725,5804,5802
5802,5804,6698
5801,5805,5803
5803,5805,6696
5805,5812,6696
5802,6698,5806
5805,5810,5814
5795,5811,5815
5794,6111,5810
5810,6111,5814
5795,5815,6112
5805,5814,5812
5806,5813,5811
5811,5813,5815
5812,5814,6116
5815,6118,6112
5813,6709,5815
5815,6709,6118
5644,6040,6044
5620,6042,6041
5621,6043,6042
5643,6041,6040
5646,6046,6043
5647,6047,6046
5645,6044,6045
6044,6076,6045
5790,6045,6077
6046,6047,6080
6040,6056,6044
6045,6076,6077
6044,6056,6076
6042,6043,6059
6041,6057,6040
6041,6042,6058
6043,6046,6079
6041,6058,6057
6042,6059,6058
6040,6057,6056
6046,6080,6079
6043,6079,6059
6057,6058,6093
5790,6077,6078
5790,6078,5791
5792,6081,6047
5792,5793,6083
5792,6083,6081
6077,6096,6078
6047,6081,6080
6079,6080,6099
5791,6078,6082
5793,6112,6083
6078,6097,6082
6078,6096,6097
6082,6097,6113
6080,6081,6100
6081,6083,6114
6081,6114,6100
6056,6091,6076
6076,6095,6077
6077,6095,6096
6076,6091,6095
6058,6059,6094
6059,6079,6098
6057,6092,6056
6057,6093,6092
6058,6094,6093
6056,6092,6091
6079,6099,6098
6059,6098,6094
6096,6127,6097
6080,6100,6099
6091,6184,6095
6095,6126,6096
6095,6184,6126
6094,6098,6129
6092,6186,6091
6092,6093,6187
6093,6094,6185
6093,6185,6187
6098,6099,6130
6091,6186,6184
6094,6129,6185
6098,6130,6129
6082,6113,6111
5814,6111,6115
6111,6113,6115
6083,6112,6117
6113,6132,6115
6083,6117,6114
5814,6115,6116
6115,6119,6116
6112,6118,6117
6117,6118,7243
6115,6132,6119
6114,6117,6120
6114,6120,6133
6117,7243,6120
6097,6128,6113
6097,6127,6128
6113,6128,6132
6099,6100,6131
6100,6114,6133
6100,6133,6131
6096,6126,6127
6127,6193,6128
6099,6131,6130
6119,6132,7253
6131,6133,7255
6128,7254,6132
6132,7254,7253
6128,6193,7254
6130,6131,7256
6131,7255,7256
6092,6187,6186
6126,6184,6196
6126,6192,6127
6126,6196,6192
6129,6194,6185
6185,6197,6187
6184,6186,6198
6186,6187,6199
6129,6130,6195
6186,6199,6198
6187,6197,6199
6185,6194,6197
6184,6198,6196
6127,6192,6193
6129,6195,6194
6130,7256,6195
6194,6195,7329
6192,6196,7328
6192,7327,6193
6197,7331,6199
6194,7330,6197
6198,6199,7343
6196,6198,7342
6564,6565,6570
6565,6568,6571
6566,6573,6567
6568,6585,6574
6567,6576,6569
6569,6577,6587
6565,6571,6570
6570,6571,6594
6566,6572,6573
6567,6573,6576
6568,6574,6571
6574,6585,6575
6569,6576,6577
5726,6585,6568
5728,6586,6585
5727,6587,6588
5728,5803,6586
5803,6589,6586
5729,6590,5804
5729,6588,6590
6575,6585,6586
6575,6586,6606
6587,6608,6588
6577,6608,6587
6588,6608,6609
6586,6589,6606
6589,6607,6606
6589,6700,6607
6588,6609,6590
6590,6611,6702
6571,6595,6594
6571,6574,6595
6574,6598,6595
6572,6597,6573
6572,6596,6597
6573,6600,6576
6573,6597,6600
6574,6575,6598
6574,6598,6598
6575,6606,6599
6575,6599,6598
6576,6600,6600
6576,6600,6601
6576,6601,6577
6577,6601,6616
6606,6612,6599
6606,6613,6612
6606,6607,6613
6607,6614,6613
6577,6616,6608
6608,6616,6617
6608,6617,6618
6608,6618,6609
6607,6700,6610
6607,6610,6614
6590,6609,6611
6611,6719,6702
6609,6619,6611
6609,6618,6619
6610,6615,6614
6610,6615,6615
6716,6620,6615
6610,6716,6615
6716,6717,6620
6717,6780,6620
6611,6619,6619
6611,6619,6621
6611,6621,6719
6719,6621,6781
5803,6696,6589
5804,6590,6702
5804,6702,6698
5812,6697,6696
6696,6697,6700
5806,6698,6699
6589,6696,6700
6698,6702,6703
6697,6701,6700
6697,6710,6701
6698,6703,6699
6699,6703,6715
6699,6715,6711
5812,6708,6697
5806,6699,5813
5813,6699,6711
5813,6711,6709
5812,6116,6708
6118,6709,7245
6697,6708,6710
6709,6711,6728
6708,7244,6710
6710,7244,6726
6726,7244,7264
6709,6728,7245
6610,6700,6701
6610,6701,6716
6701,6714,6716
6702,6719,6703
6703,6719,6720
6703,6720,6715
6701,6710,6714
6711,6715,6732
6714,6717,6716
6717,6718,6780
6715,6720,6721
6719,6781,6720
6714,6730,6717
6717,6730,6718
6718,6730,6731
6715,6721,6732
6721,6789,6732
6732,6789,6733
6710,6726,6714
6714,6726,6730
6726,6727,6730
6711,6732,6728
6728,6732,6733
6726,7264,6727
6728,6729,7245
6728,6733,6729
6727,6731,6730
6729,6733,6811
6727,7266,6731
6731,7266,6810
6729,6811,7267
6718,6786,6780
6718,6788,6786
6788,6790,6786
6788,6790,6790
6720,6781,6787
6720,6787,6721
6721,6794,6789
6721,6787,6794
6789,6794,6794
6789,6794,6795
6718,6731,6788
6788,6798,6790
6788,6810,6798
6733,6789,6800
6789,6795,6800
6798,6791,6790
6798,6799,6791
6799,6793,6791
6799,6792,6793
6799,6828,6792
6800,6795,6797
6800,6797,6801
6801,6797,6796
6801,6796,6821
6731,6810,6788
6798,6810,6812
6733,6800,6811
6800,6801,6811
6801,6814,6811
6810,7266,7422
6810,7422,6812
6811,6814,7267
6814,7423,7267
6798,6812,6799
6799,6812,6813
6799,6813,6828
6801,6830,6814
6814,6830,6815
6812,7428,6813
6814,6815,7423
6815,6833,7429
6828,6819,6792
6828,6829,6819
6829,6820,6819
6829,6820,6820
6801,6821,6830
6830,6821,6822
6830,6822,6831
6831,6822,6822
6829,6834,6820
6834,6823,6820
6834,15235,6823
15235,15223,6823
6831,6822,6824
6831,6824,6835
6835,6824,15225
6828,6832,6829
6815,6830,6831
6831,6835,6833
6813,6832,6828
6829,6832,6836
6815,6831,6833
6829,6836,6834
6834,15239,15235
6835,15225,15237
6835,15237,6837
6834,6836,15239
6833,6835,6837
6837,15237,15241
6116,7242,6708
6116,6119,7242
6708,7242,7244
6118,7245,7243
6119,7251,7242
6120,7243,7247
6120,7247,7252
7242,7246,7244
7244,7246,7264
7243,7245,7265
7242,7251,7246
7243,7265,7247
6119,7253,7251
6120,7252,6133
6133,7252,7255
7251,7253,7257
7253,7254,7332
7256,7255,7258
7246,7251,7275
7247,7274,7252
7252,7274,7276
7253,7332,7257
7251,7257,7275
7252,7276,7255
7255,7276,7258
6727,7264,7268
6729,7265,7245
6729,7267,7265
7265,7267,7269
7246,7273,7264
7264,7273,7268
7247,7265,7269
7247,7269,7274
6727,7268,7266
7266,7268,7424
7267,7423,7269
7268,7277,7424
7269,7426,7274
7269,7423,7426
7246,7275,7273
7274,7278,7276
7257,7354,7275
7273,7275,7279
7275,7354,7279
7258,7276,7280
7276,7278,7280
7268,7273,7277
7273,7279,7277
7274,7426,7278
7277,7279,7488
7278,7435,7280
6193,7326,7254
7254,7326,7332
6195,7256,7333
7256,7258,7333
6195,7333,7329
6193,7327,7326
6192,7328,7327
6194,7329,7330
6196,7342,7328
6197,7330,7331
6199,7331,7343
6198,7343,7342
7257,7332,7356
7258,7355,7333
7326,7357,7332
7326,7327,7369
7332,7357,7356
7326,7369,7357
7330,7370,7331
7329,7359,7330
7329,7333,7358
7329,7358,7359
7330,7359,7370
7331,7345,7343
7342,7343,7347
7328,7342,7346
7327,7328,7344
7327,7344,7369
7328,7346,7344
7342,7347,7346
7343,7345,7347
7331,7370,7345
7257,7356,7354
7333,7355,7358
7258,7280,7355
7356,7357,7372
7358,7361,7359
7279,7354,7490
7279,7490,7488
7280,7489,7355
7358,7355,7491
7355,7489,7491
7354,7356,7360
7356,7372,7360
7354,7360,7490
7358,7491,7361
7344,7375,7369
7357,7369,7371
7369,7375,7371
7346,7347,7378
7345,7376,7347
7344,7346,7377
7359,7374,7370
7345,7370,7373
7345,7373,7376
7346,7378,7377
7344,7377,7375
7347,7376,7378
7357,7371,7372
7359,7361,7374
7370,7374,7373
7371,7375,7501
7373,7502,7376
7377,7378,7505
7376,7503,7378
7375,7377,7504
7266,7424,7422
6812,7422,7428
7423,7429,7426
7422,7424,7425
7422,7425,7428
7426,7429,7427
6813,7428,7443
6815,7429,7423
7425,7436,7428
7428,7436,7443
7427,7429,7444
7427,7444,7437
7277,7434,7424
7424,7434,7425
7278,7426,7427
7278,7427,7435
7277,7488,7434
7434,7488,7492
7280,7435,7489
7435,7439,7489
7425,7434,7438
7425,7438,7436
7427,7437,7435
7435,7437,7439
7434,7492,7438
7439,7493,7489
6813,7443,6832
6832,7445,6836
6832,7443,7445
6833,7444,7429
6833,6837,7444
6837,7446,7444
7436,7449,7443
7443,7449,7445
7437,7444,7446
7437,7446,7450
6836,7445,15973
6836,15973,15239
6837,15241,7446
7446,15241,15975
7445,7449,15982
7445,15982,15973
7446,15975,7450
7450,15975,15983
7436,7451,7449
7437,7450,7439
7436,7438,7451
7438,7520,7451
7439,7452,7493
7439,7450,7452
7449,15984,15982
7450,15983,7452
7449,7451,15984
7451,16057,15984
7452,15985,7521
7452,15983,15985
7488,7490,7494
7489,7493,7491
7491,7493,7495
7360,7506,7490
7490,7506,7494
7361,7491,7495
7361,7495,7508
7488,7494,7492
7493,7521,7495
7492,7494,7522
7494,7506,7526
7495,7523,7508
7360,7372,7507
7371,7500,7372
7360,7507,7506
7372,7500,7507
7361,7508,7374
7373,7374,7509
7374,7508,7509
7373,7509,7502
7371,7501,7500
7376,7502,7503
7375,7504,7501
7377,7505,7504
7378,7503,7505
7506,7507,7527
7508,7528,7509
7502,7509,7529
7500,7501,7531
7500,7530,7507
7500,7531,7530
7502,7532,7503
7501,7504,7534
7505,7503,7533
7504,7505,7535
7502,7529,7532
7503,7532,7533
7501,7534,7531
7505,7533,7535
7504,7535,7534
7438,7492,7520
7492,7522,7520
7452,7521,7493
7494,7526,7522
7495,7521,7523
7508,7523,7528
7451,7520,16057
7520,16059,16057
7521,16058,7523
7521,15985,16058
7520,7522,16059
7522,16069,16059
7523,16060,7528
7523,16058,16060
7506,7527,7526
7509,7528,7529
7507,7530,7527
7530,7531,16073
7532,16075,7533
7535,7533,16076
7531,7534,16077
7534,7535,16078
7522,7526,16069
7526,7527,16071
7526,16071,16069
7528,16070,7529
7528,16060,16070
7529,16070,16074
7527,7530,16072
7530,16073,16072
7527,16072,16071
7529,16074,7532
7532,16074,16075
7533,16075,16076
7531,16077,16073
7535,16076,16078
7534,16078,16077
1669,1670,10460
1668,1669,10455
1669,10460,10455
1671,10456,1672
1672,10457,1673
1671,1668,10454
1673,10458,1674
1674,10459,1675
1675,10459,10462
1670,1676,10461
1670,10461,10460
1676,10474,10461
1675,10462,1677
1677,10463,1703
1677,10462,10463
1668,10455,10454
10455,10460,10480
1672,10456,10457
1671,10454,10456
1673,10457,10458
1674,10458,10459
10460,10461,10481
10462,10482,10463
1676,1702,10474
1702,10476,10474
1703,10475,1705
1703,10463,10475
1702,1704,10476
1704,10550,10476
1705,10477,1790
1705,10475,10477
10461,10474,10500
10463,10483,10475
10475,10501,10477
10474,10476,10502
10476,10562,10502
10477,10503,10551
10454,10455,10485
10455,10480,10485
10454,10485,10484
10456,10486,10457
10457,10487,10458
10456,10454,10484
10458,10488,10459
10459,10489,10462
10457,10486,10487
10456,10484,10486
10458,10487,10488
10459,10488,10489
10460,10481,10480
10462,10489,10482
10463,10482,10483
10484,10485,10621
10487,10618,10488
10486,10617,10487
10486,10484,10616
10488,10619,10489
10480,10620,10485
10480,10481,10636
10485,10620,10621
10480,10636,10620
10482,10489,10623
10482,10622,10483
10482,10623,10622
10483,10622,10637
10461,10500,10481
10474,10502,10500
10475,10483,10501
10500,10502,10506
10477,10501,10503
10481,10500,10504
10481,10504,10636
10483,10637,10501
10501,10637,10505
10500,10506,10504
10501,10505,10503
10503,10505,10507
1704,1789,10550
1789,10552,10550
1790,10551,1792
1790,10477,10551
1789,1791,10552
1792,10551,10553
10476,10550,10562
10550,10564,10562
10551,10563,10553
10503,10563,10551
10550,10552,10564
10553,10563,10565
1791,1800,10556
1791,10556,10552
1792,10553,1802
1802,10553,10557
1800,2430,11121
1800,11121,10556
1802,10557,2432
2432,10557,11122
10552,10556,10558
10552,10558,10564
10553,10565,10557
10557,10565,10559
10556,11125,10558
10556,11121,11125
10558,11125,11145
10557,10559,11122
10559,11126,11122
10559,10572,11126
10502,10562,10566
10503,10507,10563
10562,10564,10573
10562,10573,10566
10563,10567,10565
10565,10567,10575
10502,10566,10506
10506,10566,10714
10507,10567,10563
10507,10713,10567
10566,10573,10574
10566,10574,10714
10567,10715,10575
10575,10715,10576
10558,10571,10564
10564,10571,10573
10559,10565,10575
10559,10575,10572
10558,11145,10571
10572,10578,11147
10571,10577,10573
10573,10577,10574
10572,10575,10576
10571,11146,10577
10574,10577,10726
10572,10576,10578
10484,10621,10616
10486,10616,10617
10488,10618,10619
10487,10617,10618
10489,10619,10623
10620,10638,10621
10622,10623,10625
10622,10640,10637
10618,10653,10619
10617,10616,10651
10617,10652,10618
10616,10621,10624
10621,10638,10624
10616,10624,10651
10619,10654,10623
10623,10654,10625
10622,10625,10640
10617,10651,10652
10619,10653,10654
10618,10652,10653
10504,10642,10636
10620,10636,10639
10636,10642,10639
10505,10637,10641
10504,10506,10712
10504,10712,10642
10505,10643,10507
10505,10641,10643
10507,10643,10713
10620,10639,10638
10637,10640,10641
10639,10642,10733
10643,10734,10713
10641,10664,10643
10624,10666,10651
10651,10666,10665
10625,10654,10668
10652,10655,10653
10653,10656,10654
10652,10651,10665
10652,10665,10655
10653,10655,10656
10654,10656,10668
10624,10638,10667
10638,10639,10663
10624,10667,10666
10638,10663,10667
10625,10669,10640
10640,10670,10641
10641,10670,10664
10640,10669,10670
10625,10668,10669
10639,10733,10663
10643,10664,10734
10665,10666,11624
10666,10667,11623
10655,11620,10656
10656,11621,10668
10668,11622,10669
10655,10665,11619
10669,11626,10670
10663,10735,10667
10667,10735,11623
10664,10670,11625
10664,10737,10734
10664,11625,10737
10506,10714,10712
10567,10713,10715
10712,10714,10718
10714,10724,10718
10576,10715,10719
10642,10712,10716
10712,10718,10716
10642,10716,10733
10713,10717,10715
10713,10734,10717
10716,10718,10746
10715,10717,10719
10574,10724,10714
10576,10725,10578
10576,10719,10725
10574,10726,10724
10724,10726,11245
10578,10725,10727
10718,10724,10728
10718,10728,10746
10719,10747,10725
10725,10747,10729
10724,11245,10728
10725,10729,10727
10727,10729,11247
10729,10749,11247
10716,10739,10733
10663,10733,10736
10717,10734,10738
10717,10738,10740
10716,10746,10739
10717,10740,10719
10719,10740,10747
10663,10736,10735
10733,10739,10736
10737,10738,10734
10736,10739,11670
10738,11656,10740
10740,11656,11671
10739,10746,10750
10729,10747,10751
10728,10748,10746
10746,10748,10750
10729,10751,10749
10739,10750,11670
10740,11671,10747
10747,11671,10751
10748,11267,10750
10750,11672,11670
10750,11267,11672
10749,10751,11674
2430,11123,11121
2432,11122,2436
11122,11126,11124
2430,2434,11123
11121,11123,11127
2436,11122,11124
2436,11124,2451
11121,11127,11125
11125,11128,11145
11126,11147,11129
11125,11127,11128
11124,11126,11129
11129,11147,11130
2434,2449,11136
2434,11136,11123
11123,11136,11138
11123,11138,11127
11124,11137,2451
11124,11129,11137
11129,11140,11137
11127,11138,11138
11127,11138,11139
11127,11139,11128
11128,11139,11158
11129,11140,11140
11129,11130,11140
11130,11141,11140
11130,11156,11141
10571,11145,11146
10572,11147,11126
10578,11148,11147
11128,11154,11145
11145,11154,11146
11146,11154,11155
11130,11147,11148
11130,11148,11156
10577,11146,11149
10577,11149,10726
10578,10727,11148
10727,11150,11148
11146,11155,11149
11149,11166,11241
11148,11150,11156
11150,11157,11156
11150,11243,11157
11128,11158,11154
11154,11158,11159
11154,11159,11160
11154,11160,11155
11156,11162,11141
11156,11163,11162
11156,11157,11163
11157,11164,11163
11155,11160,11161
11149,11155,11166
11155,11161,11166
11166,11253,11241
11157,11167,11164
11157,11243,11167
11166,11161,11161
11166,11161,11168
11166,11168,11253
11253,11168,11235
11167,11165,11164
11167,11165,11165
11256,11169,11165
11167,11256,11165
11256,11257,11169
11257,11236,11169
10726,11149,11241
10726,11241,11245
10727,11247,11150
11241,11242,11245
11150,11247,11243
10728,11245,11246
11243,11247,11248
10749,11248,11247
11242,11246,11245
11242,11259,11246
11246,11259,11265
11243,11248,11244
11244,11248,11266
11241,11253,11242
11242,11253,11254
11242,11254,11259
11167,11243,11244
11167,11244,11256
11244,11260,11256
11253,11235,11254
11254,11255,11259
11257,11258,11236
11256,11260,11257
11259,11271,11265
11244,11266,11260
11255,11271,11259
11255,11335,11271
11271,11335,11272
11257,11260,11273
11257,11273,11258
11258,11273,11274
10728,11246,10748
10748,11246,11265
10748,11265,11267
10749,11268,11248
11265,11275,11267
11248,11268,11266
11267,12143,11672
10749,11674,11268
11267,11275,12143
11266,11268,12144
11266,12144,11277
11277,12144,12151
11265,11271,11275
11271,11272,11275
11260,11266,11277
11260,11277,11273
11273,11277,11278
11272,11358,11276
11273,11278,11274
11272,11276,11275
11275,11276,12143
11277,12151,11278
11276,11358,12152
11274,11278,12153
11274,12153,11359
11254,11235,11325
11254,11325,11255
11255,11327,11335
11255,11325,11327
11335,11327,11327
11335,11327,11328
11258,11326,11236
11258,11336,11326
11336,11331,11326
11336,11331,11331
11339,11332,11331
11335,11328,11337
11272,11335,11337
11336,11339,11331
11258,11274,11336
11336,11359,11339
11337,11328,11330
11337,11330,11338
11338,11330,11329
11338,11329,11349
11339,11340,11332
11340,11334,11332
11340,11333,11334
11340,11369,11333
11367,11349,11350
11338,11349,11367
11368,11350,11350
11367,11350,11368
11369,11351,11333
11369,11370,11351
11370,11352,11351
11370,11352,11352
11368,11350,11353
11368,11353,11371
11371,11353,15355
11372,11354,11352
11370,11372,11352
15393,15357,11354
11372,15393,11354
11272,11337,11358
11337,11338,11358
11338,11360,11358
11274,11359,11336
11339,11359,11362
11338,11367,11360
11360,11367,11361
11339,11362,11340
11340,11363,11369
11340,11362,11363
11358,11360,12152
11360,12225,12152
11359,12226,11362
11359,12153,12226
11360,11361,12225
11361,11373,12227
11362,12228,11363
11361,11367,11368
11368,11371,11373
11369,11374,11370
11371,15355,15391
11371,15391,11375
11370,11376,11372
11372,15401,15393
11361,11368,11373
11363,11374,11369
11370,11374,11376
11371,11375,11373
11375,15391,15399
11372,11376,15401
10666,11623,11624
10665,11624,11619
10655,11619,11620
10656,11620,11621
10669,11622,11626
10668,11621,11622
11623,11658,11624
10670,11626,11625
10737,11625,11661
11625,11626,11662
11619,11624,11659
11624,11658,11659
11619,11659,11635
11620,11619,11635
11622,11638,11626
11620,11636,11621
11621,11637,11622
11625,11662,11661
11620,11635,11636
11621,11636,11637
11622,11637,11638
11626,11638,11662
11636,11693,11637
10735,11657,11623
10735,10736,11655
10735,11655,11657
10737,11660,10738
10737,11661,11660
10736,11670,11655
10738,11660,11656
11623,11657,11658
11658,11686,11659
11660,11661,11689
11655,11676,11657
11657,11685,11658
11657,11676,11685
11660,11688,11656
11656,11688,11677
11660,11689,11688
11655,11670,11673
10751,11671,11675
11656,11677,11671
11671,11677,11675
11670,11672,11673
11672,12141,11673
10751,11675,11674
11674,11675,11679
11655,11673,11676
11675,11677,11706
11673,11678,11676
11673,12141,11678
11676,11678,11705
11675,11706,11679
11635,11659,11687
11659,11686,11687
11635,11687,11691
11661,11662,11690
11638,11692,11662
11636,11635,11691
11661,11690,11689
11637,11694,11638
11638,11694,11692
11636,11691,11693
11637,11693,11694
11662,11692,11690
11658,11685,11686
11688,11689,11711
11687,11709,11691
11686,11708,11687
11687,11708,11709
11691,11709,11763
11690,11692,11764
11689,11690,11712
11691,11763,11693
11693,11765,11694
11692,11694,11766
11693,11763,11765
11690,11764,11712
11692,11766,11764
11676,11705,11685
11685,11707,11686
11685,11705,11707
11677,11688,11710
11677,11710,11706
11688,11711,11710
11705,12161,11707
11679,11706,12163
11686,11707,11708
11689,11712,11711
11710,11711,11773
11707,12161,12162
11707,12162,11708
11710,12164,11706
11706,12164,12163
11710,11773,12164
11694,11765,11766
11709,11772,11763
11708,11771,11709
11763,11772,11775
11712,11764,11776
11711,11712,11774
11763,11775,11765
11765,11777,11766
11764,11766,11778
11712,11776,11774
11765,11775,11777
11766,11777,11778
11764,11778,11776
11708,12162,11771
11709,11771,11772
11771,12293,11772
11711,11774,11773
11772,12294,11775
11773,11774,12297
11774,11776,12298
11775,12295,11777
11776,11778,12323
11777,12322,11778
11672,12143,12141
11268,11674,12142
11268,12142,12144
11674,11679,12142
12141,12143,12150
12142,12146,12144
12144,12146,12151
11678,12141,12145
11678,12145,12159
11679,12160,12142
12141,12150,12145
12142,12160,12146
11276,12150,12143
11276,12152,12150
12150,12152,12154
11278,12151,12155
12152,12225,12154
11278,12155,12153
12153,12155,12231
12145,12150,12154
12145,12154,12172
12151,12173,12155
12146,12173,12151
12154,12225,12229
12154,12229,12172
12155,12175,12231
11678,12159,11705
11705,12159,12161
11679,12163,12160
12145,12172,12159
12159,12172,12176
12146,12160,12177
12161,12165,12162
12160,12163,12166
12164,12292,12163
12159,12176,12161
12161,12176,12165
12160,12166,12177
12163,12292,12166
12172,12174,12176
12146,12177,12173
12172,12229,12174
12155,12173,12175
12173,12179,12175
12174,12178,12176
12165,12176,12178
12173,12177,12179
12166,12308,12177
12177,12308,12179
12174,12245,12178
12175,12179,12388
12225,12227,12229
11362,12226,12228
12153,12231,12226
11361,12227,12225
11363,12228,12238
12227,12230,12229
12226,12231,12232
12226,12232,12228
12227,12237,12230
12230,12237,12243
12228,12244,12238
12228,12232,12244
11373,12237,12227
11373,11375,12237
11375,12239,12237
11363,12238,11374
11374,12240,11376
11374,12238,12240
11375,15399,12239
12239,15399,16779
11376,16781,15401
11376,12240,16781
12237,12239,12243
12239,12252,12243
12238,12253,12240
12238,12244,12253
12239,16779,12252
12252,16779,16798
12240,12253,16799
12240,16799,16781
12174,12229,12230
12174,12230,12245
12175,12246,12231
12231,12246,12232
12230,12243,12245
12243,12247,12245
12232,12246,12248
12232,12248,12244
12178,12245,12387
12245,12247,12387
12175,12388,12246
12246,12388,12390
12247,12389,12387
12246,12390,12248
12243,12252,12247
12244,12255,12253
12252,16798,12254
12253,16803,16799
12247,12252,12254
12247,12254,12389
12244,12248,12255
12248,12400,12255
12254,16798,16802
12254,16802,12399
12253,12255,16803
12255,16946,16803
11771,12162,12291
12162,12165,12291
11771,12291,12293
11773,12296,12164
12164,12296,12292
12165,12307,12291
12166,12292,12311
11772,12293,12294
11775,12294,12295
11773,12297,12296
11774,12298,12297
11776,12323,12298
11777,12295,12322
11778,12322,12323
12291,12309,12293
12293,12309,12310
12293,12310,12294
12294,12334,12295
12294,12310,12334
12292,12296,12312
12292,12312,12311
12296,12297,12335
12296,12335,12312
12165,12178,12307
12291,12307,12309
12166,12311,12308
12178,12387,12307
12307,12391,12309
12307,12387,12391
12179,12308,12392
12179,12392,12388
12309,12313,12310
12311,12312,12338
12309,12391,12313
12311,12314,12308
12314,12392,12308
12311,12338,12314
12295,12324,12322
12298,12323,12327
12322,12326,12323
12295,12334,12324
12297,12298,12325
12298,12327,12325
12297,12325,12335
12322,12324,12326
12323,12326,12327
12310,12336,12334
12324,12334,12337
12324,12337,12340
12312,12335,12339
12325,12341,12335
12324,12340,12326
12326,12342,12327
12325,12327,12343
12335,12341,12339
12310,12313,12336
12334,12336,12337
12312,12339,12338
12326,12340,12342
12325,12343,12341
12327,12342,12343
12337,12409,12340
12339,12341,12412
12340,12410,12342
12342,12413,12343
12341,12343,12414
12387,12389,12391
12389,12393,12391
12388,12392,12394
12389,12399,12393
12388,12394,12390
12313,12391,12393
12313,12393,12405
12392,12407,12394
12314,12407,12392
12393,12401,12405
12390,12394,12402
12394,12407,12427
12254,12399,12389
12248,12390,12400
12390,12402,12400
12399,16802,16945
12399,16945,12401
12255,12400,16946
12400,16950,16946
12393,12399,12401
12401,12425,12405
12394,12427,12402
12401,16945,16949
12401,16949,12425
12400,12402,16950
12402,16970,16950
12313,12405,12336
12336,12405,12406
12336,12406,12337
12337,12406,12409
12314,12338,12408
12314,12408,12407
12338,12339,12411
12338,12411,12408
12405,12425,12406
12406,12426,12409
12407,12408,12428
12340,12409,12410
12339,12412,12411
12341,12414,12412
12343,12413,12414
12342,12410,12413
12409,12429,12410
12409,12426,12429
12410,12429,12430
12408,12411,12431
12411,12432,12431
12411,12412,12432
12410,12430,12413
12414,12434,12412
12413,12433,12414
12412,12434,12432
12413,12430,12433
12414,12433,12434
12406,12425,12426
12407,12428,12427
12425,16949,16969
12425,16969,12426
12426,16969,16975
12402,12427,16970
12427,12428,16978
12427,16978,16970
12429,16976,12430
12408,12431,12428
12431,12432,16980
12430,16977,12433
12434,16982,12432
12433,16981,12434
12426,16975,12429
12429,16975,16976
12430,16976,16977
12428,12431,16979
12428,16979,16978
12431,16980,16979
12432,16982,16980
12433,16977,16981
12434,16981,16982
15236,15224,15223
15243,15227,15224
15236,15243,15224
15237,15225,15226
15237,15226,15238
15238,15226,15229
15238,15229,15245
15244,15228,15227
15243,15227,15227
15243,15244,15227
15244,15264,15228
15245,15229,15229
15245,15229,15230
15246,15230,15260
15245,15230,15246
15235,15236,15223
15235,15240,15236
15237,15238,15241
15238,15245,15242
15235,15239,15240
15236,15240,15247
15238,15242,15241
15236,15247,15243
15243,15280,15244
15245,15246,15248
15243,15247,15280
15242,15245,15248
15246,15282,15248
15267,15263,15262
15264,15256,15228
15264,15257,15256
15264,15265,15257
15265,15259,15257
15266,15260,15261
15266,15261,15263
15246,15260,15266
15266,15263,15267
15270,15258,15258
15270,15258,15259
15488,15268,15258
15487,15217,15268
15270,15488,15258
15487,15268,15488
15271,15262,15262
15271,15262,15269
15491,15269,15218
15271,15269,15491
15265,15270,15259
15265,15499,15270
15267,15262,15271
15267,15271,15285
15271,15491,15501
15244,15281,15264
15244,15280,15281
15246,15266,15282
15266,15267,15283
15266,15283,15282
15247,15994,15280
15280,15996,15281
15282,15283,15995
15264,15284,15265
15264,15281,15284
15265,15284,15499
15267,15285,15283
15271,15501,15285
15281,16195,15284
15281,15996,16195
15283,15285,15997
15285,16196,15997
15391,15355,15356
15391,15356,15392
15392,15356,15359
15392,15359,15395
15394,15358,15357
15397,15361,15358
15394,15397,15358
15396,15360,15368
15395,15359,15359
15395,15359,15360
15395,15360,15396
15398,15362,15361
15397,15361,15361
15397,15398,15361
15379,15362,15398
15378,15370,15367
15489,15375,15217
15381,15367,15367
15381,15367,15375
15381,15375,15489
15490,15218,15376
15382,15371,15371
15492,15376,15371
15382,15371,15374
15490,15376,15492
15382,15492,15371
15377,15369,15370
15377,15368,15369
15377,15370,15378
15377,15396,15368
15379,15372,15362
15379,15373,15372
15379,15380,15373
15380,15374,15373
15378,15367,15381
15378,15381,15412
15381,15489,15511
15380,15382,15374
15380,15513,15382
15391,15392,15399
15392,15395,15400
15393,15394,15357
15393,15402,15394
15395,15396,15403
15394,15404,15397
15397,15416,15398
15392,15400,15399
15393,15401,15402
15394,15402,15404
15395,15403,15400
15396,15414,15403
15397,15404,15416
15377,15414,15396
15377,15378,15415
15377,15415,15414
15379,15398,15417
15398,15416,15417
15381,15511,15412
15378,15412,15415
15379,15413,15380
15380,15413,15513
15379,15417,15413
15414,15415,16786
15404,16787,15416
15416,16789,15417
15412,16788,15415
15412,16861,16788
15413,15417,16862
15417,16789,16862
15487,15489,15217
15487,15488,15493
15490,15491,15218
15490,15492,15494
15270,15500,15488
15270,15499,15500
15488,15500,15493
15490,15502,15491
15491,15502,15501
15490,15494,15502
15487,15512,15489
15487,15493,15512
15489,15512,15511
15382,15514,15492
15492,15514,15494
15382,15513,15514
15493,15500,15523
15494,15514,15524
15284,15503,15499
15501,15502,15505
15284,16195,15503
15285,15501,16196
15501,15505,16196
15499,15504,15500
15500,15504,15523
15494,15506,15502
15502,15506,15505
15494,15524,15506
15499,15503,15504
15503,16216,15504
15505,15506,16200
15511,15512,15516
15413,15518,15513
15493,15515,15512
15493,15523,15515
15512,15515,15516
15513,15517,15514
15514,15517,15524
15412,15511,16861
15511,15516,16861
15413,16862,15518
15515,16863,15516
15513,15518,15517
15517,15518,16871
15504,15525,15523
15517,15526,15524
15504,16216,15525
15506,15524,16217
15506,16217,16200
15524,15526,16217
15515,15523,16870
15523,15525,16870
15515,16870,16863
15517,16871,15526
15525,16216,17359
15526,16871,17361
15239,15973,15974
15239,15974,15240
15241,15242,15975
15242,15976,15975
15973,15982,15986
15973,15986,15974
15975,15976,15983
15976,15987,15983
15240,15977,15247
15240,15974,15977
15247,15977,15994
15242,15248,15976
15248,15978,15976
15248,15282,15978
15974,15986,16006
15974,16006,15977
15976,15978,15987
15978,16007,15987
15982,15988,15986
15983,15987,15985
15982,15984,15988
15984,16061,15988
15985,15989,16058
15985,15987,15989
15986,16008,16006
15987,16007,15989
15986,15988,16008
15988,16109,16008
15989,16007,16009
15989,16009,16062
15280,15994,15996
15282,15995,15978
15977,15998,15994
15977,16006,15998
15978,15995,16007
15995,16000,16007
15994,15999,15996
15283,15997,15995
15997,16196,16001
15994,15998,15999
15995,15997,16000
15997,16001,16000
15998,16006,16010
16006,16008,16010
16000,16009,16007
16000,16011,16009
16008,16109,16113
16009,16011,16110
15998,16204,15999
15998,16010,16204
16000,16001,16011
16001,16205,16011
16008,16113,16010
16010,16113,16206
16011,16114,16110
16011,16205,16114
15984,16057,16061
16057,16063,16061
16058,16062,16060
15989,16062,16058
16057,16059,16063
16059,16079,16063
16060,16064,16070
16060,16062,16064
15988,16061,16109
16009,16110,16062
16062,16110,16064
16061,16063,16111
16063,16079,16121
16064,16112,16081
16059,16069,16079
16069,16071,16080
16069,16080,16079
16070,16081,16074
16064,16081,16070
16074,16081,16082
16071,16072,16083
16071,16083,16080
16072,16073,16084
16074,16082,16075
16075,16082,16085
16075,16085,16076
16078,16076,16086
16073,16077,16087
16077,16078,16088
16079,16080,16122
16081,16123,16082
16072,16084,16083
16076,16085,16086
16073,16087,16084
16078,16086,16088
16077,16088,16087
16082,16124,16085
16061,16111,16109
16110,16114,16112
16063,16121,16111
16064,16110,16112
16081,16112,16123
16109,16111,16115
16109,16115,16113
16112,16114,16116
16111,16121,16279
16111,16279,16115
16112,16116,16123
16116,16280,16123
16079,16122,16121
16080,16125,16122
16082,16123,16124
16080,16083,16125
16083,16084,16126
16083,16126,16125
16085,16127,16086
16085,16124,16127
16088,16086,16128
16084,16087,16129
16087,16088,16130
16086,16127,16128
16084,16129,16126
16088,16128,16130
16087,16130,16129
16121,16122,16294
16122,16125,16295
16121,16294,16279
16122,16295,16294
16123,16280,16124
16124,16296,16127
16124,16280,16296
16127,16296,16297
16125,16126,16298
16127,16297,16128
16130,16128,16299
16126,16129,16300
16129,16130,16301
15996,16197,16195
16001,16196,16198
15505,16198,16196
15996,15999,16197
15999,16208,16197
16001,16198,16205
15503,16195,16199
16195,16197,16199
15503,16199,16216
15505,16200,16198
16197,16218,16199
16197,16208,16218
16198,16200,16209
16200,16219,16209
15999,16204,16208
16198,16209,16205
16205,16209,16207
16010,16206,16204
16114,16205,16207
16204,16210,16208
16209,16219,16211
16204,16206,16210
16206,16225,16210
16207,16209,16211
16207,16211,16282
16211,16226,16282
16199,16220,16216
16200,16217,16219
16217,16221,16219
16199,16218,16220
16219,16221,16228
16216,16220,17359
15526,16221,16217
15526,17361,16221
16221,17361,17364
16218,17363,16220
16218,16227,17363
16221,17364,16228
16208,16227,16218
16208,16210,16227
16211,16219,16228
16210,16225,16229
16210,16229,16227
16211,16228,16226
16226,16231,16315
16227,17374,17363
16227,16229,17374
16228,17364,16231
16225,16230,16229
16226,16228,16231
16232,16315,16231
16113,16115,16281
16113,16281,16206
16115,16283,16281
16114,16207,16116
16116,16207,16282
16115,16279,16283
16116,16282,16280
16280,16282,16285
16280,16285,16296
16206,16281,16225
16281,16283,16314
16226,16285,16282
16279,16284,16283
16285,16286,16296
16279,16294,16284
16294,16295,16302
16286,16297,16296
16125,16298,16295
16128,16297,16299
16126,16300,16298
16130,16299,16301
16129,16301,16300
16284,16294,16302
16295,16298,16330
16295,16330,16302
16286,16303,16297
16297,16303,16299
16299,16303,16331
16298,16332,16330
16301,16331,16333
16300,16333,16332
16298,16300,16332
16299,16331,16301
16300,16301,16333
16225,16281,16314
16226,16315,16285
16283,16284,16316
16283,16316,16314
16284,16302,16317
16284,16317,16316
16302,16318,16317
16285,16315,16286
16286,16319,16303
16286,16315,16319
16303,16319,16320
16225,16314,16230
16314,16316,17467
16230,16314,17467
16232,16319,16315
16232,17469,16319
16316,16317,17468
16317,16318,17471
16319,17469,16320
16320,17470,16321
16321,17472,16335
16318,16334,17473
16334,16335,17474
16302,16330,16318
16303,16320,16331
16321,16333,16331
16320,16321,16331
16330,16332,16334
16332,16333,16335
16318,16330,16334
16321,16335,16333
16332,16335,16334
15399,15400,16779
15400,16780,16779
15401,16782,15402
15401,16781,16782
15400,15403,16780
15403,15414,16777
15403,16777,16780
15402,16778,15404
15404,16778,16787
15402,16782,16778
16779,16780,16798
16780,16800,16798
16781,16799,16801
16781,16801,16782
16777,16800,16780
16777,16810,16800
16778,16782,16811
16782,16801,16811
15414,16786,16777
15416,16787,16789
15415,16788,16786
16788,16861,16791
16787,16793,16789
16777,16786,16810
16786,16790,16810
16778,16792,16787
16778,16811,16792
16786,16788,16790
16788,16791,16790
16787,16792,16793
16798,16800,16802
16799,16805,16801
16800,16810,16804
16801,16813,16811
16800,16804,16802
16802,16804,16945
16799,16803,16805
16803,16948,16805
16804,16810,16812
16804,16812,16947
16801,16805,16813
16805,16958,16813
16790,16812,16810
16790,16814,16812
16792,16811,16815
16811,16813,16815
16790,16791,16814
16791,16879,16814
16792,16880,16793
16792,16815,16880
16812,16814,16957
16813,16958,16960
16814,16879,16959
16814,16959,16957
16813,16960,16815
16815,16960,16884
15516,16865,16861
16791,16861,16865
16789,16866,16862
15516,16863,16865
15518,16862,16864
15518,16864,16871
16862,16866,16864
16791,16865,16879
16789,16793,16866
16793,16882,16866
16863,16881,16865
16863,16874,16881
16864,16866,16875
16866,16882,16875
16863,16870,16874
16870,16872,16874
16864,16873,16871
15525,16872,16870
15525,17359,16872
16872,17359,17365
16871,16873,17361
16872,16891,16874
16864,16875,16873
16872,17365,16891
16873,16875,17366
16875,16892,17366
16865,16881,16879
16879,16881,16883
16793,16880,16882
16874,16885,16881
16880,16886,16882
16879,16883,16959
16815,16884,16880
16881,16885,16883
16883,16885,17083
16885,16893,17083
16880,16884,16886
16884,16894,16886
16874,16891,16885
16875,16882,16892
16882,16886,16892
16891,17365,16895
16892,17390,17366
16892,16897,17390
16885,16891,16893
16893,16895,17098
16886,16897,16892
16886,16894,16897
16891,16895,16893
16895,16896,17098
16898,16897,16894
16804,16947,16945
16945,16947,16949
16803,16946,16948
16946,16952,16948
16812,16957,16947
16947,16957,16951
16805,16948,16958
16947,16951,16949
16949,16951,16969
16946,16950,16952
16950,16973,16952
16951,16961,16971
16948,16952,16962
16952,16973,17011
16957,16959,16961
16948,16962,16958
16959,16963,16961
16958,16964,16960
16958,16962,16964
16951,16957,16961
16961,17009,16971
16952,17011,16962
16961,16963,17009
16963,17085,17009
16962,17086,16964
16962,17011,17086
16951,16971,16969
16969,16971,16975
16971,16972,16975
16950,16970,16973
16970,16978,16974
16970,16974,16973
16971,17009,16972
16973,16974,17012
16972,16976,16975
16972,16983,16976
16976,16983,16977
16974,16978,16985
16978,16979,16985
16979,16980,16986
16977,16984,16981
16982,16988,16980
16981,16987,16982
16972,17010,16983
16977,16983,16984
16979,16986,16985
16980,16988,16986
16981,16984,16987
16982,16987,16988
16972,17009,17010
16973,17012,17011
16974,17015,17012
17009,17085,17010
17010,17085,17114
17010,17114,17013
17013,17114,17115
17011,17012,17116
17011,17116,17086
17012,17015,17117
17012,17117,17116
16983,17010,17013
16983,17013,16984
16984,17013,17014
16974,16985,17015
16985,17016,17015
16985,16986,17016
16984,17014,16987
16988,17018,16986
16987,17017,16988
16987,17014,17017
16986,17018,17016
16988,17017,17018
17013,17115,17014
17015,17016,17121
17014,17120,17017
17018,17123,17016
17017,17122,17018
16883,16963,16959
16883,17083,16963
16884,16960,17084
16960,16964,17084
16964,17089,17084
16893,17087,17083
16884,17084,16894
17089,17099,17084
16963,17083,17085
17083,17087,17085
17085,17087,17114
16964,17086,17089
17087,17088,17114
17086,17090,17089
16893,17098,17087
16894,17084,17099
16896,17100,17098
16896,17503,17100
16898,16894,17099
16898,17099,17505
17099,17103,17505
17087,17098,17088
17088,17098,17100
17088,17100,17118
17100,17101,17118
17089,17103,17099
17089,17090,17103
17090,17119,17104
17090,17104,17103
17104,17119,17105
17100,17503,17101
17101,17504,17102
17103,17104,17506
17104,17105,17508
17102,17507,17138
17105,17139,17510
17138,17509,17139
17088,17115,17114
17086,17116,17090
17116,17117,17119
17088,17118,17115
17115,17118,17120
17118,17134,17120
17090,17116,17119
17117,17135,17119
17117,17121,17135
17121,17137,17135
17122,17134,17136
17123,17136,17137
17014,17115,17120
17015,17121,17117
17016,17123,17121
17017,17120,17122
17018,17122,17123
17120,17134,17122
17121,17123,17137
17122,17136,17123
17101,17134,17118
17101,17102,17134
17105,17119,17135
17102,17136,17134
17136,17138,17137
17135,17137,17139
17105,17135,17139
17102,17138,17136
17137,17138,17139
16220,17360,17359
17359,17360,17365
17361,17362,17364
16873,17362,17361
16220,17363,17360
17360,17363,17367
17363,17374,17367
17362,17375,17364
17360,17389,17365
16873,17366,17362
17362,17366,17368
17366,17390,17368
17360,17367,17389
17362,17368,17375
16229,17376,17374
16231,17364,17375
16229,16230,17376
16230,17377,17376
16232,16231,17375
16232,17379,17469
16232,17375,17379
17367,17374,17404
17374,17376,17404
17376,17405,17404
17368,17379,17375
17368,17407,17379
17379,17407,17380
17376,17377,17405
17379,17380,17469
17380,17408,17381
16895,17365,17389
16897,17394,17390
17367,17391,17389
17367,17404,17391
17391,17404,17392
17368,17390,17407
17394,17407,17390
17394,17408,17407
16895,17389,16896
16896,17389,17391
16896,17391,17503
16898,17394,16897
16898,17395,17394
17392,17405,17393
17391,17392,17503
17394,17395,17408
17392,17404,17405
17380,17407,17408
17377,17406,17405
17377,17378,17406
17378,17483,17410
17378,17410,17406
17381,17408,17409
17381,17409,17484
17411,17486,17484
17409,17411,17484
17412,17483,17485
17410,17483,17412
17412,17485,17413
17411,17413,17486
17393,17405,17406
17406,17410,17519
17393,17406,17519
17395,17409,17408
17396,17411,17409
17395,17396,17409
17396,17520,17411
17410,17521,17519
17411,17520,17413
17410,17412,17521
17412,17413,17522
17413,17520,17522
16316,17468,17467
16230,17467,17377
17378,17467,17468
17380,17470,17469
16317,17471,17468
16320,17469,17470
16321,17470,17472
16318,17473,17471
16335,17472,17474
16334,17474,17473
17377,17467,17378
17468,17471,17483
17378,17468,17483
17380,17381,17470
17381,17472,17470
17472,17484,17474
17471,17473,17485
17473,17474,17486
17381,17484,17472
17471,17485,17483
17473,17486,17485
17474,17484,17486
17413,17485,17486
17392,17504,17503
16898,17505,17395
17396,17505,17506
17103,17506,17505
17392,17393,17504
17393,17519,17507
17393,17507,17504
17395,17505,17396
17396,17506,17520
17506,17508,17520
17507,17519,17509
17509,17521,17510
17508,17510,17522
17508,17522,17520
17509,17519,17521
17510,17521,17522
17101,17503,17504
17102,17504,17507
17104,17508,17506
17105,17510,17508
17138,17507,17509
17139,17509,17510
17412,17522,17521
184,262,185
196,197,709
198,196,708
198,742,200
197,199,743
200,744,202
199,201,745
184,185,197
186,184,196
185,187,199
184,197,196
185,199,197
186,196,198
187,201,199
198,200,280
186,198,280
187,281,201
200,282,280
203,281,283
201,203,747
200,202,282
201,281,203
203,283,903
220,221,263
220,232,221
222,234,220
221,233,223
222,295,236
223,235,296
221,232,233
220,234,232
222,236,234
223,233,235
235,237,296
237,298,296
238,295,297
232,1452,233
233,1453,235
234,1466,232
235,1467,237
234,236,1468
237,1469,239
236,295,238
237,239,298
238,297,1550
236,238,1470
185,263,187
185,262,263
184,264,262
187,263,265
186,264,184
187,265,281
186,280,266
267,283,281
186,266,264
265,267,281
266,280,268
267,269,283
220,263,262
222,262,264
221,265,263
222,220,262
264,266,295
223,267,265
222,264,295
221,223,265
223,296,267
266,297,295
266,268,297
267,296,269
268,282,270
269,298,271
202,284,282
268,280,282
269,285,283
283,285,903
202,902,284
284,902,286
286,902,904
285,937,903
270,282,284
269,271,285
271,327,285
270,284,312
284,286,312
271,345,327
286,904,313
285,327,937
269,296,298
268,299,297
239,300,298
268,270,299
271,298,300
271,300,345
270,301,299
270,312,301
300,336,345
297,299,1550
300,1551,336
239,1551,300
299,1552,1550
336,1551,1585
299,301,1552
286,315,312
286,313,315
301,312,314
312,315,314
314,315,1561
313,316,315
315,316,1561
336,1585,347
336,348,345
327,345,346
345,348,346
346,348,961
336,347,348
348,349,961
347,349,348
708,709,711
708,710,742
709,743,713
708,711,710
709,713,711
712,742,710
712,744,742
713,743,729
712,728,744
710,725,724
712,724,726
711,727,725
724,725,810
726,724,808
725,727,811
726,809,730
727,731,813
710,711,725
712,710,724
711,713,727
712,726,728
726,730,728
713,731,727
713,729,731
728,730,758
729,759,733
729,733,731
730,732,758
733,759,763
196,709,708
197,743,709
198,708,742
200,742,744
199,745,743
201,747,745
202,744,746
728,746,744
729,743,745
745,747,759
728,758,746
729,745,759
746,758,748
748,758,760
747,761,759
747,749,761
202,746,902
203,749,747
746,748,902
203,903,749
749,903,938
748,760,905
749,938,789
732,760,758
759,761,763
732,762,760
760,762,764
761,876,763
762,846,764
760,764,905
749,789,761
761,789,876
764,846,916
846,848,916
789,938,949
789,878,876
789,949,878
724,810,808
725,811,810
726,808,809
727,813,811
730,809,812
808,810,830
809,808,828
809,829,812
810,811,831
808,830,828
810,831,830
809,828,829
811,833,831
811,813,833
812,829,832
812,832,814
813,835,833
730,812,732
731,733,815
732,812,814
731,815,813
732,814,762
733,763,817
733,817,815
762,814,816
813,815,835
814,834,816
815,817,837
828,830,5480
829,828,5478
830,831,5481
829,5479,832
831,833,5483
814,832,834
828,5480,5478
829,5478,5479
830,5481,5480
832,5479,5482
831,5483,5481
832,5482,834
833,5485,5483
833,835,5485
834,5482,5484
815,837,835
816,834,836
834,5484,836
835,837,5493
835,5493,5485
836,5484,5492
836,5492,854
837,5572,5493
762,816,846
763,877,817
763,876,877
816,847,846
816,836,847
817,877,888
847,854,849
846,847,848
847,849,848
836,854,847
817,888,837
837,888,5572
854,5492,5526
854,5526,855
849,854,855
849,855,985
855,5526,5528
855,5528,991
876,879,877
876,878,879
877,879,889
877,889,888
888,5574,5572
879,1020,889
888,889,5574
889,5734,5574
748,904,902
903,937,938
904,905,906
748,905,904
905,915,906
313,904,906
906,915,925
764,915,905
764,916,915
915,916,917
848,918,916
915,917,925
916,918,917
917,918,934
313,906,926
906,925,926
313,926,316
316,926,2196
926,927,2196
925,927,926
925,935,927
917,935,925
917,934,935
918,1001,934
934,2206,935
934,1001,936
934,936,2206
937,948,938
937,939,948
327,939,937
327,346,939
939,950,948
939,960,950
938,948,949
948,951,949
949,951,1011
948,950,951
950,1026,951
346,960,939
346,961,960
960,961,970
349,962,961
961,962,970
950,960,969
960,970,969
950,969,1026
969,1028,1026
969,970,971
962,2240,970
970,2240,971
969,971,1028
848,849,984
848,984,918
849,985,984
918,984,1001
984,1002,1001
984,985,1002
985,986,1002
855,991,985
985,991,986
991,5528,5700
991,5700,992
986,991,992
992,5700,5702
1001,1002,1003
1002,1004,1003
986,1004,1002
986,1010,1004
936,1001,1003
1003,1004,2282
1004,1010,2283
986,992,1010
992,1009,1010
992,5702,1009
1009,5702,5719
1009,2295,1010
1010,2295,2283
1009,2296,2295
1009,5719,2296
2296,5719,6578
878,949,1011
878,1011,1012
878,1012,879
951,1027,1011
951,1026,1027
1011,1013,1012
1011,1027,1013
879,1012,1020
1012,1021,1020
889,1020,5734
1020,5736,5734
1012,1013,1021
1020,1021,5736
1026,1029,1027
1013,1027,1039
1027,1029,1039
1026,1028,1029
1028,2334,1029
1013,1038,1021
1013,1039,1038
1021,1038,5755
1021,5755,5736
1038,1039,2343
1029,2342,1039
1039,2342,2343
1038,6630,5755
1038,2343,6630
1452,1454,1453
1453,1455,1467
1452,1466,1456
1453,1454,1455
1452,1456,1454
1457,1469,1467
1455,1457,1467
1456,1466,1484
1457,1485,1469
233,1452,1453
232,1466,1452
234,1468,1466
235,1453,1467
237,1467,1469
236,1470,1468
239,1469,1471
239,1471,1551
238,1550,1472
238,1472,1470
1471,1473,1551
1472,1550,1554
1466,1468,1484
1469,1485,1471
1468,1470,1502
1471,1503,1473
1468,1502,1484
1471,1485,1503
1470,1472,1504
1470,1504,1502
1473,1503,1505
1473,1505,1587
1472,1554,1506
1455,1486,1487
1454,1488,1486
1457,1487,1489
1454,1486,1455
1456,1488,1454
1455,1487,1457
1457,1489,1485
1456,1484,1490
1456,1490,1488
1485,1489,1491
1485,1491,1503
1484,1502,1492
1486,1636,1487
1488,1637,1486
1487,1638,1489
1488,1490,1640
1489,1639,1491
1484,1492,1490
1491,1493,1503
1492,1502,1507
1493,1505,1503
1502,1504,1507
1472,1506,1504
1505,1533,1587
1506,1554,1574
1493,1508,1505
1504,1654,1507
1505,1508,1533
1533,1508,1720
1504,1506,1654
1506,1574,1655
1506,1655,1654
1533,1720,1607
1607,1720,1721
1550,1552,1554
1473,1585,1551
301,1553,1552
301,314,1553
1473,1587,1585
1552,1553,1572
1552,1572,1554
1553,1573,1572
1553,1562,1573
314,1562,1553
314,1561,1562
316,1563,1561
1561,1582,1562
1561,1563,1582
1554,1572,1574
1572,1575,1574
1572,1573,1575
1574,1575,1770
1573,1781,1575
1562,1583,1573
1562,1582,1583
1563,2219,1582
1582,1584,1583
1582,2219,1584
1573,1583,1781
1583,1783,1781
1583,1584,1783
1585,1587,1586
347,1585,1586
1586,1587,1605
1586,1605,1597
347,1586,1596
347,1596,349
349,1596,2234
1596,1598,2234
1586,1597,1596
1596,1597,1598
1597,1617,1598
1533,1605,1587
1533,1607,1605
1605,1607,1606
1597,1605,1606
1607,1721,1608
1606,1607,1608
1606,1608,1618
1597,1606,1617
1606,1618,1617
1617,1618,2253
1608,1815,1618
1618,1619,2253
1618,1815,1619
1487,1636,1638
1486,1637,1636
1488,1640,1637
1489,1638,1639
1491,1639,1641
1491,1641,1493
1490,1492,1642
1493,1643,1508
1492,1507,1644
1490,1642,1640
1493,1641,1643
1492,1644,1642
1508,1643,1645
1636,1678,1638
1637,1679,1636
1638,1680,1639
1639,1681,1641
1637,1640,1682
1638,1678,1680
1636,1679,1678
1637,1682,1679
1639,1680,1681
1641,1683,1643
1641,1681,1683
1640,1684,1682
1640,1642,1684
1643,1685,1645
1642,1644,1686
1508,1645,1720
1507,1654,1656
1507,1656,1644
1645,1722,1720
1654,1655,1657
1654,1657,1656
1644,1656,1706
1645,1687,1722
1656,1657,1707
1643,1683,1685
1678,1688,1680
1679,1689,1678
1680,1690,1681
1679,1682,1692
1681,1691,1683
1642,1686,1684
1645,1685,1687
1680,1688,1690
1678,1689,1688
1681,1690,1691
1679,1692,1689
1683,1691,1693
1683,1693,1685
1682,1684,1694
1682,1694,1692
1685,1693,1695
1685,1695,1687
1684,1686,1696
1687,1697,1752
1684,1696,1694
1687,1695,1697
1686,1708,1696
1644,1706,1686
1722,1687,1752
1656,1707,1706
1657,1793,1707
1686,1706,1708
1697,1754,1752
1706,1709,1708
1706,1707,1709
1707,1795,1709
1720,1722,1721
1722,1752,1723
1721,1722,1723
1723,1752,1753
1723,1753,1807
1752,1754,1753
1753,1755,1827
1753,1754,1755
1574,1770,1655
1655,1770,1771
1575,1782,1770
1575,1781,1782
1655,1771,1657
1770,1772,1771
1770,1782,1772
1781,1784,1782
1781,1783,1784
1772,1782,1803
1782,1784,1803
1783,2398,1784
1657,1771,1793
1771,1794,1793
1771,1772,1794
1707,1793,1795
1793,1796,1795
1793,1794,1796
1772,1803,1804
1772,1804,1794
1784,2437,1803
1803,2440,1804
1803,2437,2440
1794,1804,1805
1794,1805,1796
1804,2440,2441
1804,2441,1805
1608,1721,1806
1721,1723,1806
1608,1806,1815
1806,1816,1815
1723,1807,1806
1806,1807,1816
1807,1808,1816
1815,1816,1817
1816,1818,1817
1619,1815,1817
1817,1818,2457
1808,1818,1816
1808,1839,1818
1818,1839,2458
1753,1827,1807
1807,1827,1808
1808,1827,1828
1827,1829,1828
1755,1829,1827
1828,1829,1830
1808,1828,1839
1828,1840,1839
1839,2489,2458
1839,1840,2489
1840,2492,2489
1828,1830,1840
1830,1841,1840
1840,1841,2492
1841,2493,2492
316,2196,1563
927,935,2207
927,2197,2196
927,2207,2197
1563,2196,2218
2196,2197,2218
935,2206,2207
936,2209,2206
936,2284,2209
2206,2208,2207
2197,2207,2230
2207,2208,2230
2206,2209,2208
1563,2218,2219
2218,2221,2219
2197,2220,2218
2218,2220,2221
1584,2219,2396
2219,2221,2396
2197,2230,2220
2208,2209,2231
2208,2233,2230
2208,2231,2233
2220,2230,2232
2220,2415,2221
2220,2232,2415
2230,2233,2232
2231,2524,2233
349,2234,962
962,2234,2241
1598,2235,2234
1598,1617,2252
1598,2252,2235
2234,2235,2241
962,2241,2240
2240,2241,2243
971,2240,2335
2235,2242,2241
2241,2242,2243
2240,2243,2335
1617,2253,2252
2235,2252,2264
2252,2253,2254
2252,2254,2264
1619,2255,2253
1619,2456,2255
2253,2255,2254
2235,2264,2242
2242,2357,2243
2242,2264,2265
2242,2265,2357
2254,2267,2264
2254,2255,2266
2254,2266,2267
2264,2267,2265
2266,2525,2267
936,1003,2284
1003,2282,2284
1004,2283,2282
2282,2317,2284
2209,2284,2316
2282,2283,2318
2282,2318,2317
2283,2297,2318
2283,2295,2297
2295,2296,2298
2296,6578,2299
2295,2298,2297
2296,2299,2298
2299,6578,6581
2209,2316,2231
2284,2317,2316
2316,2317,2323
2297,2321,2318
2317,2318,2320
2318,2321,2322
2318,2322,2320
2231,2316,2319
2316,2323,2319
2316,2323,2323
2231,2319,2524
2317,2320,2323
2297,2298,2330
2298,2331,2330
2298,2331,2331
2297,2330,2321
2298,2299,2331
2299,2332,2331
2299,6581,2332
6581,6602,2332
971,2333,1028
971,2335,2333
1028,2333,2334
1029,2334,2342
2333,2335,2359
2243,2358,2335
2335,2358,2359
2333,2344,2334
2333,2359,2344
2334,2345,2342
2342,2346,2343
2343,6633,6630
2334,2344,2345
2342,2345,2346
2343,2346,6633
2346,6660,6633
2243,2357,2358
2357,2361,2358
2358,2361,2363
2358,2363,2359
2359,2363,2362
2359,2362,2381
2265,2364,2357
2265,2267,2360
2357,2364,2361
2265,2360,2364
2357,2364,2364
2267,2525,2360
2344,2359,2381
2344,2382,2345
2345,2382,2382
2344,2381,2382
2345,2383,2346
2345,2382,2383
2346,2383,6660
1584,2397,1783
1584,2396,2397
2221,2417,2396
2396,2418,2397
2396,2417,2418
1783,2397,2398
1784,2398,2437
2397,2438,2398
2397,2418,2438
2221,2415,2417
2415,2419,2417
2232,2233,2416
2232,2420,2415
2233,2524,2416
2232,2416,2420
2415,2420,2419
2415,2420,2420
2417,2419,2422
2417,2422,2418
2418,2422,2421
2418,2421,2452
2398,2439,2437
2398,2438,2439
2437,2439,2442
2437,2442,2440
2440,2443,2441
2440,2442,2443
2442,2455,2443
2418,2452,2438
2438,2453,2439
2439,2453,2453
2438,2452,2453
2439,2454,2442
2439,2453,2454
2442,2454,2455
1619,1817,2456
1817,2457,2456
2255,2456,2465
2456,2457,2467
1818,2458,2457
2457,2458,2468
2457,2468,2467
2458,2490,2468
2255,2465,2266
2456,2467,2465
2465,2467,2470
2266,2465,2466
2266,2466,2525
2465,2470,2466
2465,2470,2470
2467,2468,2469
2468,2490,2471
2468,2472,2469
2468,2471,2472
2467,2469,2470
2458,2489,2490
2489,2492,2491
2489,2491,2490
2492,2493,2494
2491,2492,2494
2493,2495,2494
2490,2491,2510
2490,2510,2471
2491,2511,2510
2491,2511,2511
2491,2494,2511
2494,2512,2511
2494,2495,2512
2495,2513,2512
5478,5480,5488
5479,5478,5486
5480,5481,5489
5479,5487,5482
5481,5483,5491
5483,5485,5495
5482,5490,5484
5483,5495,5491
5484,5490,5494
5478,5488,5486
5479,5486,5487
5480,5489,5488
5482,5487,5490
5481,5491,5489
5491,5495,5515
5484,5494,5492
5485,5493,5497
5485,5497,5495
5492,5494,5496
5492,5496,5526
5493,5573,5497
5494,5514,5496
5495,5497,5517
5486,5488,5510
5487,5486,5508
5487,5509,5490
5488,5489,5511
5486,5510,5508
5487,5508,5509
5488,5511,5510
5489,5513,5511
5489,5491,5513
5490,5512,5494
5491,5515,5513
5490,5509,5512
5509,5508,5606
5508,5510,5607
5509,5608,5512
5510,5511,5609
5511,5513,5611
5494,5512,5514
5495,5517,5515
5496,5514,5516
5512,5610,5514
5513,5515,5613
5513,5613,5611
5514,5610,5612
5514,5612,5516
5515,5517,5637
5515,5637,5613
5516,5612,5636
5493,5572,5573
5496,5527,5526
5526,5527,5528
5496,5516,5527
5497,5573,5584
5527,5538,5529
5527,5529,5528
5528,5529,5700
5529,5540,5701
5516,5538,5527
5497,5584,5517
5516,5636,5538
5517,5585,5637
5517,5584,5585
5538,5636,5539
5529,5538,5540
5538,5539,5540
5539,5541,5540
5572,5575,5573
5572,5574,5575
5574,5735,5575
5573,5575,5586
5575,5746,5586
5573,5586,5584
5584,5586,5587
5584,5587,5585
5508,5607,5606
5509,5606,5608
5510,5609,5607
5512,5608,5610
5511,5611,5609
5606,5607,5623
5608,5606,5622
5607,5609,5625
5610,5614,5612
5611,5613,5639
5612,5638,5636
5608,5624,5610
5609,5611,5615
5610,5624,5614
5606,5623,5622
5608,5622,5624
5607,5625,5623
5609,5615,5625
5611,5639,5615
5612,5614,5638
5622,5623,5627
5624,5622,5626
5614,5624,5651
5615,5654,5625
5623,5625,5652
5625,5654,5652
5622,5627,5626
5623,5652,5627
5624,5626,5651
5613,5637,5641
5585,5675,5637
5539,5636,5640
5637,5675,5641
5613,5641,5639
5636,5638,5640
5539,5642,5541
5539,5640,5642
5541,5642,5784
5640,5657,5642
5641,5675,5831
5642,5796,5784
5614,5653,5638
5615,5639,5656
5614,5651,5653
5615,5656,5654
5638,5653,5655
5638,5655,5640
5639,5641,5658
5640,5655,5657
5639,5658,5656
5626,5627,6049
5626,6048,5651
5651,6050,5653
5627,5652,6051
5652,5654,6053
5653,6052,5655
5654,5656,6055
5641,5831,5658
5642,5657,5796
5655,6054,5657
5656,5658,5798
5656,5798,6055
5657,5797,5796
5657,6054,5797
5585,5587,5819
5585,5819,5675
5529,5701,5700
5700,5701,5702
5540,5710,5701
5701,5710,5703
5701,5703,5702
5703,5710,5712
5540,5541,5710
5541,5711,5710
5541,5784,5711
5710,5711,5712
5711,5730,5712
5711,5786,5730
5730,5786,5731
5702,5703,5719
5703,5720,5719
5703,5712,5720
5712,5721,5720
5719,5720,6578
5720,6579,6578
5720,5721,6579
5721,6580,6579
5721,5732,6580
5712,5730,5721
5721,5730,5732
5730,5731,5732
5732,5733,6591
5731,5733,5732
5574,5734,5735
5734,5737,5735
5575,5735,5746
5735,5748,5746
5734,5736,5737
5735,5737,5748
5586,5746,5747
5586,5747,5587
5587,5747,5821
5746,5748,5764
5746,5764,5747
5747,5764,5765
5747,5765,5821
5736,5755,5756
5736,5756,5737
5737,5757,5748
5737,5756,5757
5755,6631,5756
5755,6630,6631
5756,6632,5757
5756,6631,6632
5757,6632,6651
5748,5766,5764
5748,5757,5766
5764,5766,5767
5764,5767,5765
5757,6651,5766
5765,5767,5843
5766,6652,5767
5711,5784,5786
5784,5796,5785
5784,5785,5786
5731,5786,5787
5785,5787,5786
5658,5831,5832
5785,5796,5799
5785,5799,5800
5796,5797,5799
5658,5832,5798
5785,5800,5787
5787,5800,5816
5799,6090,5800
5800,6090,6121
5731,5787,5807
5731,5807,5733
5787,5816,5807
5807,5816,5809
5733,5807,5808
5807,5809,5808
5808,5809,6704
5809,5817,6704
5809,5816,5818
5800,6121,5816
5816,6121,5818
5809,5818,5817
5817,5818,6124
5587,5821,5819
5675,5819,5820
5675,5820,5831
5819,5822,5820
5819,5821,5822
5821,5842,5822
5820,5822,5851
5820,5833,5831
5831,5833,5832
5820,5851,5833
5832,5833,6160
5765,5842,5821
5822,5844,5851
5822,5842,5844
5765,5843,5842
5842,5843,6738
5842,6738,5844
5833,5851,5853
5833,5853,6160
5844,5852,5851
5851,5852,5853
5853,6163,6160
5852,6750,5853
5853,6750,6163
5626,6049,6048
5627,6051,6049
5651,6048,6050
5652,6053,6051
5653,6050,6052
5654,6055,6053
5655,6052,6054
6052,6084,6054
6053,6055,6087
5797,6054,6086
6050,6062,6052
6049,6051,6063
6048,6049,6061
6050,6048,6060
6051,6053,6085
6048,6061,6060
6050,6060,6062
6049,6063,6061
6054,6084,6086
6053,6087,6085
6052,6062,6084
6051,6085,6063
6060,6061,6102
5798,6089,6055
5797,6086,6088
5797,6088,5799
5798,5832,6141
5798,6141,6089
6055,6089,6087
6085,6087,6108
6086,6107,6088
5799,6088,6090
6088,6109,6090
6087,6089,6110
6088,6107,6109
6090,6109,6122
6089,6141,6161
6089,6161,6110
6062,6103,6084
6061,6063,6104
6084,6105,6086
6063,6085,6106
6062,6060,6101
6060,6102,6101
6062,6101,6103
6061,6104,6102
6086,6105,6107
6085,6108,6106
6084,6103,6105
6063,6106,6104
6087,6110,6108
6107,6136,6109
6103,6188,6105
6104,6106,6135
6101,6102,6191
6103,6101,6190
6102,6104,6189
6102,6189,6191
6105,6134,6107
6106,6108,6137
6105,6188,6134
6103,6190,6188
6104,6135,6189
6106,6137,6135
6090,6122,6121
5818,6121,6123
6121,6122,6123
6122,6140,6123
5818,6123,6124
6123,6125,6124
6123,6140,6125
6109,6138,6122
6108,6110,6139
6109,6136,6138
6122,6138,6140
6110,6161,6175
6110,6175,6139
6108,6139,6137
6107,6134,6136
6136,6202,6138
6125,6140,7260
6139,6175,7295
6138,7261,6140
6137,6139,7262
6140,7261,7260
6139,7295,7262
6138,6202,7261
5832,6160,6141
6141,6160,6162
6141,6162,6161
6160,6163,6162
6162,6163,7285
6161,6162,6164
6161,6164,6175
6162,7285,6164
6101,6191,6190
6134,6188,6204
6135,6201,6189
6190,6191,6207
6188,6190,6206
6189,6205,6191
6134,6200,6136
6135,6137,6203
6190,6207,6206
6191,6205,6207
6134,6204,6200
6188,6206,6204
6189,6201,6205
6136,6200,6202
6135,6203,6201
6137,7262,6203
6201,6203,7335
6200,6204,7338
6205,7339,6207
6200,7336,6202
6201,7337,6205
6206,6207,7349
6204,6206,7348
6578,6579,6581
6579,6580,6582
6580,6591,6583
6579,6582,6581
6581,6582,6602
6580,6583,6582
6583,6591,6584
5732,6591,6580
5733,6592,6591
5733,5808,6592
5808,6593,6592
6584,6591,6592
6584,6592,6622
6592,6593,6622
6593,6623,6622
6593,6706,6623
6582,6603,6602
6582,6583,6603
6583,6604,6603
6583,6584,6604
6583,6604,6604
6584,6622,6605
6584,6605,6604
6622,6625,6605
6622,6626,6625
6622,6623,6626
6623,6627,6626
6623,6706,6624
6623,6624,6627
6624,6628,6627
6624,6628,6628
6723,6629,6628
6624,6723,6628
6723,6724,6629
6724,6782,6629
6630,6634,6631
6631,6635,6632
6632,6636,6651
6630,6633,6634
6631,6634,6635
6632,6635,6636
5766,6651,6652
5767,6653,5843
5767,6652,6653
6651,6672,6652
6636,6672,6651
6652,6672,6673
6652,6673,6653
6653,6674,6740
6633,6661,6634
6633,6660,6661
6634,6662,6635
6634,6661,6662
6635,6662,6662
6635,6662,6663
6635,6663,6636
6636,6663,6675
6636,6675,6672
6672,6675,6676
6672,6676,6677
6672,6677,6673
6653,6673,6674
6674,6757,6740
6673,6678,6674
6673,6677,6678
6674,6678,6678
6674,6678,6679
6674,6679,6757
6757,6679,6783
5808,6704,6593
5817,6705,6704
6704,6705,6706
6593,6704,6706
6705,6707,6706
6705,6713,6707
5817,6712,6705
5817,6124,6712
6705,6712,6713
6712,7249,6713
6713,7249,6734
6734,7249,7270
6624,6706,6707
6624,6707,6723
6707,6722,6723
6707,6713,6722
6722,6724,6723
6724,6725,6782
6722,6736,6724
6724,6736,6725
6725,6736,6737
6713,6734,6722
6722,6734,6736
6734,6735,6736
6734,7270,6735
6735,6737,6736
6735,7271,6737
6737,7271,6816
5843,6653,6740
5843,6740,6738
5844,6738,6739
6738,6740,6741
6738,6741,6739
6739,6741,6756
6739,6756,6751
5844,6739,5852
5852,6739,6751
5852,6751,6750
6163,6750,7286
6750,6751,6768
6750,6768,7286
6740,6757,6741
6741,6757,6758
6741,6758,6756
6751,6756,6770
6756,6758,6759
6757,6783,6758
6756,6759,6770
6759,6844,6770
6770,6844,6771
6751,6770,6768
6768,6770,6771
6768,6769,7286
6768,6771,6769
6769,6771,6867
6769,6867,7306
6725,6802,6782
6725,6803,6802
6803,6804,6802
6803,6804,6804
6725,6737,6803
6803,6808,6804
6803,6816,6808
6808,6805,6804
6808,6809,6805
6809,6807,6805
6809,6806,6807
6809,6838,6806
6737,6816,6803
6808,6816,6817
6816,7271,7430
6816,7430,6817
6808,6817,6809
6809,6817,6818
6809,6818,6838
6817,7433,6818
6838,6825,6806
6838,6839,6825
6839,6826,6825
6839,6826,6826
6839,6841,6826
6841,6827,6826
6841,15249,6827
15249,15231,6827
6838,6840,6839
6818,6840,6838
6839,6840,6842
6839,6842,6841
6841,15251,15249
6841,6842,15251
6758,6783,6843
6758,6843,6759
6759,6845,6844
6759,6843,6845
6844,6845,6845
6844,6845,6846
6771,6844,6849
6844,6846,6849
6849,6846,6848
6849,6848,6850
6850,6848,6847
6850,6847,6876
6771,6849,6867
6849,6850,6867
6850,6868,6867
6867,6868,7306
6868,7455,7306
6850,6885,6868
6868,6885,6869
6868,6869,7455
6869,6887,7458
6850,6876,6885
6885,6876,6877
6885,6877,6886
6886,6877,6877
6886,6877,6878
6886,6878,6888
6888,6878,15289
6869,6885,6886
6886,6888,6887
6869,6886,6887
6888,15289,15301
6888,15301,6889
6887,6888,6889
6889,15301,15303
6124,7248,6712
6124,6125,7248
6712,7248,7249
6125,7259,7248
7248,7250,7249
7249,7250,7270
7248,7259,7250
6125,7260,7259
7259,7260,7263
7260,7261,7340
7295,7296,7262
7250,7259,7282
7260,7340,7263
7259,7263,7282
6735,7270,7272
7250,7281,7270
7270,7281,7272
6735,7272,7271
7271,7272,7431
7272,7283,7431
7250,7282,7281
7263,7362,7282
7281,7282,7284
7282,7362,7284
7272,7281,7283
7281,7284,7283
7283,7284,7496
6163,7286,7285
6164,7285,7287
6164,7287,7294
7285,7286,7305
7285,7305,7287
6164,7294,6175
6175,7294,7295
7287,7314,7294
7294,7314,7315
7294,7315,7295
7295,7315,7296
6769,7305,7286
6769,7306,7305
7305,7306,7307
7287,7305,7307
7287,7307,7314
7306,7455,7307
7307,7456,7314
7307,7455,7456
7314,7316,7315
7296,7315,7317
7315,7316,7317
7314,7456,7316
7316,7467,7317
6203,7262,7341
6202,7334,7261
7262,7296,7341
7261,7334,7340
6203,7341,7335
6202,7336,7334
6201,7335,7337
6204,7348,7338
6200,7338,7336
6205,7337,7339
6206,7349,7348
6207,7339,7349
7296,7403,7341
7263,7340,7363
7334,7365,7340
7334,7336,7379
7337,7380,7339
7335,7366,7337
7335,7341,7364
7340,7365,7363
7335,7364,7366
7334,7379,7365
7337,7366,7380
7339,7351,7349
7348,7349,7353
7338,7348,7352
7336,7338,7350
7338,7352,7350
7348,7353,7352
7349,7351,7353
7336,7350,7379
7339,7380,7351
7263,7363,7362
7341,7403,7364
7364,7368,7366
7363,7365,7383
7284,7362,7497
7403,7547,7364
7284,7497,7496
7362,7363,7367
7364,7547,7368
7363,7383,7367
7362,7367,7497
7350,7385,7379
7352,7353,7388
7350,7352,7387
7351,7386,7353
7366,7384,7380
7365,7379,7381
7351,7380,7382
7379,7385,7381
7351,7382,7386
7352,7388,7387
7350,7387,7385
7353,7386,7388
7366,7368,7384
7365,7381,7383
7380,7384,7382
7381,7385,7512
7382,7511,7386
7387,7388,7515
7385,7387,7513
7386,7514,7388
7296,7317,7403
7317,7546,7403
7403,7546,7547
7271,7431,7430
6817,7430,7433
7430,7431,7432
7430,7432,7433
6818,7433,7447
7432,7441,7433
7433,7441,7447
7283,7440,7431
7431,7440,7432
7283,7496,7440
7440,7496,7498
7432,7440,7442
7432,7442,7441
7440,7498,7442
6818,7447,6840
6840,7448,6842
6840,7447,7448
7441,7453,7447
7447,7453,7448
6842,7448,15979
6842,15979,15251
7448,7453,15990
7448,15990,15979
7441,7454,7453
7441,7442,7454
7442,7524,7454
7453,15991,15990
7453,7454,15991
7454,16065,15991
7455,7458,7456
7456,7458,7457
6869,7458,7455
7457,7458,7476
7457,7476,7468
7316,7456,7457
7316,7457,7467
7317,7467,7546
7467,7469,7546
7457,7468,7467
7467,7468,7469
7469,7548,7546
6887,7476,7458
6887,6889,7476
6889,7477,7476
7468,7476,7477
7468,7477,7482
6889,15303,7477
7477,15303,16015
7477,16015,7482
7482,16015,16024
7468,7482,7469
7469,7483,7548
7469,7482,7483
7482,16024,7483
7483,16025,7568
7483,16024,16025
7496,7497,7499
7368,7547,7549
7367,7516,7497
7497,7516,7499
7368,7549,7517
7496,7499,7498
7498,7499,7525
7499,7516,7536
7549,7569,7517
7368,7517,7384
7367,7383,7518
7382,7384,7519
7381,7510,7383
7367,7518,7516
7384,7517,7519
7383,7510,7518
7382,7519,7511
7381,7512,7510
7385,7513,7512
7386,7511,7514
7387,7515,7513
7388,7514,7515
7517,7537,7519
7516,7518,7538
7511,7519,7539
7511,7541,7514
7510,7512,7542
7512,7513,7543
7514,7544,7515
7513,7515,7545
7510,7540,7518
7511,7539,7541
7510,7542,7540
7512,7543,7542
7514,7541,7544
7513,7545,7543
7515,7544,7545
7442,7498,7524
7498,7525,7524
7499,7536,7525
7517,7569,7537
7454,7524,16065
7524,16066,16065
7524,7525,16066
7569,16142,7537
7525,16089,16066
7516,7538,7536
7519,7537,7539
7518,7540,7538
7540,7542,16095
7541,16094,7544
7542,7543,16096
7543,7545,16098
7544,16097,7545
7525,7536,16089
7537,16090,7539
7536,7538,16091
7537,16142,16090
7536,16091,16089
7539,16090,16092
7539,16092,7541
7538,7540,16093
7541,16092,16094
7540,16095,16093
7544,16094,16097
7542,16096,16095
7543,16098,16096
7545,16097,16098
7538,16093,16091
7546,7548,7547
7547,7548,7549
7548,7568,7549
7483,7568,7548
7549,7568,7569
7568,16141,7569
7568,16025,16141
7569,16141,16142
1692,1694,10470
1688,10464,1690
1689,10465,1688
1690,10466,1691
1689,1692,10468
1691,10467,1693
1693,10469,1695
1692,10470,10468
1695,10469,10471
1695,10471,1697
1694,1696,10472
1697,10473,1754
1694,10472,10470
1697,10471,10473
1696,10478,10472
1690,10464,10466
1688,10465,10464
1691,10466,10467
1689,10468,10465
1693,10467,10469
10468,10470,10490
10471,10491,10473
10470,10472,10492
1696,1708,10478
1754,10473,10522
1708,10479,10478
1708,1709,10479
1709,10554,10479
10472,10478,10508
10473,10493,10522
10478,10479,10509
10479,10568,10509
10464,10494,10466
10466,10496,10467
10465,10495,10464
10467,10497,10469
10465,10468,10498
10469,10499,10471
10468,10490,10498
10466,10494,10496
10464,10495,10494
10465,10498,10495
10467,10496,10497
10469,10497,10499
10471,10499,10491
10470,10492,10490
10473,10491,10493
10494,10626,10496
10496,10627,10497
10495,10628,10494
10497,10629,10499
10495,10498,10632
10490,10630,10498
10491,10499,10633
10491,10631,10493
10490,10492,10644
10498,10630,10632
10491,10633,10631
10490,10644,10630
10493,10631,10645
10472,10508,10492
10522,10493,10538
10478,10509,10508
10508,10509,10511
10493,10645,10538
10492,10508,10510
10492,10510,10644
10538,10645,10540
10508,10511,10510
1754,10522,1755
1755,10523,1829
1755,10522,10523
10522,10538,10523
10523,10539,10583
10523,10538,10539
10538,10540,10539
10539,10540,10541
1709,1795,10554
1795,10555,10554
1795,1796,10555
10479,10554,10568
10554,10569,10568
10554,10555,10569
1796,1805,10560
1796,10560,10555
1805,2441,11131
1805,11131,10560
10555,10560,10561
10555,10561,10569
10560,11133,10561
10560,11131,11133
10561,11133,11151
10509,10568,10570
10568,10569,10580
10568,10580,10570
10509,10570,10511
10511,10570,10721
10570,10580,10581
10570,10581,10721
10561,10579,10569
10569,10579,10580
10561,11151,10579
10579,10582,10580
10580,10582,10581
10579,11152,10582
10581,10582,10731
1829,10583,1830
1829,10523,10583
1830,10583,10584
10583,10595,10584
10539,10595,10583
10584,10595,10596
1830,10584,1841
1841,10584,10589
1841,10589,2493
2493,10589,11178
10584,10596,10589
10589,10596,10590
10589,10590,11178
10590,11180,11178
10590,10604,11180
10539,10541,10595
10595,10597,10596
10596,10597,10605
10541,10597,10595
10541,10755,10597
10597,10756,10605
10605,10756,10606
10590,10596,10605
10590,10605,10604
10604,10607,11202
10604,10605,10606
10604,10606,10607
10494,10628,10626
10496,10626,10627
10497,10627,10629
10495,10632,10628
10499,10629,10633
10631,10633,10635
10630,10646,10632
10631,10647,10645
10628,10659,10626
10626,10657,10627
10627,10658,10629
10628,10632,10634
10629,10660,10633
10633,10660,10635
10632,10646,10634
10631,10635,10647
10626,10659,10657
10627,10657,10658
10629,10658,10660
10628,10634,10659
10510,10650,10644
10630,10644,10648
10644,10650,10648
10540,10645,10649
10510,10511,10720
10540,10649,10689
10510,10720,10650
10630,10648,10646
10645,10647,10649
10648,10650,10741
10649,10672,10689
10635,10660,10674
10634,10675,10659
10657,10661,10658
10658,10662,10660
10659,10673,10657
10659,10675,10673
10657,10673,10661
10658,10661,10662
10660,10662,10674
10634,10646,10677
10635,10676,10647
10646,10648,10671
10647,10678,10649
10649,10678,10672
10647,10676,10678
10634,10677,10675
10635,10674,10676
10646,10671,10677
10648,10741,10671
10689,10672,10776
10661,11627,10662
10662,11628,10674
10673,10675,11633
10661,10673,11629
10674,11630,10676
10676,11634,10678
10675,10677,11631
10672,10678,11632
10671,10742,10677
10672,10743,10776
10677,10742,11631
10672,11632,10743
10540,10689,10541
10541,10689,10755
10689,10776,10755
10511,10721,10720
10720,10721,10723
10721,10730,10723
10650,10720,10722
10720,10723,10722
10650,10722,10741
10722,10723,10752
10581,10730,10721
10581,10731,10730
10730,10731,11251
10723,10730,10732
10723,10732,10752
10730,11251,10732
10722,10745,10741
10671,10741,10744
10722,10752,10745
10671,10744,10742
10776,10743,10777
10741,10745,10744
10744,10745,11680
10745,10752,10754
10732,10753,10752
10752,10753,10754
10745,10754,11680
10753,11270,10754
10754,11681,11680
10754,11270,11681
10597,10755,10756
10606,10756,10758
10755,10757,10756
10755,10776,10757
10756,10757,10758
10606,10767,10607
10606,10758,10767
10607,10767,10768
10758,10787,10767
10767,10787,10769
10767,10769,10768
10768,10769,11285
10769,10788,11285
10757,10776,10777
10757,10777,10778
10757,10778,10758
10758,10778,10787
10777,11720,10778
10778,11720,11729
10769,10787,10789
10769,10789,10788
10778,11729,10787
10787,11729,10789
10788,10789,11730
2441,11132,11131
2441,2443,11132
11131,11132,11134
11131,11134,11133
11133,11135,11151
11133,11134,11135
2443,2455,11142
2443,11142,11132
11132,11142,11143
11132,11143,11134
11134,11143,11143
11134,11143,11144
11134,11144,11135
11135,11144,11172
10579,11151,11152
11135,11170,11151
11151,11170,11152
11152,11170,11171
10582,11152,11153
10582,11153,10731
11152,11171,11153
11153,11176,11249
11135,11172,11170
11170,11172,11173
11170,11173,11174
11170,11174,11171
11171,11174,11175
11153,11171,11176
11171,11175,11176
11176,11261,11249
11176,11175,11175
11176,11175,11177
11176,11177,11261
11261,11177,11237
2493,11178,2495
11178,11180,11179
2495,11178,11179
2495,11179,2513
11180,11202,11181
11179,11180,11181
11181,11202,11182
11179,11193,2513
11179,11181,11193
11181,11194,11193
11181,11194,11194
11181,11182,11194
11182,11195,11194
11182,11211,11195
10604,11202,11180
10607,11203,11202
11182,11202,11203
11182,11203,11211
10607,10768,11203
10768,11204,11203
11203,11204,11211
11204,11212,11211
11204,11283,11212
11211,11213,11195
11211,11214,11213
11211,11212,11214
11212,11215,11214
11212,11217,11215
11212,11283,11217
11217,11216,11215
11217,11216,11216
11295,11218,11216
11217,11295,11216
11295,11296,11218
11296,11238,11218
10731,11153,11249
10731,11249,11251
11249,11250,11251
10732,11251,11252
11250,11252,11251
11250,11264,11252
11252,11264,11269
11249,11261,11250
11250,11261,11262
11250,11262,11264
11261,11237,11262
11262,11263,11264
11264,11279,11269
11263,11279,11264
11263,11346,11279
11279,11346,11280
10732,11252,10753
10753,11252,11269
10753,11269,11270
11269,11281,11270
11270,12148,11681
11270,11281,12148
11269,11279,11281
11279,11280,11281
11280,11364,11282
11280,11282,11281
11281,11282,12148
11282,11364,12157
10768,11285,11204
11204,11285,11283
11283,11285,11286
10788,11286,11285
11283,11286,11284
11284,11286,11307
11217,11283,11284
11217,11284,11295
11284,11298,11295
11296,11297,11238
11295,11298,11296
11284,11307,11298
11296,11298,11313
11296,11313,11297
11297,11313,11314
10788,11308,11286
11286,11308,11307
10788,11730,11308
11307,11308,12185
11307,12185,11315
11315,12185,12193
11298,11307,11315
11298,11315,11313
11313,11315,11316
11313,11316,11314
11315,12193,11316
11314,11316,12194
11314,12194,11415
11262,11237,11341
11262,11341,11263
11263,11342,11346
11263,11341,11342
11346,11342,11342
11346,11342,11343
11346,11343,11347
11280,11346,11347
11347,11343,11345
11347,11345,11348
11348,11345,11344
11348,11344,11355
11377,11355,11356
11348,11355,11377
11378,11356,11356
11377,11356,11378
11378,11356,11357
11378,11357,11379
11379,11357,15363
11280,11347,11364
11347,11348,11364
11348,11365,11364
11348,11377,11365
11365,11377,11366
11364,11365,12157
11365,12233,12157
11365,11366,12233
11366,11380,12234
11366,11377,11378
11378,11379,11380
11379,15363,15405
11379,15405,11381
11366,11378,11380
11379,11381,11380
11381,15405,15409
11297,11382,11238
11297,11387,11382
11387,11383,11382
11387,11383,11383
11388,11384,11383
11387,11388,11383
11297,11314,11387
11387,11415,11388
11388,11389,11384
11389,11386,11384
11389,11385,11386
11389,11424,11385
11424,11406,11385
11424,11425,11406
11425,11407,11406
11425,11407,11407
11426,11408,11407
11425,11426,11407
15457,15421,11408
11426,15457,11408
11314,11415,11387
11388,11415,11416
11388,11416,11389
11389,11417,11424
11389,11416,11417
11415,12258,11416
11415,12194,12258
11416,12259,11417
11424,11427,11425
11425,11428,11426
11426,15461,15457
11417,11427,11424
11425,11427,11428
11426,11428,15461
10661,11629,11627
10662,11627,11628
10675,11631,11633
10676,11630,11634
10673,11633,11629
10674,11628,11630
10678,11634,11632
10743,11632,11667
11631,11666,11633
11632,11634,11669
11629,11641,11627
11630,11642,11634
11629,11633,11668
11627,11639,11628
11628,11640,11630
11632,11669,11667
11633,11666,11668
11627,11641,11639
11628,11639,11640
11630,11640,11642
11629,11668,11641
11634,11642,11669
11639,11703,11640
10742,11664,11631
10742,10744,11663
10743,11665,10777
10743,11667,11665
10742,11663,11664
10744,11680,11663
10777,11665,11720
11631,11664,11666
11666,11697,11668
11665,11667,11698
11720,11665,11696
11663,11683,11664
11720,11696,11732
11664,11695,11666
11665,11698,11696
11664,11683,11695
11663,11680,11682
11680,11681,11682
11681,12147,11682
11663,11682,11683
11682,11684,11683
11682,12147,11684
11683,11684,11713
11667,11669,11700
11641,11701,11639
11642,11702,11669
11641,11668,11699
11668,11697,11699
11667,11700,11698
11640,11704,11642
11639,11701,11703
11640,11703,11704
11642,11704,11702
11641,11699,11701
11669,11702,11700
11666,11695,11697
11696,11698,11717
11699,11718,11701
11700,11702,11768
11697,11716,11699
11698,11700,11719
11701,11767,11703
11703,11769,11704
11702,11704,11770
11703,11767,11769
11700,11768,11719
11699,11716,11718
11701,11718,11767
11702,11770,11768
11732,11696,11715
11683,11713,11695
11732,11715,11754
11695,11714,11697
11696,11717,11715
11695,11713,11714
11713,12168,11714
11697,11714,11716
11698,11719,11717
11715,11717,11780
11754,11715,12170
11714,12168,12169
11754,12170,12203
11714,12169,11716
11715,11780,12170
10789,11729,11731
11720,11732,11729
11729,11732,11731
10789,11731,11730
11730,11731,11733
11731,11732,11754
11731,11754,11733
11733,11754,12203
11704,11769,11770
11718,11781,11767
11719,11768,11784
11717,11719,11782
11716,11779,11718
11767,11783,11769
11769,11785,11770
11768,11770,11786
11719,11784,11782
11769,11783,11785
11770,11785,11786
11767,11781,11783
11768,11786,11784
11716,12169,11779
11718,11779,11781
11717,11782,11780
11779,12301,11781
11781,12303,11783
11780,11782,12304
11783,12305,11785
11782,11784,12306
11785,12328,11786
11784,11786,12329
11681,12148,12147
12147,12148,12156
11684,12147,12149
11684,12149,12167
12147,12156,12149
11282,12156,12148
11282,12157,12156
12156,12157,12158
12157,12233,12158
12149,12156,12158
12149,12158,12180
12158,12233,12235
12158,12235,12180
11684,12167,11713
11713,12167,12168
12149,12180,12167
12167,12180,12182
12168,12171,12169
12203,12170,12300
12167,12182,12168
12168,12182,12171
12203,12300,12204
12180,12181,12182
12180,12235,12181
12181,12183,12182
12171,12182,12183
12181,12250,12183
11308,11730,12184
11308,12184,12185
11730,11733,12184
12184,12186,12185
12185,12186,12193
11733,12202,12184
12184,12202,12186
11316,12193,12195
11316,12195,12194
12194,12195,12260
12193,12213,12195
12186,12213,12193
12195,12214,12260
11733,12203,12202
12186,12202,12215
12202,12203,12204
12202,12204,12215
12186,12215,12213
12195,12213,12214
12213,12216,12214
12213,12215,12216
12204,12362,12215
12215,12362,12216
12214,12216,12445
12233,12234,12235
11366,12234,12233
12234,12236,12235
12234,12241,12236
12236,12241,12249
11380,12241,12234
11380,11381,12241
11381,12242,12241
11381,15409,12242
12242,15409,16784
12241,12242,12249
12242,12256,12249
12242,16784,12256
12256,16784,16806
12181,12235,12236
12181,12236,12250
12236,12249,12250
12249,12251,12250
12183,12250,12395
12250,12251,12395
12251,12396,12395
12249,12256,12251
12256,16806,12257
12251,12256,12257
12251,12257,12396
12257,16806,16808
12257,16808,12403
11416,12258,12259
12194,12260,12258
11417,12259,12270
12258,12260,12261
12258,12261,12259
12259,12276,12270
12259,12261,12276
11417,12270,11427
11427,12271,11428
11427,12270,12271
11428,16820,15461
11428,12271,16820
12270,12285,12271
12270,12276,12285
12271,12285,16840
12271,16840,16820
12214,12277,12260
12260,12277,12261
12261,12277,12278
12261,12278,12276
12214,12445,12277
12277,12445,12446
12277,12446,12278
12276,12286,12285
12285,16842,16840
12276,12278,12286
12278,12457,12286
12285,12286,16842
12286,17029,16842
11779,12169,12299
12169,12171,12299
11780,12302,12170
12170,12302,12300
11779,12299,12301
12171,12315,12299
12204,12300,12317
11780,12304,12302
11781,12301,12303
11783,12303,12305
11782,12306,12304
11784,12329,12306
11785,12305,12328
11786,12328,12329
12300,12302,12319
12299,12316,12301
12301,12316,12318
12300,12319,12317
12301,12318,12303
12303,12344,12305
12302,12304,12345
12303,12318,12344
12302,12345,12319
12171,12183,12315
12299,12315,12316
12204,12317,12362
12183,12395,12315
12315,12397,12316
12315,12395,12397
12316,12320,12318
12317,12319,12347
12316,12397,12320
12362,12317,12321
12362,12321,12447
12317,12347,12321
12305,12330,12328
12328,12332,12329
12306,12329,12333
12304,12306,12331
12306,12333,12331
12304,12331,12345
12305,12344,12330
12328,12330,12332
12329,12332,12333
12318,12346,12344
12319,12345,12349
12331,12351,12345
12330,12350,12332
12332,12352,12333
12331,12333,12353
12330,12344,12348
12330,12348,12350
12345,12351,12349
12318,12320,12346
12319,12349,12347
12344,12346,12348
12332,12350,12352
12333,12352,12353
12331,12353,12351
12348,12419,12350
12349,12351,12423
12350,12421,12352
12352,12422,12353
12351,12353,12424
12216,12362,12447
12216,12447,12445
12395,12396,12397
12396,12398,12397
12396,12403,12398
12320,12397,12398
12447,12416,12448
12321,12416,12447
12320,12398,12415
12398,12404,12415
12448,12416,12436
12257,12403,12396
12403,16808,16953
12403,16953,12404
12398,12403,12404
12404,12435,12415
12448,12436,12458
12404,16953,16955
12404,16955,12435
12458,16990,17031
12320,12415,12346
12321,12347,12418
12321,12418,12416
12346,12415,12417
12346,12417,12348
12347,12349,12420
12348,12417,12419
12347,12420,12418
12415,12435,12417
12416,12418,12438
12417,12437,12419
12349,12423,12420
12350,12419,12421
12351,12424,12423
12353,12422,12424
12352,12421,12422
12419,12439,12421
12418,12420,12440
12419,12437,12439
12420,12443,12440
12421,12441,12422
12420,12423,12443
12423,12424,12444
12422,12442,12424
12421,12439,12441
12423,12444,12443
12422,12441,12442
12424,12442,12444
12416,12438,12436
12417,12435,12437
12458,12436,16990
12435,16955,16989
12435,16989,12437
12436,12438,16996
12436,16996,16990
12437,16989,16995
12418,12440,12438
12439,16997,12441
12440,12443,17001
12441,16999,12442
12442,17000,12444
12443,12444,17002
12437,16995,12439
12438,12440,16998
12439,16995,16997
12438,16998,16996
12441,16997,16999
12440,17001,16998
12442,16999,17000
12444,17000,17002
12443,17002,17001
12445,12447,12448
12445,12448,12446
12446,12448,12458
12278,12446,12457
12446,12458,12457
12286,12457,17029
12457,17031,17029
12457,12458,17031
15250,15232,15231
15253,15233,15232
15250,15253,15232
15254,15234,15233
15253,15233,15233
15253,15254,15233
15254,15276,15234
15249,15250,15231
15249,15252,15250
15249,15251,15252
15250,15252,15255
15250,15255,15253
15253,15286,15254
15253,15255,15286
15276,15272,15234
15276,15273,15272
15276,15277,15273
15277,15275,15273
15279,15274,15274
15279,15274,15275
15496,15278,15274
15495,15219,15278
15279,15496,15274
15495,15278,15496
15277,15279,15275
15277,15507,15279
15254,15287,15276
15254,15286,15287
15255,16002,15286
15286,16003,15287
15276,15288,15277
15276,15287,15288
15277,15288,15507
15287,16201,15288
15287,16003,16201
15301,15289,15290
15301,15290,15302
15302,15290,15291
15302,15291,15305
15305,15291,15291
15305,15291,15292
15306,15292,15322
15305,15292,15306
15301,15302,15303
15302,15305,15304
15302,15304,15303
15305,15306,15307
15304,15305,15307
15306,15346,15307
15327,15325,15324
15326,15322,15323
15326,15323,15325
15306,15322,15326
15326,15325,15327
15329,15324,15324
15329,15324,15328
15530,15328,15220
15329,15328,15530
15327,15324,15329
15327,15329,15348
15329,15530,15541
15306,15326,15346
15326,15327,15347
15326,15347,15346
15346,15347,16036
15327,15348,15347
15329,15541,15348
15347,15348,16037
15348,16238,16037
15405,15363,15364
15405,15364,15406
15406,15364,15365
15406,15365,15407
15408,15366,15384
15407,15365,15365
15407,15365,15366
15407,15366,15408
15389,15386,15383
15497,15387,15219
15390,15383,15383
15390,15383,15387
15390,15387,15497
15388,15385,15386
15388,15384,15385
15388,15386,15389
15388,15408,15384
15389,15383,15390
15389,15390,15418
15390,15497,15519
15405,15406,15409
15406,15407,15410
15407,15408,15411
15406,15410,15409
15407,15411,15410
15408,15419,15411
15388,15419,15408
15388,15389,15420
15388,15420,15419
15390,15519,15418
15389,15418,15420
15419,15420,16794
15418,16795,15420
15418,16867,16795
15458,15422,15421
15459,15423,15422
15458,15459,15422
15460,15424,15423
15459,15423,15423
15459,15460,15423
15438,15424,15460
15529,15220,15437
15440,15433,15433
15531,15437,15433
15440,15433,15436
15529,15437,15531
15440,15531,15433
15438,15434,15424
15438,15435,15434
15438,15439,15435
15439,15436,15435
15439,15440,15436
15439,15553,15440
15457,15458,15421
15457,15462,15458
15458,15463,15459
15459,15479,15460
15457,15461,15462
15458,15462,15463
15459,15463,15479
15438,15460,15480
15460,15479,15480
15438,15478,15439
15439,15478,15553
15438,15480,15478
15463,16828,15479
15479,16829,15480
15478,15480,16904
15480,16829,16904
15495,15497,15219
15495,15496,15498
15279,15508,15496
15279,15507,15508
15496,15508,15498
15495,15520,15497
15495,15498,15520
15497,15520,15519
15498,15508,15527
15288,15509,15507
15288,16201,15509
15507,15510,15508
15508,15510,15527
15507,15509,15510
15509,16222,15510
15519,15520,15522
15498,15521,15520
15498,15527,15521
15520,15521,15522
15418,15519,16867
15519,15522,16867
15521,16868,15522
15510,15528,15527
15510,16222,15528
15521,15527,16876
15527,15528,16876
15521,16876,16868
15528,16222,17369
15529,15530,15220
15529,15531,15532
15529,15542,15530
15530,15542,15541
15529,15532,15542
15440,15554,15531
15531,15554,15532
15440,15553,15554
15532,15554,15565
15541,15542,15543
15348,15541,16238
15541,15543,16238
15532,15544,15542
15542,15544,15543
15532,15565,15544
15543,15544,16240
15478,15556,15553
15553,15555,15554
15554,15555,15565
15478,16904,15556
15553,15556,15555
15555,15556,16913
15555,15566,15565
15544,15565,16259
15544,16259,16240
15565,15566,16259
15555,16913,15566
15566,16913,17424
15251,15979,15980
15251,15980,15252
15979,15990,15992
15979,15992,15980
15252,15981,15255
15252,15980,15981
15255,15981,16002
15980,15992,16012
15980,16012,15981
15990,15993,15992
15990,15991,15993
15991,16067,15993
15992,16013,16012
15992,15993,16013
15993,16117,16013
15286,16002,16003
15981,16004,16002
15981,16012,16004
16002,16005,16003
16002,16004,16005
16004,16012,16014
16012,16013,16014
16013,16117,16119
16004,16212,16005
16004,16014,16212
16013,16119,16014
16014,16119,16213
15303,15304,16015
15304,16016,16015
16015,16016,16024
16016,16026,16024
15304,15307,16016
15307,16017,16016
15307,15346,16017
16016,16017,16026
16017,16048,16026
16024,16026,16025
16025,16027,16141
16025,16026,16027
16026,16048,16027
16027,16048,16049
16027,16049,16143
15346,16036,16017
16017,16036,16048
16036,16038,16048
15347,16037,16036
16037,16238,16039
16036,16037,16038
16037,16039,16038
16038,16049,16048
16038,16050,16049
16049,16050,16173
16038,16039,16050
16039,16247,16050
16050,16175,16173
16050,16247,16175
15991,16065,16067
16065,16068,16067
16065,16066,16068
16142,16144,16090
16066,16099,16068
15993,16067,16117
16067,16068,16118
16068,16099,16131
16144,16174,16100
16066,16089,16099
16090,16100,16092
16089,16091,16101
16144,16100,16090
16089,16101,16099
16092,16100,16102
16092,16102,16094
16091,16093,16103
16091,16103,16101
16094,16102,16104
16093,16095,16105
16094,16104,16097
16095,16096,16106
16096,16098,16108
16097,16107,16098
16100,16132,16102
16099,16101,16133
16093,16105,16103
16097,16104,16107
16095,16106,16105
16096,16108,16106
16098,16107,16108
16102,16134,16104
16067,16118,16117
16068,16131,16118
16100,16174,16132
16117,16118,16120
16117,16120,16119
16174,16176,16132
16118,16131,16287
16118,16287,16120
16176,16288,16132
16099,16133,16131
16102,16132,16134
16101,16135,16133
16101,16103,16135
16104,16136,16107
16104,16134,16136
16103,16105,16137
16107,16139,16108
16105,16106,16138
16106,16108,16140
16103,16137,16135
16105,16138,16137
16107,16136,16139
16108,16139,16140
16106,16140,16138
16132,16288,16134
16131,16133,16304
16133,16135,16306
16134,16305,16136
16131,16304,16287
16134,16288,16305
16133,16306,16304
16136,16305,16307
16136,16307,16139
16135,16137,16308
16139,16309,16140
16137,16138,16310
16138,16140,16311
16141,16143,16142
16027,16143,16141
16142,16143,16144
16049,16173,16143
16143,16173,16144
16173,16175,16174
16144,16173,16174
16174,16175,16176
16003,16202,16201
16003,16005,16202
16005,16214,16202
15509,16201,16203
16201,16202,16203
15509,16203,16222
16202,16223,16203
16202,16214,16223
16005,16212,16214
16014,16213,16212
16212,16215,16214
16212,16213,16215
16213,16233,16215
16203,16224,16222
16203,16223,16224
16222,16224,17369
16223,17371,16224
16223,16234,17371
16214,16234,16223
16214,16215,16234
16215,16233,16235
16215,16235,16234
16268,16270,16323
16234,17382,17371
16234,16235,17382
16233,16236,16235
16270,16237,16323
16039,16238,16239
15543,16239,16238
16039,16239,16247
15543,16240,16239
16239,16240,16249
16240,16260,16249
16239,16249,16247
16247,16249,16248
16175,16247,16248
16249,16260,16250
16248,16249,16250
16248,16250,16342
16250,16268,16342
16240,16259,16260
16259,16261,16260
16260,16261,16269
15566,16261,16259
15566,17424,16261
16261,17424,17426
16261,17426,16269
16250,16260,16269
16250,16269,16268
16269,17426,16270
16268,16269,16270
16119,16120,16289
16119,16289,16213
16120,16290,16289
16176,16342,16288
16120,16287,16290
16288,16342,16291
16288,16291,16305
16213,16289,16233
16289,16290,16322
16268,16291,16342
16287,16292,16290
16291,16293,16305
16287,16304,16292
16293,16307,16305
16304,16306,16312
16135,16308,16306
16139,16307,16309
16137,16310,16308
16138,16311,16310
16140,16309,16311
16292,16304,16312
16293,16313,16307
16306,16308,16336
16307,16313,16309
16306,16336,16312
16309,16313,16337
16308,16338,16336
16310,16339,16338
16311,16337,16339
16308,16310,16338
16310,16311,16339
16309,16337,16311
16233,16289,16322
16268,16323,16291
16290,16292,16324
16291,16323,16293
16290,16324,16322
16292,16312,16326
16293,16325,16313
16293,16323,16325
16292,16326,16324
16312,16328,16326
16313,16325,16327
16233,16322,16236
16237,16325,16323
16322,16324,17475
16236,16322,17475
16237,17476,16325
16325,17476,16327
16324,16326,17477
16326,16328,17479
16327,17478,16329
16329,17480,16341
16328,16340,17481
16340,16341,17482
16313,16327,16337
16312,16336,16328
16329,16339,16337
16327,16329,16337
16336,16338,16340
16338,16339,16341
16328,16336,16340
16338,16341,16340
16329,16341,16339
16175,16248,16176
16176,16248,16342
15409,15410,16784
15410,16785,16784
15410,15411,16785
15411,15419,16783
15411,16783,16785
16784,16785,16806
16785,16807,16806
16783,16807,16785
16783,16816,16807
15419,16794,16783
15420,16795,16794
16795,16867,16797
16783,16794,16816
16794,16796,16816
16794,16795,16796
16795,16797,16796
16806,16807,16808
16807,16816,16809
16807,16809,16808
16808,16809,16953
16809,16816,16817
16809,16817,16954
16796,16817,16816
16796,16818,16817
16796,16797,16818
16797,16887,16818
16817,16818,16965
16818,16887,16966
16818,16966,16965
15461,16821,15462
15461,16820,16821
15462,16819,15463
15463,16819,16828
15462,16821,16819
16820,16840,16841
16820,16841,16821
16819,16821,16852
16821,16841,16852
15479,16828,16829
16828,16831,16829
16819,16830,16828
16819,16852,16830
16828,16830,16831
16840,16843,16841
16841,16853,16852
16840,16842,16843
16842,17030,16843
16841,16843,16853
16843,17041,16853
16830,16852,16854
16852,16853,16854
16830,16922,16831
16830,16854,16922
16853,17041,17042
16853,17042,16854
16854,17042,16924
15522,16869,16867
16797,16867,16869
15522,16868,16869
16797,16869,16887
16868,16888,16869
16868,16878,16888
16868,16876,16878
16876,16877,16878
15528,16877,16876
15528,17369,16877
16877,17369,17372
16877,16899,16878
16877,17372,16899
16869,16888,16887
16887,16888,16889
16878,16890,16888
16887,16889,16966
16888,16890,16889
16889,16890,17091
16890,16900,17091
16878,16899,16890
16899,17372,16901
16890,16899,16900
16900,16901,17106
16899,16901,16900
16901,16902,17106
16935,16903,16936
16829,16906,16904
15556,16904,16905
15556,16905,16913
16904,16906,16905
16829,16831,16906
16831,16923,16906
16905,16906,16915
16906,16923,16915
16905,16914,16913
16913,16914,17424
16905,16915,16914
16914,16915,17427
16915,16934,17427
16831,16922,16923
16922,16925,16923
16854,16924,16922
16922,16924,16925
16924,16935,16925
16915,16923,16934
16923,16925,16934
16934,17448,17427
16934,16936,17448
16925,16936,16934
16925,16935,16936
16809,16954,16953
16953,16954,16955
16817,16965,16954
16954,16965,16956
16954,16956,16955
16955,16956,16989
17031,16992,17032
16956,16967,16991
17032,16992,17020
16965,16966,16967
16966,16968,16967
16956,16965,16967
16967,17019,16991
17032,17020,17043
16967,16968,17019
17043,17093,17044
17043,17020,17093
16968,17092,17019
17031,16990,16992
16956,16991,16989
16989,16991,16995
16990,16996,16994
16990,16994,16992
16991,16993,16995
16991,17019,16993
16992,16994,17022
16993,16997,16995
16994,16996,17004
16996,16998,17004
16993,17003,16997
16997,17003,16999
16998,17001,17007
16999,17005,17000
17000,17006,17002
17001,17002,17008
16993,17021,17003
16999,17003,17005
16998,17007,17004
17000,17005,17006
17002,17006,17008
17001,17008,17007
16992,17022,17020
16993,17019,17021
16994,17024,17022
17019,17092,17021
17020,17022,17125
17020,17125,17093
17021,17092,17124
17021,17124,17023
17022,17024,17127
17022,17127,17125
17023,17124,17126
16994,17004,17024
17003,17021,17023
17003,17023,17005
17004,17027,17024
17005,17025,17006
17004,17007,17027
17006,17026,17008
17007,17008,17028
17005,17023,17025
17006,17025,17026
17007,17028,17027
17008,17026,17028
17023,17126,17025
17025,17130,17026
17024,17027,17131
17026,17132,17028
17027,17028,17133
16842,17029,17030
17029,17032,17030
16843,17030,17041
17029,17031,17032
17030,17032,17043
17030,17043,17041
17041,17044,17042
17041,17043,17044
16889,16968,16966
16889,17091,16968
17044,17095,17146
16900,17094,17091
17146,17095,17107
16968,17091,17092
17091,17094,17092
17044,17093,17095
17092,17094,17124
17093,17097,17095
17094,17096,17124
16935,17146,17107
16900,17106,17094
16935,17107,16903
16903,17107,17512
16902,17108,17106
17107,17109,17512
16902,17511,17108
17095,17109,17107
17094,17106,17096
17095,17097,17109
17096,17106,17108
17096,17108,17128
17097,17129,17111
17097,17111,17109
17108,17110,17128
17111,17129,17113
17108,17511,17110
17109,17111,17514
17110,17513,17112
17112,17515,17144
17111,17113,17516
17144,17517,17145
17113,17145,17518
17093,17125,17097
17096,17126,17124
17125,17127,17129
17097,17125,17129
17096,17128,17126
17127,17141,17129
17126,17128,17130
17127,17131,17141
17128,17140,17130
17132,17140,17142
17133,17142,17143
17131,17143,17141
17025,17126,17130
17024,17131,17127
17026,17130,17132
17028,17132,17133
17027,17133,17131
17130,17140,17132
17132,17142,17133
17131,17133,17143
17110,17140,17128
17113,17129,17141
17110,17112,17140
17112,17142,17140
17142,17144,17143
17141,17143,17145
17113,17141,17145
17112,17144,17142
17143,17144,17145
16924,17042,17146
17042,17044,17146
16924,17146,16935
16224,17370,17369
17369,17370,17372
16224,17371,17370
17370,17371,17373
17371,17382,17373
17370,17397,17372
17370,17373,17397
16235,17383,17382
16235,16236,17383
16270,17439,16237
16237,17384,17476
16237,17439,17384
16236,17385,17383
17373,17382,17414
17428,17384,17439
17382,17383,17414
17428,17415,17384
17384,17415,17386
17383,17416,17414
17384,17386,17476
17383,17385,17416
17386,17417,17388
16901,17372,17397
16936,17399,17448
17373,17398,17397
17428,17448,17415
17373,17414,17398
17448,17399,17415
17399,17417,17415
17398,17414,17400
16901,17397,16902
16936,16903,17399
16902,17397,17398
16902,17398,17511
16903,17401,17399
17399,17401,17417
17400,17416,17402
17398,17400,17511
17386,17415,17417
17400,17414,17416
17385,17418,17416
17388,17417,17419
17385,17387,17418
17388,17419,17488
17387,17487,17420
17421,17490,17488
17387,17420,17418
17419,17421,17488
17422,17487,17489
17420,17487,17422
17422,17489,17423
17421,17423,17490
17402,17416,17418
17401,17419,17417
17418,17420,17523
17403,17421,17419
17401,17403,17419
17402,17418,17523
17420,17525,17523
17403,17524,17421
17420,17422,17525
17422,17423,17526
17421,17524,17423
17423,17524,17526
17424,17425,17426
16914,17425,17424
17425,17439,17426
16914,17427,17425
17425,17427,17428
17427,17448,17428
17425,17428,17439
16270,17426,17439
16324,17477,17475
16236,17475,17385
17387,17475,17477
17386,17478,17476
16326,17479,17477
16327,17476,17478
16328,17481,17479
16329,17478,17480
16340,17482,17481
16341,17480,17482
17385,17475,17387
17386,17388,17478
17388,17480,17478
17477,17479,17487
17480,17488,17482
17479,17481,17489
17481,17482,17490
17387,17477,17487
17388,17488,17480
17479,17489,17487
17481,17490,17489
17482,17488,17490
17423,17489,17490
16903,17512,17401
17400,17513,17511
17403,17512,17514
17109,17514,17512
17401,17512,17403
17400,17402,17513
17402,17523,17515
17403,17514,17524
17402,17515,17513
17515,17523,17517
17514,17516,17524
17517,17525,17518
17516,17518,17526
17517,17523,17525
17518,17525,17526
17516,17526,17524
17110,17511,17513
17111,17516,17514
17112,17513,17515
17113,17518,17516
17144,17515,17517
17145,17517,17518
17422,17526,17525
204,317,205
208,209,766
208,765,210
209,211,784
210,781,212
212,782,213
211,214,785
204,208,206
204,205,209
205,207,211
204,209,208
205,211,209
206,208,210
210,212,328
206,210,328
212,329,328
207,214,211
207,331,214
215,331,332
212,213,329
214,215,786
214,331,215
215,332,942
240,241,318
240,244,241
241,245,243
240,242,246
242,337,248
240,246,244
244,245,241
243,245,247
242,248,246
249,337,338
243,247,340
247,250,340
250,341,340
244,1509,245
245,1510,247
244,246,1515
246,248,1516
247,1518,250
250,1519,251
248,337,249
249,338,1588
248,249,1517
250,251,341
205,318,207
204,319,317
317,318,205
207,318,320
204,206,319
206,328,321
206,321,319
321,328,322
207,320,331
324,332,331
320,324,331
324,325,332
240,318,317
241,320,318
242,317,319
240,317,242
319,321,337
241,243,320
242,319,337
321,338,337
321,322,338
243,324,320
243,340,324
324,340,325
322,329,323
325,341,326
213,330,329
322,328,329
325,333,332
213,940,330
330,940,334
334,940,941
332,333,942
333,943,942
323,329,330
323,330,350
330,334,350
325,326,333
326,335,333
326,351,335
334,941,352
333,335,943
322,339,338
325,340,341
251,342,341
322,323,339
323,343,339
323,350,343
326,341,342
326,342,351
342,344,351
338,339,1588
339,1589,1588
342,1590,344
251,1590,342
344,1590,1591
339,343,1589
344,1591,355
334,356,350
344,358,351
334,352,356
335,351,353
351,358,353
353,358,966
343,350,354
350,356,354
354,356,1599
344,355,358
352,357,356
356,357,1599
358,359,966
355,359,358
765,766,768
765,767,781
766,784,770
765,768,767
766,770,768
767,769,781
769,782,781
769,775,782
770,784,776
767,772,771
769,771,773
768,774,772
771,772,857
771,856,773
772,774,860
773,858,777
774,779,861
767,768,772
767,771,769
768,770,774
769,773,775
773,777,775
775,777,790
770,779,774
770,776,779
776,792,780
777,778,790
776,780,779
780,792,795
208,766,765
209,784,766
210,765,781
212,781,782
213,782,783
211,785,784
214,786,785
775,783,782
775,790,783
783,790,787
787,790,791
776,784,785
785,786,792
776,785,792
786,793,792
786,788,793
213,783,940
783,787,940
215,788,786
215,942,788
788,942,945
787,791,944
788,945,797
778,791,790
792,793,795
778,794,791
791,794,796
794,880,796
793,881,795
791,796,944
788,797,793
797,945,955
796,880,954
880,884,954
793,797,881
797,885,881
797,955,885
771,857,856
772,860,857
773,856,858
777,858,859
774,861,860
856,857,867
856,866,858
857,860,870
858,868,859
856,867,866
857,870,867
858,866,868
859,868,869
859,869,862
860,871,870
860,861,871
861,874,871
777,859,778
778,859,862
778,862,794
794,862,863
779,780,864
779,864,861
780,795,865
780,865,864
862,872,863
861,864,874
864,865,875
866,867,5543
866,5542,868
867,870,5547
868,5544,869
862,869,872
870,871,5548
866,5543,5542
867,5547,5543
868,5542,5544
869,5544,5545
869,5545,872
872,5545,5546
870,5548,5547
871,5549,5548
871,874,5549
863,872,873
864,875,874
872,5546,873
873,5546,5556
873,5556,890
874,875,5557
874,5557,5549
875,5577,5557
794,863,880
863,882,880
795,883,865
795,881,883
863,873,882
882,890,886
865,883,891
880,882,884
881,887,883
881,885,887
882,886,884
883,887,893
873,890,882
865,891,875
883,893,891
890,5556,5576
890,5576,892
875,891,5577
891,5581,5577
886,890,892
886,892,1016
887,1023,893
892,5576,5580
892,5580,1022
891,893,5581
893,5739,5581
787,941,940
941,944,946
942,943,945
787,944,941
944,952,946
943,953,945
943,947,953
352,941,946
335,947,943
335,353,947
946,952,963
947,957,953
947,964,957
796,952,944
796,954,952
952,954,956
945,953,955
953,959,955
884,958,954
955,959,1015
952,956,963
953,957,959
954,958,956
956,958,972
957,1032,959
352,946,965
353,964,947
353,966,964
946,963,965
964,966,975
352,965,357
357,965,2236
965,967,2236
359,968,966
963,967,965
963,974,967
966,968,975
956,974,963
956,972,974
957,964,973
964,975,973
958,1030,972
957,973,1032
973,1035,1032
972,2244,974
973,975,977
968,2246,975
975,2246,977
972,1030,976
972,976,2244
973,977,1035
884,886,1014
884,1014,958
885,955,1015
885,1015,1017
886,1016,1014
885,1017,887
958,1014,1030
1014,1031,1030
959,1033,1015
959,1032,1033
1014,1016,1031
1016,1018,1031
1015,1019,1017
1015,1033,1019
892,1022,1016
1016,1022,1018
887,1017,1023
1017,1025,1023
1022,5580,5738
1022,5738,1024
893,1023,5739
1023,5743,5739
1018,1022,1024
1017,1019,1025
1024,5738,5742
1023,1025,5743
1030,1031,1034
1031,1036,1034
1032,1037,1033
1018,1036,1031
1018,1042,1036
1019,1033,1043
1033,1037,1043
976,1030,1034
1034,1036,2336
1032,1035,1037
1036,1042,2337
1035,2339,1037
1018,1024,1042
1024,1040,1042
1019,1041,1025
1019,1043,1041
1024,5742,1040
1040,5742,5758
1025,1041,5760
1025,5760,5743
1040,2347,1042
1042,2347,2337
1040,2349,2347
1041,1043,2350
1037,2348,1043
1043,2348,2350
1040,5758,2349
2349,5758,6637
1041,6639,5760
1041,2350,6639
1509,1511,1510
1510,1512,1518
1509,1515,1513
1509,1513,1511
1511,1512,1510
1512,1514,1518
1513,1515,1523
1514,1519,1518
1514,1524,1519
1509,1510,245
244,1515,1509
247,1510,1518
246,1516,1515
248,1517,1516
250,1518,1519
251,1519,1520
249,1588,1521
249,1521,1517
1521,1588,1594
251,1520,1590
1520,1522,1590
1515,1516,1523
1516,1517,1534
1516,1534,1523
1517,1521,1535
1517,1535,1534
1519,1524,1520
1520,1536,1522
1520,1524,1536
1522,1536,1537
1521,1594,1538
1522,1537,1595
1525,1526,1512
1511,1527,1525
1514,1526,1528
1511,1525,1512
1512,1526,1514
1511,1513,1527
1513,1523,1529
1513,1529,1527
1523,1534,1530
1514,1528,1524
1524,1528,1531
1524,1531,1536
1525,1710,1526
1526,1711,1528
1525,1527,1712
1527,1529,1713
1528,1714,1531
1523,1530,1529
1530,1534,1540
1531,1532,1536
1534,1535,1540
1532,1537,1536
1521,1538,1535
1538,1594,1613
1537,1539,1595
1535,1724,1540
1532,1541,1537
1537,1541,1539
1539,1541,1725
1535,1538,1724
1538,1613,1726
1538,1726,1724
1539,1725,1614
1614,1725,1727
1588,1589,1594
1522,1591,1590
1591,1595,1593
343,1592,1589
343,354,1592
355,1591,1593
1589,1592,1609
1589,1609,1594
1522,1595,1591
1593,1595,1610
1592,1611,1609
1592,1601,1611
1593,1610,1602
354,1601,1592
354,1599,1601
355,1593,1600
357,1603,1599
355,1600,359
359,1600,2237
1600,1604,2237
1599,1620,1601
1593,1602,1600
1599,1603,1620
1600,1602,1604
1602,1621,1604
1594,1609,1613
1609,1615,1613
1539,1610,1595
1539,1614,1610
1610,1614,1612
1609,1611,1615
1602,1610,1612
1613,1615,1809
1614,1727,1616
1611,1819,1615
1612,1614,1616
1612,1616,1623
1601,1622,1611
1601,1620,1622
1602,1612,1621
1612,1623,1621
1603,2257,1620
1620,1624,1622
1620,2257,1624
1621,1623,2259
1611,1622,1819
1622,1823,1819
1616,1821,1623
1622,1624,1823
1623,1625,2259
1623,1821,1625
1710,1711,1526
1525,1712,1710
1528,1711,1714
1527,1713,1712
1531,1714,1715
1529,1530,1716
1530,1540,1717
1529,1716,1713
1530,1717,1716
1531,1715,1532
1532,1718,1541
1532,1715,1718
1541,1718,1719
1710,1732,1711
1710,1712,1734
1711,1733,1714
1712,1713,1735
1732,1733,1711
1710,1734,1732
1714,1733,1736
1712,1735,1734
1713,1738,1735
1714,1736,1715
1715,1737,1718
1715,1736,1737
1713,1716,1738
1716,1717,1739
1718,1740,1719
1540,1724,1728
1540,1728,1717
1541,1719,1725
1719,1729,1725
1724,1726,1730
1724,1730,1728
1725,1729,1727
1717,1728,1756
1719,1741,1729
1729,1757,1731
1728,1730,1758
1727,1729,1731
1732,1742,1733
1733,1743,1736
1732,1734,1744
1734,1735,1745
1718,1737,1740
1736,1747,1737
1716,1739,1738
1719,1740,1741
1742,1743,1733
1732,1744,1742
1736,1743,1747
1734,1745,1744
1735,1738,1746
1735,1746,1745
1737,1747,1748
1737,1748,1740
1740,1748,1749
1738,1739,1750
1738,1750,1746
1739,1760,1750
1740,1749,1741
1741,1751,1757
1741,1749,1751
1717,1756,1739
1728,1758,1756
1729,1741,1757
1730,1831,1758
1731,1757,1759
1731,1759,1812
1739,1756,1760
1756,1762,1760
1757,1761,1759
1751,1761,1757
1756,1758,1762
1758,1835,1762
1759,1763,1832
1759,1761,1763
1613,1809,1726
1726,1809,1811
1616,1727,1810
1727,1731,1810
1615,1820,1809
1615,1819,1820
1616,1810,1821
1810,1822,1821
1726,1811,1730
1731,1812,1810
1809,1813,1811
1809,1820,1813
1810,1812,1822
1812,1814,1822
1819,1825,1820
1821,1822,1824
1822,1826,1824
1819,1823,1825
1625,1821,1824
1824,1826,2463
1813,1820,1842
1820,1825,1842
1814,1826,1822
1814,1843,1826
1823,2462,1825
1826,1843,2464
1730,1811,1831
1811,1833,1831
1759,1832,1812
1812,1832,1814
1811,1813,1833
1814,1832,1834
1758,1831,1835
1831,1837,1835
1832,1836,1834
1763,1836,1832
1831,1833,1837
1834,1836,1838
1813,1842,1844
1813,1844,1833
1814,1834,1843
1834,1846,1843
1825,2496,1842
1842,2502,1844
1842,2496,2502
1843,2497,2464
1843,1846,2497
1846,2504,2497
1833,1844,1845
1833,1845,1837
1834,1838,1846
1838,1847,1846
1844,2502,2503
1844,2503,1845
1846,1847,2504
1847,2505,2504
357,2236,1603
359,2237,968
967,974,2245
967,2238,2236
967,2245,2238
968,2237,2247
1603,2236,2256
1604,2239,2237
1604,1621,2258
1604,2258,2239
2236,2238,2256
2237,2239,2247
974,2244,2245
968,2247,2246
2246,2247,2251
976,2249,2244
976,2340,2249
977,2246,2341
2244,2248,2245
2238,2245,2268
2245,2248,2268
2239,2250,2247
2247,2250,2251
2244,2249,2248
2246,2251,2341
1603,2256,2257
2256,2261,2257
1621,2259,2258
2238,2260,2256
2256,2260,2261
2239,2258,2269
2258,2259,2262
2258,2262,2269
1624,2257,2459
1625,2263,2259
1625,2460,2263
2257,2261,2459
2259,2263,2262
2238,2268,2260
2239,2269,2250
2248,2249,2270
2248,2272,2268
2248,2270,2272
2250,2366,2251
2250,2269,2273
2250,2273,2366
2260,2268,2271
2260,2473,2261
2260,2271,2473
2262,2275,2269
2262,2263,2274
2262,2274,2275
2268,2272,2271
2270,2526,2272
2269,2275,2273
2274,2527,2275
976,1034,2340
1034,2336,2340
977,2338,1035
977,2341,2338
1036,2337,2336
1035,2338,2339
1037,2339,2348
2336,2367,2340
2249,2340,2365
2338,2341,2370
2251,2369,2341
2341,2369,2370
2336,2337,2368
2336,2368,2367
2337,2351,2368
2338,2353,2339
2338,2370,2353
2337,2347,2351
2347,2349,2352
2339,2354,2348
2349,6637,2355
2348,2356,2350
2350,6645,6639
2347,2352,2351
2339,2353,2354
2348,2354,2356
2349,2355,2352
2355,6637,6643
2350,2356,6645
2356,6666,6645
2249,2365,2270
2340,2367,2365
2365,2367,2376
2251,2366,2369
2366,2377,2369
2351,2374,2368
2367,2368,2373
2368,2374,2375
2368,2375,2373
2369,2377,2379
2369,2379,2370
2370,2379,2378
2370,2378,2386
2270,2365,2371
2365,2376,2371
2365,2376,2376
2270,2371,2526
2273,2380,2366
2273,2275,2372
2366,2380,2377
2273,2372,2380
2366,2380,2380
2275,2527,2372
2367,2373,2376
2351,2352,2384
2352,2385,2384
2352,2385,2385
2351,2384,2374
2353,2370,2386
2353,2387,2354
2354,2387,2387
2353,2386,2387
2352,2355,2385
2355,2388,2385
2355,6643,2388
6643,6664,2388
2354,2389,2356
2354,2387,2389
2356,2389,6666
1624,2461,1823
1624,2459,2461
1625,1824,2460
1824,2463,2460
2261,2477,2459
2459,2478,2461
2459,2477,2478
2263,2460,2474
2460,2463,2479
1823,2461,2462
1825,2462,2496
1826,2464,2463
2461,2498,2462
2461,2478,2498
2463,2464,2480
2463,2480,2479
2464,2500,2480
2261,2473,2477
2473,2481,2477
2263,2474,2274
2460,2479,2474
2474,2479,2486
2271,2272,2475
2271,2482,2473
2272,2526,2475
2271,2475,2482
2473,2482,2481
2473,2482,2482
2274,2474,2476
2274,2476,2527
2474,2486,2476
2474,2486,2486
2477,2481,2484
2477,2484,2478
2478,2484,2483
2478,2483,2514
2479,2480,2485
2480,2500,2487
2480,2488,2485
2480,2487,2488
2479,2485,2486
2462,2499,2496
2464,2497,2500
2497,2504,2501
2462,2498,2499
2496,2499,2506
2497,2501,2500
2496,2506,2502
2502,2507,2503
2504,2505,2508
2502,2506,2507
2506,2519,2507
2501,2504,2508
2505,2509,2508
2478,2514,2498
2498,2515,2499
2499,2515,2515
2498,2514,2515
2500,2501,2516
2500,2516,2487
2501,2517,2516
2501,2517,2517
2499,2518,2506
2499,2515,2518
2506,2518,2519
2501,2508,2517
2508,2520,2517
2508,2509,2520
2509,2521,2520
5542,5543,5551
5542,5550,5544
5543,5547,5554
5544,5552,5545
5545,5553,5546
5546,5553,5558
5547,5548,5555
5548,5549,5560
5548,5560,5555
5542,5551,5550
5543,5554,5551
5544,5550,5552
5545,5552,5553
5547,5555,5554
5555,5560,5570
5546,5558,5556
5556,5558,5559
5556,5559,5576
5549,5557,5561
5549,5561,5560
5557,5579,5561
5558,5568,5559
5560,5561,5571
5550,5551,5563
5550,5562,5552
5551,5554,5566
5552,5564,5553
5550,5563,5562
5552,5562,5564
5551,5566,5563
5553,5565,5558
5553,5564,5565
5554,5567,5566
5554,5555,5567
5555,5570,5567
5562,5659,5564
5562,5563,5660
5563,5566,5662
5564,5661,5565
5566,5567,5665
5558,5565,5568
5559,5568,5569
5560,5571,5570
5565,5663,5568
5568,5663,5664
5568,5664,5569
5569,5664,5676
5567,5570,5666
5567,5666,5665
5570,5571,5677
5570,5677,5666
5559,5578,5576
5576,5578,5580
5557,5577,5579
5577,5583,5579
5559,5569,5578
5578,5588,5582
5561,5579,5589
5578,5582,5580
5580,5582,5738
5577,5581,5583
5581,5741,5583
5582,5592,5740
5579,5583,5593
5583,5750,5593
5569,5588,5578
5561,5589,5571
5579,5593,5589
5569,5676,5588
5588,5676,5590
5571,5591,5677
5571,5589,5591
5582,5588,5592
5589,5593,5595
5588,5590,5592
5590,5594,5592
5589,5595,5591
5563,5662,5660
5562,5660,5659
5564,5659,5661
5565,5661,5663
5566,5665,5662
5659,5660,5670
5659,5669,5661
5660,5662,5672
5663,5667,5664
5664,5678,5676
5665,5666,5680
5661,5671,5663
5663,5671,5667
5660,5672,5670
5659,5670,5669
5661,5669,5671
5664,5667,5678
5662,5665,5668
5662,5668,5672
5665,5680,5668
5669,5673,5671
5669,5670,5674
5667,5671,5684
5670,5672,5687
5668,5688,5672
5672,5688,5687
5669,5674,5673
5670,5687,5674
5671,5673,5684
5590,5676,5679
5666,5677,5681
5591,5683,5677
5677,5683,5681
5676,5678,5679
5666,5681,5680
5590,5682,5594
5590,5679,5682
5594,5682,5823
5591,5595,5824
5591,5824,5683
5679,5690,5682
5682,5834,5823
5681,5683,5835
5667,5685,5678
5667,5684,5685
5678,5685,5686
5678,5686,5679
5679,5686,5690
5668,5680,5689
5668,5689,5688
5680,5681,5691
5680,5691,5689
5673,5674,6065
5673,6064,5684
5674,5687,6067
5684,6066,5685
5685,6068,5686
5687,5688,6070
5688,5689,6071
5682,5690,5834
5681,5835,5691
5686,6069,5690
5690,5836,5834
5690,6069,5836
5689,5691,5838
5689,5838,6071
5582,5740,5738
5738,5740,5742
5581,5739,5741
5739,5745,5741
5592,5749,5740
5740,5749,5744
5583,5741,5750
5741,5754,5750
5740,5744,5742
5739,5743,5745
5744,5749,5753
5741,5745,5754
5592,5594,5749
5593,5750,5752
5594,5751,5749
5594,5823,5751
5593,5752,5595
5595,5752,5828
5749,5751,5753
5751,5768,5753
5750,5754,5770
5750,5770,5752
5751,5827,5768
5768,5827,5769
5752,5770,5771
5752,5771,5828
5742,5744,5758
5744,5759,5758
5743,5760,5761
5743,5761,5745
5744,5753,5759
5753,5762,5759
5745,5763,5754
5745,5761,5763
5758,5759,6637
5759,6638,6637
5760,6640,5761
5760,6639,6640
5759,5762,6638
5762,6641,6638
5762,5772,6641
5761,6642,5763
5761,6640,6642
5763,6642,6656
5753,5768,5762
5762,5768,5772
5754,5773,5770
5754,5763,5773
5768,5769,5772
5770,5773,5775
5770,5775,5771
5772,5774,6654
5763,6656,5773
5769,5774,5772
5771,5775,5848
5773,6657,5775
5751,5823,5827
5595,5828,5824
5823,5834,5825
5823,5825,5827
5683,5824,5826
5683,5826,5835
5824,5830,5826
5769,5827,5829
5824,5828,5830
5828,5846,5830
5825,5829,5827
5826,5830,5855
5825,5834,5837
5825,5837,5840
5691,5835,5839
5826,5841,5835
5834,5836,5837
5691,5839,5838
5835,5841,5839
5825,5840,5829
5829,5840,5854
5826,5855,5841
5837,6148,5840
5840,6148,6165
5839,5841,6166
5769,5829,5845
5769,5845,5774
5771,5846,5828
5829,5854,5845
5845,5854,5849
5830,5850,5855
5830,5846,5850
5774,5845,5847
5771,5848,5846
5846,5848,6744
5845,5849,5847
5847,5849,6742
5849,5856,6742
5846,6744,5850
5849,5854,5858
5841,5855,5859
5840,6165,5854
5854,6165,5858
5841,5859,6166
5849,5858,5856
5850,5857,5855
5855,5857,5859
5856,5858,6170
5859,6172,6166
5857,6753,5859
5859,6753,6172
5673,6065,6064
5674,6067,6065
5684,6064,6066
5685,6066,6068
5687,6070,6067
5688,6071,6070
5686,6068,6069
6068,6142,6069
5836,6069,6143
6070,6071,6146
6065,6067,6075
6066,6074,6068
6064,6072,6066
6064,6065,6073
6064,6073,6072
6065,6075,6073
6066,6072,6074
6069,6142,6143
6068,6074,6142
6067,6070,6145
6070,6146,6145
6067,6145,6075
6072,6073,6151
5836,6143,6144
5836,6144,5837
5838,6147,6071
5838,5839,6149
5838,6149,6147
6143,6155,6144
6071,6147,6146
6145,6146,6158
5837,6144,6148
5839,6166,6149
6144,6156,6148
6144,6155,6156
6148,6156,6167
6146,6147,6159
6147,6149,6168
6147,6168,6159
6073,6075,6153
6074,6152,6142
6142,6154,6143
6072,6150,6074
6072,6151,6150
6073,6153,6151
6074,6150,6152
6143,6154,6155
6142,6152,6154
6075,6145,6157
6145,6158,6157
6075,6157,6153
6155,6177,6156
6146,6159,6158
6152,6208,6154
6150,6209,6152
6150,6151,6210
6151,6153,6211
6151,6211,6210
6154,6176,6155
6154,6208,6176
6152,6209,6208
6153,6157,6179
6157,6158,6180
6153,6179,6211
6157,6180,6179
6148,6167,6165
5858,6165,6169
6165,6167,6169
6149,6166,6171
6167,6182,6169
6149,6171,6168
5858,6169,6170
6169,6173,6170
6166,6172,6171
6171,6172,7289
6169,6182,6173
6168,6171,6174
6168,6174,6183
6171,7289,6174
6156,6178,6167
6156,6177,6178
6167,6178,6182
6158,6159,6181
6159,6168,6183
6159,6183,6181
6155,6176,6177
6177,6213,6178
6158,6181,6180
6173,6182,7299
6181,6183,7301
6178,7300,6182
6182,7300,7299
6178,6213,7300
6180,6181,7302
6181,7301,7302
6150,6210,6209
6176,6208,6216
6211,6219,6210
6208,6209,6217
6209,6210,6218
6176,6212,6177
6209,6218,6217
6210,6219,6218
6176,6216,6212
6208,6217,6216
6179,6214,6211
6179,6180,6215
6211,6214,6219
6177,6212,6213
6179,6215,6214
6180,7302,6215
6214,6215,7392
6219,7394,6218
6212,6216,7391
6212,7390,6213
6217,6218,7398
6216,6217,7397
6214,7393,6219
6637,6638,6643
6638,6641,6644
6639,6646,6640
6641,6654,6647
6640,6649,6642
6642,6650,6656
6638,6644,6643
6643,6644,6664
6639,6645,6646
6640,6646,6649
6641,6647,6644
6647,6654,6648
6642,6649,6650
5772,6654,6641
5774,6655,6654
5773,6656,6657
5774,5847,6655
5847,6658,6655
5775,6659,5848
5775,6657,6659
6648,6654,6655
6648,6655,6680
6656,6682,6657
6650,6682,6656
6657,6682,6683
6655,6658,6680
6658,6681,6680
6658,6746,6681
6657,6683,6659
6659,6685,6748
6644,6665,6664
6644,6647,6665
6647,6668,6665
6645,6667,6646
6645,6666,6667
6646,6670,6649
6646,6667,6670
6647,6648,6668
6647,6668,6668
6648,6680,6669
6648,6669,6668
6649,6670,6670
6649,6670,6671
6649,6671,6650
6650,6671,6690
6680,6686,6669
6680,6687,6686
6680,6681,6687
6681,6688,6687
6650,6690,6682
6682,6690,6691
6682,6691,6692
6682,6692,6683
6681,6746,6684
6681,6684,6688
6659,6683,6685
6685,6765,6748
6683,6693,6685
6683,6692,6693
6684,6689,6688
6684,6689,6689
6762,6694,6689
6684,6762,6689
6762,6763,6694
6763,6784,6694
6685,6693,6693
6685,6693,6695
6685,6695,6765
6765,6695,6785
5847,6742,6658
5848,6659,6748
5848,6748,6744
5856,6743,6742
6742,6743,6746
5850,6744,6745
6658,6742,6746
6744,6748,6749
6743,6747,6746
6743,6754,6747
6744,6749,6745
6745,6749,6761
6745,6761,6755
5856,6752,6743
5850,6745,5857
5857,6745,6755
5857,6755,6753
5856,6170,6752
6172,6753,7291
6743,6752,6754
6753,6755,6774
6752,7290,6754
6754,7290,6772
6772,7290,7308
6753,6774,7291
6684,6746,6747
6684,6747,6762
6747,6760,6762
6748,6765,6749
6749,6765,6766
6749,6766,6761
6747,6754,6760
6755,6761,6778
6760,6763,6762
6763,6764,6784
6761,6766,6767
6765,6785,6766
6760,6776,6763
6763,6776,6764
6764,6776,6777
6761,6767,6778
6767,6854,6778
6778,6854,6779
6754,6772,6760
6760,6772,6776
6772,6773,6776
6755,6778,6774
6774,6778,6779
6772,7308,6773
6774,6775,7291
6774,6779,6775
6773,6777,6776
6775,6779,6871
6773,7310,6777
6777,7310,6870
6775,6871,7311
6764,6851,6784
6764,6853,6851
6853,6855,6851
6853,6855,6855
6766,6785,6852
6766,6852,6767
6767,6859,6854
6767,6852,6859
6854,6859,6859
6854,6859,6860
6764,6777,6853
6853,6863,6855
6853,6870,6863
6779,6854,6865
6854,6860,6865
6863,6856,6855
6863,6864,6856
6864,6858,6856
6864,6857,6858
6864,6890,6857
6865,6860,6862
6865,6862,6866
6866,6862,6861
6866,6861,6881
6777,6870,6853
6863,6870,6872
6779,6865,6871
6865,6866,6871
6866,6874,6871
6870,7310,7459
6870,7459,6872
6871,6874,7311
6874,7460,7311
6863,6872,6864
6864,6872,6873
6864,6873,6890
6866,6892,6874
6874,6892,6875
6872,7465,6873
6874,6875,7460
6875,6895,7466
6890,6879,6857
6890,6891,6879
6891,6880,6879
6891,6880,6880
6866,6881,6892
6892,6881,6882
6892,6882,6893
6893,6882,6882
6891,6896,6880
6896,6883,6880
6896,15308,6883
15308,15293,6883
6893,6882,6884
6893,6884,6897
6897,6884,15295
6890,6894,6891
6875,6892,6893
6893,6897,6895
6873,6894,6890
6891,6894,6898
6875,6893,6895
6891,6898,6896
6896,15312,15308
6897,15295,15310
6897,15310,6899
6896,6898,15312
6895,6897,6899
6899,15310,15314
6170,7288,6752
6170,6173,7288
6752,7288,7290
6172,7291,7289
6173,7297,7288
6174,7289,7293
6174,7293,7298
7288,7292,7290
7290,7292,7308
7289,7291,7309
7288,7297,7292
7289,7309,7293
6173,7299,7297
6174,7298,6183
6183,7298,7301
7297,7299,7303
7299,7300,7395
7301,7304,7302
7292,7297,7320
7293,7319,7298
7298,7319,7321
7299,7395,7303
7297,7303,7320
7298,7321,7301
7301,7321,7304
6773,7308,7312
6775,7309,7291
6775,7311,7309
7309,7311,7313
7292,7318,7308
7308,7318,7312
7293,7309,7313
7293,7313,7319
6773,7312,7310
7310,7312,7461
7311,7460,7313
7312,7322,7461
7313,7463,7319
7313,7460,7463
7292,7320,7318
7319,7323,7321
7303,7404,7320
7318,7320,7324
7320,7404,7324
7304,7321,7325
7321,7323,7325
7312,7318,7322
7318,7324,7322
7319,7463,7323
7322,7324,7550
7323,7471,7325
6213,7389,7300
7300,7389,7395
6215,7302,7396
7302,7304,7396
6215,7396,7392
6213,7390,7389
6216,7397,7391
6212,7391,7390
6218,7394,7398
6217,7398,7397
6214,7392,7393
6219,7393,7394
7303,7395,7406
7304,7405,7396
7389,7407,7395
7389,7390,7412
7395,7407,7406
7389,7412,7407
7393,7413,7394
7392,7409,7393
7392,7396,7408
7392,7408,7409
7393,7409,7413
7394,7402,7398
7397,7398,7401
7391,7397,7400
7390,7391,7399
7391,7400,7399
7397,7401,7400
7398,7402,7401
7390,7399,7412
7394,7413,7402
7303,7406,7404
7396,7405,7408
7304,7325,7405
7406,7407,7415
7408,7411,7409
7324,7404,7552
7324,7552,7550
7325,7551,7405
7405,7553,7408
7405,7551,7553
7404,7406,7410
7406,7415,7410
7404,7410,7552
7408,7553,7411
7399,7418,7412
7400,7401,7420
7402,7421,7401
7399,7400,7419
7407,7412,7414
7412,7418,7414
7409,7417,7413
7402,7413,7416
7402,7416,7421
7400,7420,7419
7399,7419,7418
7401,7421,7420
7407,7414,7415
7409,7411,7417
7413,7417,7416
7414,7418,7559
7419,7420,7561
7421,7563,7420
7418,7419,7560
7416,7562,7421
7310,7461,7459
6872,7459,7465
7460,7466,7463
7459,7461,7462
7459,7462,7465
7463,7466,7464
6873,7465,7478
6875,7466,7460
7462,7472,7465
7465,7472,7478
7464,7466,7479
7464,7479,7473
7322,7470,7461
7461,7470,7462
7323,7463,7464
7323,7464,7471
7322,7550,7470
7470,7550,7554
7325,7471,7551
7471,7475,7551
7462,7470,7474
7462,7474,7472
7464,7473,7471
7471,7473,7475
7470,7554,7474
7475,7555,7551
6873,7478,6894
6894,7480,6898
6894,7478,7480
6895,7479,7466
6895,6899,7479
6899,7481,7479
7472,7484,7478
7478,7484,7480
7473,7479,7481
7473,7481,7485
6898,7480,16018
6898,16018,15312
6899,15314,7481
7481,15314,16020
7480,7484,16028
7480,16028,16018
7481,16020,7485
7485,16020,16029
7472,7486,7484
7473,7485,7475
7472,7474,7486
7474,7570,7486
7475,7487,7555
7475,7485,7487
7484,16030,16028
7485,16029,7487
7484,7486,16030
7486,16145,16030
7487,16031,7571
7487,16029,16031
7550,7552,7556
7551,7555,7553
7553,7555,7557
7410,7564,7552
7552,7564,7556
7411,7553,7557
7411,7557,7566
7550,7556,7554
7555,7571,7557
7554,7556,7572
7556,7564,7574
7557,7573,7566
7410,7415,7565
7414,7558,7415
7410,7565,7564
7415,7558,7565
7411,7566,7417
7416,7417,7567
7417,7566,7567
7416,7567,7562
7414,7559,7558
7418,7560,7559
7419,7561,7560
7420,7563,7561
7421,7562,7563
7564,7565,7575
7566,7576,7567
7562,7567,7577
7558,7559,7579
7563,7583,7561
7559,7560,7580
7560,7561,7581
7558,7578,7565
7558,7579,7578
7559,7580,7579
7561,7583,7581
7560,7581,7580
7562,7582,7563
7562,7577,7582
7563,7582,7583
7474,7554,7570
7554,7572,7570
7487,7571,7555
7556,7574,7572
7557,7571,7573
7566,7573,7576
7486,7570,16145
7570,16147,16145
7571,16146,7573
7571,16031,16146
7570,7572,16147
7572,16153,16147
7573,16148,7576
7573,16146,16148
7564,7575,7574
7567,7576,7577
7565,7578,7575
7578,7579,16157
7583,16162,7581
7579,7580,16158
7580,7581,16159
7582,16161,7583
7572,7574,16153
7574,7575,16155
7574,16155,16153
7576,16154,7577
7576,16148,16154
7577,16154,16160
7575,7578,16156
7578,16157,16156
7579,16158,16157
7581,16162,16159
7580,16159,16158
7575,16156,16155
7577,16160,7582
7582,16160,16161
7583,16161,16162
1745,1746,10518
1742,10512,1743
1743,10513,1747
1742,1744,10514
1744,1745,10515
1745,10518,10515
1747,10516,1748
1748,10517,1749
1749,10517,10520
1746,1750,10519
1746,10519,10518
1750,10524,10519
1749,10520,1751
1751,10521,1761
1751,10520,10521
1743,10512,10513
1742,10514,10512
1747,10513,10516
1744,10515,10514
10515,10518,10528
1748,10516,10517
10518,10519,10529
10520,10530,10521
1750,1760,10524
1760,10526,10524
1761,10525,1763
1761,10521,10525
1760,1762,10526
1762,10585,10526
1763,10527,1836
1763,10525,10527
10519,10524,10542
10521,10531,10525
10525,10543,10527
10524,10526,10544
10526,10598,10544
10527,10545,10586
10512,10532,10513
10513,10533,10516
10512,10514,10534
10514,10515,10535
10515,10528,10535
10532,10533,10513
10512,10534,10532
10516,10533,10536
10514,10535,10534
10516,10536,10517
10517,10537,10520
10517,10536,10537
10518,10529,10528
10520,10537,10530
10521,10530,10531
10533,10680,10536
10532,10679,10533
10532,10534,10681
10534,10535,10684
10536,10682,10537
10528,10683,10535
10528,10529,10690
10535,10683,10684
10528,10690,10683
10530,10537,10686
10530,10685,10531
10530,10686,10685
10531,10685,10691
10519,10542,10529
10524,10544,10542
10525,10531,10543
10542,10544,10548
10527,10543,10545
10529,10542,10546
10529,10546,10690
10531,10691,10543
10543,10691,10547
10542,10548,10546
10543,10547,10545
10545,10547,10549
1762,1835,10585
1835,10587,10585
1836,10586,1838
1836,10527,10586
1835,1837,10587
1838,10586,10588
10526,10585,10598
10585,10600,10598
10586,10599,10588
10545,10599,10586
10585,10587,10600
10588,10599,10601
1837,1845,10591
1837,10591,10587
1838,10588,1847
1847,10588,10592
1845,2503,11183
1845,11183,10591
1847,10592,2505
2505,10592,11184
10587,10591,10593
10587,10593,10600
10588,10601,10592
10592,10601,10594
10591,11187,10593
10591,11183,11187
10593,11187,11205
10592,10594,11184
10594,11188,11184
10594,10609,11188
10544,10598,10602
10545,10549,10599
10598,10600,10610
10598,10610,10602
10599,10603,10601
10601,10603,10612
10544,10602,10548
10548,10602,10761
10549,10603,10599
10549,10760,10603
10602,10610,10611
10602,10611,10761
10603,10762,10612
10612,10762,10613
10593,10608,10600
10600,10608,10610
10594,10601,10612
10594,10612,10609
10593,11205,10608
10609,10615,11207
10608,10614,10610
10610,10614,10611
10609,10612,10613
10608,11206,10614
10611,10614,10772
10609,10613,10615
10532,10681,10679
10536,10680,10682
10679,10680,10533
10534,10684,10681
10537,10682,10686
10683,10692,10684
10685,10686,10688
10685,10694,10691
10679,10681,10700
10680,10699,10682
10679,10698,10680
10681,10684,10687
10684,10692,10687
10679,10700,10698
10682,10699,10701
10698,10699,10680
10681,10687,10700
10682,10701,10686
10686,10701,10688
10685,10688,10694
10546,10696,10690
10683,10690,10693
10690,10696,10693
10547,10691,10695
10546,10548,10759
10546,10759,10696
10547,10697,10549
10547,10695,10697
10549,10697,10760
10683,10693,10692
10691,10694,10695
10693,10696,10779
10697,10780,10760
10695,10705,10697
10687,10707,10700
10698,10702,10699
10699,10703,10701
10698,10700,10706
10700,10707,10706
10688,10701,10709
10698,10706,10702
10702,10703,10699
10701,10703,10709
10687,10692,10708
10692,10693,10704
10687,10708,10707
10692,10704,10708
10688,10710,10694
10694,10711,10695
10695,10711,10705
10694,10710,10711
10688,10709,10710
10693,10779,10704
10697,10705,10780
10702,11643,10703
10703,11644,10709
10706,10707,11648
10702,10706,11645
10707,10708,11647
10709,11646,10710
10710,11650,10711
10704,10781,10708
10708,10781,11647
10705,10711,11649
10705,10783,10780
10705,11649,10783
10548,10761,10759
10603,10760,10762
10759,10761,10765
10761,10770,10765
10613,10762,10766
10696,10759,10763
10759,10765,10763
10696,10763,10779
10760,10764,10762
10760,10780,10764
10763,10765,10790
10762,10764,10766
10611,10770,10761
10613,10771,10615
10613,10766,10771
10611,10772,10770
10770,10772,11291
10615,10771,10773
10765,10770,10774
10765,10774,10790
10766,10791,10771
10771,10791,10775
10770,11291,10774
10771,10775,10773
10773,10775,11293
10775,10793,11293
10763,10785,10779
10704,10779,10782
10764,10780,10784
10764,10784,10786
10763,10790,10785
10764,10786,10766
10766,10786,10791
10704,10782,10781
10779,10785,10782
10780,10783,10784
10782,10785,11734
10784,11722,10786
10786,11722,11735
10785,10790,10794
10775,10791,10795
10774,10792,10790
10790,10792,10794
10775,10795,10793
10785,10794,11734
10786,11735,10791
10791,11735,10795
10792,11311,10794
10794,11736,11734
10794,11311,11736
10793,10795,11738
2503,11185,11183
2505,11184,2509
11184,11188,11186
2503,2507,11185
11183,11185,11189
2509,11184,11186
2509,11186,2521
11183,11189,11187
11187,11190,11205
11188,11207,11191
11187,11189,11190
11186,11188,11191
11191,11207,11192
2507,2519,11196
2507,11196,11185
11185,11196,11198
11185,11198,11189
11186,11197,2521
11186,11191,11197
11191,11200,11197
11189,11198,11198
11189,11198,11199
11189,11199,11190
11190,11199,11223
11191,11200,11200
11191,11192,11200
11192,11201,11200
11192,11221,11201
10608,11205,11206
10609,11207,11188
10615,11208,11207
11190,11219,11205
11205,11219,11206
11206,11219,11220
11192,11207,11208
11192,11208,11221
10614,11206,11209
10614,11209,10772
10615,10773,11208
10773,11210,11208
11206,11220,11209
11209,11231,11287
11208,11210,11221
11210,11222,11221
11210,11289,11222
11190,11223,11219
11219,11223,11224
11219,11224,11225
11219,11225,11220
11221,11227,11201
11221,11228,11227
11221,11222,11228
11222,11229,11228
11220,11225,11226
11209,11220,11231
11220,11226,11231
11231,11299,11287
11222,11232,11229
11222,11289,11232
11231,11226,11226
11231,11226,11233
11231,11233,11299
11299,11233,11239
11232,11230,11229
11232,11230,11230
11302,11234,11230
11232,11302,11230
11302,11303,11234
11303,11240,11234
10772,11209,11287
10772,11287,11291
10773,11293,11210
11287,11288,11291
11210,11293,11289
10774,11291,11292
11289,11293,11294
10793,11294,11293
11288,11292,11291
11288,11305,11292
11292,11305,11309
11289,11294,11290
11290,11294,11310
11287,11299,11288
11288,11299,11300
11288,11300,11305
11232,11289,11290
11232,11290,11302
11290,11306,11302
11299,11239,11300
11300,11301,11305
11303,11304,11240
11302,11306,11303
11305,11317,11309
11290,11310,11306
11301,11317,11305
11301,11400,11317
11317,11400,11318
11303,11306,11319
11303,11319,11304
11304,11319,11320
10774,11292,10792
10792,11292,11309
10792,11309,11311
10793,11312,11294
11309,11321,11311
11294,11312,11310
11311,12189,11736
10793,11738,11312
11311,11321,12189
11310,11312,12190
11310,12190,11323
11323,12190,12197
11309,11317,11321
11317,11318,11321
11306,11310,11323
11306,11323,11319
11319,11323,11324
11318,11418,11322
11319,11324,11320
11318,11322,11321
11321,11322,12189
11323,12197,11324
11322,11418,12198
11320,11324,12199
11320,12199,11419
11300,11239,11390
11300,11390,11301
11301,11392,11400
11301,11390,11392
11400,11392,11392
11400,11392,11393
11304,11391,11240
11304,11401,11391
11401,11396,11391
11401,11396,11396
11404,11397,11396
11400,11393,11402
11318,11400,11402
11401,11404,11396
11304,11320,11401
11401,11419,11404
11402,11393,11395
11402,11395,11403
11403,11395,11394
11403,11394,11409
11404,11405,11397
11405,11399,11397
11405,11398,11399
11405,11431,11398
11429,11409,11410
11403,11409,11429
11430,11410,11410
11429,11410,11430
11431,11411,11398
11431,11432,11411
11432,11412,11411
11432,11412,11412
11430,11410,11413
11430,11413,11433
11433,11413,15425
11434,11414,11412
11432,11434,11412
15466,15427,11414
11434,15466,11414
11318,11402,11418
11402,11403,11418
11403,11420,11418
11320,11419,11401
11404,11419,11422
11403,11429,11420
11420,11429,11421
11404,11422,11405
11405,11423,11431
11405,11422,11423
11418,11420,12198
11420,12262,12198
11419,12263,11422
11419,12199,12263
11420,11421,12262
11421,11435,12264
11422,12265,11423
11421,11429,11430
11430,11433,11435
11431,11436,11432
11433,15425,15464
11433,15464,11437
11432,11438,11434
11434,15474,15466
11421,11430,11435
11423,11436,11431
11432,11436,11438
11433,11437,11435
11437,15464,15472
11434,11438,15474
10702,11645,11643
11643,11644,10703
10707,11647,11648
10706,11648,11645
10709,11644,11646
10710,11646,11650
11647,11724,11648
10711,11650,11649
10783,11649,11727
11649,11650,11728
11643,11645,11653
11645,11648,11725
11643,11651,11644
11644,11652,11646
11648,11724,11725
11643,11653,11651
11651,11652,11644
11646,11652,11654
11645,11725,11653
11646,11654,11650
11649,11728,11727
11650,11654,11728
11651,11751,11652
10781,11723,11647
10781,10782,11721
10781,11721,11723
10783,11726,10784
10783,11727,11726
10782,11734,11721
10784,11726,11722
11647,11723,11724
11724,11745,11725
11726,11727,11748
11721,11740,11723
11723,11744,11724
11723,11740,11744
11722,11726,11747
11722,11747,11741
11726,11748,11747
11721,11734,11737
10795,11735,11739
11722,11741,11735
11735,11741,11739
11734,11736,11737
11736,12187,11737
10795,11739,11738
11738,11739,11743
11721,11737,11740
11739,11741,11756
11737,11742,11740
11737,12187,11742
11740,11742,11755
11739,11756,11743
11651,11653,11750
11653,11725,11746
11725,11745,11746
11652,11752,11654
11654,11752,11753
11651,11750,11751
11751,11752,11652
11653,11746,11750
11727,11728,11749
11654,11753,11728
11727,11749,11748
11728,11753,11749
11724,11744,11745
11747,11748,11761
11746,11759,11750
11745,11758,11746
11750,11787,11751
11751,11788,11752
11753,11752,11789
11751,11787,11788
11746,11758,11759
11750,11759,11787
11753,11789,11790
11749,11753,11790
11748,11749,11762
11749,11790,11762
11740,11755,11744
11744,11757,11745
11744,11755,11757
11741,11747,11760
11741,11760,11756
11747,11761,11760
11755,12207,11757
11743,11756,12209
11745,11757,11758
11748,11762,11761
11760,11761,11793
11757,12207,12208
11757,12208,11758
11756,11760,12210
11756,12210,12209
11760,11793,12210
11788,11789,11752
11759,11792,11787
11758,11791,11759
11787,11795,11788
11788,11796,11789
11790,11789,11797
11788,11795,11796
11796,11797,11789
11787,11792,11795
11790,11797,11798
11762,11790,11798
11761,11762,11794
11762,11798,11794
11758,12208,11791
11759,11791,11792
11791,12356,11792
11761,11794,11793
11792,12357,11795
11795,12358,11796
11798,11797,12372
11796,12371,11797
11793,11794,12360
11794,11798,12361
11736,12189,12187
11312,11738,12188
11312,12188,12190
11738,11743,12188
12187,12189,12196
12188,12192,12190
12190,12192,12197
11742,12187,12191
11742,12191,12205
11743,12206,12188
12187,12196,12191
12188,12206,12192
11322,12196,12189
11322,12198,12196
12196,12198,12200
11324,12197,12201
12198,12262,12200
11324,12201,12199
12199,12201,12268
12191,12196,12200
12191,12200,12217
12197,12218,12201
12192,12218,12197
12200,12262,12266
12200,12266,12217
12201,12220,12268
11742,12205,11755
11755,12205,12207
11743,12209,12206
12191,12217,12205
12205,12217,12221
12192,12206,12222
12207,12211,12208
12206,12209,12212
12209,12210,12355
12205,12221,12207
12207,12221,12211
12206,12212,12222
12209,12355,12212
12217,12219,12221
12192,12222,12218
12217,12266,12219
12201,12218,12220
12218,12224,12220
12219,12223,12221
12211,12221,12223
12218,12222,12224
12212,12364,12222
12222,12364,12224
12219,12281,12223
12220,12224,12450
12262,12264,12266
11422,12263,12265
12199,12268,12263
11421,12264,12262
11423,12265,12273
12264,12267,12266
12263,12268,12269
12263,12269,12265
12264,12272,12267
12267,12272,12279
12265,12280,12273
12265,12269,12280
11435,12272,12264
11435,11437,12272
11437,12274,12272
11423,12273,11436
11436,12275,11438
11436,12273,12275
11437,15472,12274
12274,15472,16824
11438,16826,15474
11438,12275,16826
12272,12274,12279
12274,12287,12279
12273,12288,12275
12273,12280,12288
12274,16824,12287
12287,16824,16844
12275,12288,16845
12275,16845,16826
12219,12266,12267
12219,12267,12281
12220,12282,12268
12268,12282,12269
12267,12279,12281
12279,12283,12281
12269,12282,12284
12269,12284,12280
12223,12281,12449
12281,12283,12449
12220,12450,12282
12282,12450,12452
12283,12451,12449
12282,12452,12284
12279,12287,12283
12280,12290,12288
12287,16844,12289
12288,16849,16845
12283,12287,12289
12283,12289,12451
12280,12284,12290
12284,12460,12290
12289,16844,16848
12289,16848,12459
12288,12290,16849
12290,17034,16849
11791,12208,12354
12208,12211,12354
11791,12354,12356
11793,12359,12210
12210,12359,12355
12211,12363,12354
12212,12355,12367
11792,12356,12357
11795,12357,12358
11798,12372,12361
11796,12358,12371
12371,12372,11797
11793,12360,12359
11794,12361,12360
12354,12365,12356
12356,12365,12366
12356,12366,12357
12357,12377,12358
12357,12366,12377
12355,12359,12368
12355,12368,12367
12359,12360,12378
12359,12378,12368
12211,12223,12363
12354,12363,12365
12212,12367,12364
12223,12449,12363
12363,12453,12365
12363,12449,12453
12224,12364,12454
12224,12454,12450
12365,12369,12366
12367,12368,12381
12365,12453,12369
12364,12367,12370
12364,12370,12454
12367,12381,12370
12358,12373,12371
12361,12372,12375
12371,12374,12372
12361,12375,12376
12358,12377,12373
12371,12373,12374
12374,12375,12372
12360,12361,12376
12360,12376,12378
12366,12379,12377
12373,12383,12374
12374,12384,12375
12376,12375,12385
12373,12377,12380
12373,12380,12383
12368,12378,12382
12376,12386,12378
12378,12386,12382
12366,12369,12379
12377,12379,12380
12368,12382,12381
12376,12385,12386
12374,12383,12384
12384,12385,12375
12380,12467,12383
12383,12468,12384
12384,12469,12385
12386,12385,12470
12382,12386,12472
12449,12451,12453
12451,12455,12453
12450,12454,12456
12451,12459,12455
12450,12456,12452
12369,12453,12455
12369,12455,12463
12454,12465,12456
12370,12465,12454
12455,12461,12463
12452,12456,12462
12456,12465,12475
12289,12459,12451
12284,12452,12460
12452,12462,12460
12459,16848,17033
12459,17033,12461
12290,12460,17034
12460,17038,17034
12455,12459,12461
12461,12473,12463
12456,12475,12462
12461,17033,17037
12461,17037,12473
12460,12462,17038
12462,17054,17038
12369,12463,12379
12379,12463,12464
12379,12464,12380
12380,12464,12467
12370,12381,12466
12370,12466,12465
12381,12382,12471
12381,12471,12466
12463,12473,12464
12464,12474,12467
12465,12466,12476
12383,12467,12468
12386,12470,12472
12469,12470,12385
12384,12468,12469
12382,12472,12471
12467,12477,12468
12467,12474,12477
12468,12478,12469
12472,12470,12480
12469,12479,12470
12468,12477,12478
12472,12480,12482
12469,12478,12479
12479,12480,12470
12466,12471,12481
12471,12482,12481
12471,12472,12482
12464,12473,12474
12465,12476,12475
12473,17037,17053
12473,17053,12474
12474,17053,17059
12462,12475,17054
12475,12476,17064
12475,17064,17054
12477,17060,12478
12478,17061,12479
12482,12480,17063
12479,17062,12480
12466,12481,12476
12481,12482,17066
12474,17059,12477
12477,17059,17060
12478,17060,17061
12482,17063,17066
12479,17061,17062
12480,17062,17063
12476,12481,17065
12476,17065,17064
12481,17066,17065
15309,15294,15293
15316,15297,15294
15309,15316,15294
15310,15295,15296
15310,15296,15311
15311,15296,15299
15311,15299,15318
15317,15298,15297
15316,15297,15297
15316,15317,15297
15317,15338,15298
15318,15299,15299
15318,15299,15300
15319,15300,15334
15318,15300,15319
15308,15309,15293
15308,15313,15309
15310,15311,15314
15311,15318,15315
15308,15312,15313
15309,15313,15320
15311,15315,15314
15309,15320,15316
15316,15349,15317
15318,15319,15321
15316,15320,15349
15315,15318,15321
15319,15351,15321
15341,15337,15336
15338,15330,15298
15338,15331,15330
15338,15339,15331
15339,15333,15331
15340,15334,15335
15340,15335,15337
15319,15334,15340
15340,15337,15341
15344,15332,15332
15344,15332,15333
15534,15342,15332
15533,15221,15342
15344,15534,15332
15533,15342,15534
15345,15336,15336
15345,15336,15343
15537,15343,15222
15345,15343,15537
15339,15344,15333
15339,15545,15344
15341,15336,15345
15341,15345,15354
15345,15537,15547
15317,15350,15338
15317,15349,15350
15319,15340,15351
15340,15341,15352
15340,15352,15351
15320,16040,15349
15349,16042,15350
15351,15352,16041
15338,15353,15339
15338,15350,15353
15339,15353,15545
15341,15354,15352
15345,15547,15354
15350,16241,15353
15350,16042,16241
15352,15354,16043
15354,16242,16043
15464,15425,15426
15464,15426,15465
15465,15426,15429
15465,15429,15468
15467,15428,15427
15470,15431,15428
15467,15470,15428
15469,15430,15442
15468,15429,15429
15468,15429,15430
15468,15430,15469
15471,15432,15431
15470,15431,15431
15470,15471,15431
15453,15432,15471
15452,15444,15441
15535,15449,15221
15455,15441,15441
15455,15441,15449
15455,15449,15535
15536,15222,15450
15456,15445,15445
15538,15450,15445
15456,15445,15448
15536,15450,15538
15456,15538,15445
15451,15443,15444
15451,15442,15443
15451,15444,15452
15451,15469,15442
15453,15446,15432
15453,15447,15446
15453,15454,15447
15454,15448,15447
15452,15441,15455
15452,15455,15481
15455,15535,15557
15454,15456,15448
15454,15559,15456
15464,15465,15472
15465,15468,15473
15466,15467,15427
15466,15475,15467
15468,15469,15476
15467,15477,15470
15470,15485,15471
15465,15473,15472
15466,15474,15475
15467,15475,15477
15468,15476,15473
15469,15483,15476
15470,15477,15485
15451,15483,15469
15451,15452,15484
15451,15484,15483
15453,15471,15486
15471,15485,15486
15455,15557,15481
15452,15481,15484
15453,15482,15454
15454,15482,15559
15453,15486,15482
15483,15484,16832
15477,16833,15485
15485,16835,15486
15481,16834,15484
15481,16907,16834
15482,15486,16908
15486,16835,16908
15533,15535,15221
15533,15534,15539
15536,15537,15222
15536,15538,15540
15344,15546,15534
15344,15545,15546
15534,15546,15539
15536,15548,15537
15537,15548,15547
15536,15540,15548
15533,15558,15535
15533,15539,15558
15535,15558,15557
15456,15560,15538
15538,15560,15540
15456,15559,15560
15539,15546,15567
15540,15560,15568
15353,15549,15545
15547,15548,15551
15353,16241,15549
15354,15547,16242
15547,15551,16242
15545,15550,15546
15546,15550,15567
15540,15552,15548
15548,15552,15551
15540,15568,15552
15545,15549,15550
15549,16262,15550
15551,15552,16246
15557,15558,15562
15482,15564,15559
15539,15561,15558
15539,15567,15561
15558,15561,15562
15559,15563,15560
15560,15563,15568
15481,15557,16907
15557,15562,16907
15482,16908,15564
15561,16909,15562
15559,15564,15563
15563,15564,16917
15550,15569,15567
15563,15570,15568
15550,16262,15569
15552,15568,16263
15552,16263,16246
15568,15570,16263
15561,15567,16916
15567,15569,16916
15561,16916,16909
15563,16917,15570
15569,16262,17429
15570,16917,17431
15312,16018,16019
15312,16019,15313
15314,15315,16020
15315,16021,16020
16018,16028,16032
16018,16032,16019
16020,16021,16029
16021,16033,16029
15313,16022,15320
15313,16019,16022
15320,16022,16040
15315,15321,16021
15321,16023,16021
15321,15351,16023
16019,16032,16051
16019,16051,16022
16021,16023,16033
16023,16052,16033
16028,16034,16032
16029,16033,16031
16028,16030,16034
16030,16149,16034
16031,16035,16146
16031,16033,16035
16032,16053,16051
16033,16052,16035
16032,16034,16053
16034,16177,16053
16035,16052,16054
16035,16054,16150
15349,16040,16042
15351,16041,16023
16022,16044,16040
16022,16051,16044
16023,16041,16052
16041,16046,16052
16040,16045,16042
15352,16043,16041
16043,16242,16047
16040,16044,16045
16041,16043,16046
16043,16047,16046
16044,16051,16055
16051,16053,16055
16046,16054,16052
16046,16056,16054
16053,16177,16181
16054,16056,16178
16044,16251,16045
16044,16055,16251
16046,16047,16056
16047,16252,16056
16053,16181,16055
16055,16181,16253
16056,16182,16178
16056,16252,16182
16030,16145,16149
16145,16151,16149
16146,16150,16148
16035,16150,16146
16145,16147,16151
16147,16163,16151
16148,16152,16154
16148,16150,16152
16034,16149,16177
16054,16178,16150
16150,16178,16152
16149,16151,16179
16151,16163,16185
16152,16180,16165
16147,16153,16163
16153,16155,16164
16153,16164,16163
16154,16165,16160
16152,16165,16154
16160,16165,16166
16155,16156,16167
16155,16167,16164
16156,16157,16168
16162,16172,16159
16157,16158,16169
16158,16159,16170
16160,16166,16161
16161,16166,16171
16161,16171,16162
16163,16164,16186
16165,16187,16166
16156,16168,16167
16157,16169,16168
16159,16172,16170
16158,16170,16169
16162,16171,16172
16166,16188,16171
16149,16179,16177
16178,16182,16180
16151,16185,16179
16152,16178,16180
16165,16180,16187
16177,16179,16183
16177,16183,16181
16180,16182,16184
16179,16185,16343
16179,16343,16183
16180,16184,16187
16184,16344,16187
16163,16186,16185
16164,16189,16186
16166,16187,16188
16164,16167,16189
16167,16168,16190
16172,16194,16170
16168,16169,16191
16169,16170,16192
16167,16190,16189
16168,16191,16190
16170,16194,16192
16169,16192,16191
16171,16193,16172
16171,16188,16193
16172,16193,16194
16185,16186,16351
16186,16189,16352
16185,16351,16343
16186,16352,16351
16187,16344,16188
16188,16353,16193
16188,16344,16353
16193,16353,16354
16189,16190,16355
16194,16358,16192
16190,16191,16356
16191,16192,16357
16193,16354,16194
16042,16243,16241
16047,16242,16244
15551,16244,16242
16042,16045,16243
16045,16255,16243
16047,16244,16252
15549,16241,16245
16241,16243,16245
15549,16245,16262
15551,16246,16244
16243,16264,16245
16243,16255,16264
16244,16246,16256
16246,16265,16256
16045,16251,16255
16244,16256,16252
16252,16256,16254
16055,16253,16251
16182,16252,16254
16251,16257,16255
16256,16265,16258
16251,16253,16257
16253,16271,16257
16254,16256,16258
16254,16258,16346
16258,16272,16346
16245,16266,16262
16246,16263,16265
16263,16267,16265
16245,16264,16266
16265,16267,16274
16262,16266,17429
15570,16267,16263
15570,17431,16267
16267,17431,17434
16264,17433,16266
16264,16273,17433
16267,17434,16274
16255,16273,16264
16255,16257,16273
16258,16265,16274
16257,16271,16275
16257,16275,16273
16258,16274,16272
16272,16277,16362
16273,17440,17433
16273,16275,17440
16274,17434,16277
16271,16276,16275
16272,16274,16277
16277,16278,16362
16181,16183,16345
16181,16345,16253
16183,16347,16345
16182,16254,16184
16184,16254,16346
16183,16343,16347
16184,16346,16344
16344,16346,16349
16344,16349,16353
16253,16345,16271
16345,16347,16361
16272,16349,16346
16343,16348,16347
16349,16350,16353
16343,16351,16348
16351,16352,16359
16350,16354,16353
16189,16355,16352
16190,16356,16355
16192,16358,16357
16191,16357,16356
16194,16354,16358
16348,16351,16359
16352,16355,16369
16352,16369,16359
16355,16370,16369
16357,16372,16371
16356,16371,16370
16350,16360,16354
16354,16360,16358
16358,16360,16372
16358,16372,16357
16355,16356,16370
16356,16357,16371
16271,16345,16361
16272,16362,16349
16347,16348,16363
16347,16363,16361
16348,16359,16364
16348,16364,16363
16359,16365,16364
16349,16362,16350
16350,16366,16360
16350,16362,16366
16360,16366,16367
16271,16361,16276
16361,16363,17491
16276,16361,17491
16278,16366,16362
16278,17493,16366
16363,16364,17492
16364,16365,17495
16368,17498,16374
16365,16373,17496
16373,16374,17497
16366,17493,16367
16367,17494,16368
16359,16369,16365
16368,16371,16372
16369,16370,16373
16370,16371,16374
16360,16367,16372
16367,16368,16372
16365,16369,16373
16368,16374,16371
16370,16374,16373
15472,15473,16824
15473,16825,16824
15474,16827,15475
15474,16826,16827
15473,15476,16825
15476,15483,16822
15476,16822,16825
15475,16823,15477
15477,16823,16833
15475,16827,16823
16824,16825,16844
16825,16846,16844
16826,16845,16847
16826,16847,16827
16822,16846,16825
16822,16855,16846
16823,16827,16856
16827,16847,16856
15483,16832,16822
15485,16833,16835
15484,16834,16832
16834,16907,16837
16833,16839,16835
16822,16832,16855
16832,16836,16855
16823,16838,16833
16823,16856,16838
16832,16834,16836
16834,16837,16836
16833,16838,16839
16844,16846,16848
16845,16851,16847
16846,16855,16850
16847,16858,16856
16846,16850,16848
16848,16850,17033
16845,16849,16851
16849,17036,16851
16850,16855,16857
16850,16857,17035
16847,16851,16858
16851,17046,16858
16836,16857,16855
16836,16859,16857
16838,16856,16860
16856,16858,16860
16836,16837,16859
16837,16926,16859
16838,16927,16839
16838,16860,16927
16857,16859,17045
16858,17046,17048
16859,16926,17047
16859,17047,17045
16858,17048,16860
16860,17048,16931
15562,16911,16907
16837,16907,16911
16835,16912,16908
15562,16909,16911
15564,16908,16910
15564,16910,16917
16908,16912,16910
16837,16911,16926
16835,16839,16912
16839,16929,16912
16909,16928,16911
16909,16920,16928
16910,16912,16921
16912,16929,16921
16909,16916,16920
16916,16918,16920
16910,16919,16917
15569,16918,16916
15569,17429,16918
16918,17429,17435
16917,16919,17431
16918,16937,16920
16910,16921,16919
16918,17435,16937
16919,16921,17436
16921,16938,17436
16911,16928,16926
16926,16928,16930
16839,16927,16929
16920,16932,16928
16927,16933,16929
16926,16930,17047
16860,16931,16927
16928,16932,16930
16930,16932,17147
16932,16939,17147
16927,16931,16933
16931,16940,16933
16920,16937,16932
16921,16929,16938
16929,16933,16938
16937,17435,16941
16938,17450,17436
16938,16943,17450
16932,16937,16939
16939,16941,17155
16933,16943,16938
16933,16940,16943
16937,16941,16939
16941,16942,17155
16940,16944,16943
16850,17035,17033
17033,17035,17037
16849,17034,17036
17034,17040,17036
16857,17045,17035
17035,17045,17039
16851,17036,17046
17035,17039,17037
17037,17039,17053
17034,17038,17040
17038,17057,17040
17039,17049,17055
17036,17040,17050
17040,17057,17075
17045,17047,17049
17036,17050,17046
17047,17051,17049
17046,17052,17048
17046,17050,17052
17039,17045,17049
17049,17073,17055
17040,17075,17050
17049,17051,17073
17051,17149,17073
17050,17150,17052
17050,17075,17150
17039,17055,17053
17053,17055,17059
17055,17056,17059
17038,17054,17057
17054,17064,17058
17054,17058,17057
17055,17073,17056
17057,17058,17076
17056,17060,17059
17056,17067,17060
17060,17067,17061
17061,17068,17062
17066,17063,17070
17062,17069,17063
17058,17064,17071
17064,17065,17071
17065,17066,17072
17056,17074,17067
17061,17067,17068
17066,17070,17072
17062,17068,17069
17069,17070,17063
17065,17072,17071
17056,17073,17074
17057,17076,17075
17058,17081,17076
17073,17149,17074
17074,17149,17163
17074,17163,17077
17077,17163,17164
17075,17076,17165
17075,17165,17150
17076,17081,17166
17076,17166,17165
17067,17074,17077
17067,17077,17068
17068,17078,17069
17072,17070,17080
17069,17079,17070
17068,17077,17078
17072,17080,17082
17069,17078,17079
17079,17080,17070
17058,17071,17081
17071,17082,17081
17071,17072,17082
17077,17164,17078
17078,17169,17079
17082,17080,17171
17079,17170,17080
17081,17082,17172
16930,17051,17047
16930,17147,17051
16931,17048,17148
17048,17052,17148
17052,17153,17148
16939,17151,17147
16931,17148,16940
17148,17153,17156
17051,17147,17149
17147,17151,17149
17149,17151,17163
17052,17150,17153
17151,17152,17163
17150,17154,17153
16939,17155,17151
16940,17148,17156
16942,17157,17155
16942,17527,17157
16940,17156,16944
16944,17156,17529
17156,17160,17529
17151,17155,17152
17152,17155,17157
17152,17157,17167
17157,17158,17167
17153,17160,17156
17153,17154,17160
17154,17168,17161
17154,17161,17160
17161,17168,17162
17157,17527,17158
17158,17528,17159
17159,17531,17177
17162,17178,17533
17177,17532,17178
17160,17161,17530
17161,17162,17534
17152,17164,17163
17150,17165,17154
17165,17166,17168
17152,17167,17164
17164,17167,17169
17167,17173,17169
17172,17175,17176
17170,17173,17174
17174,17175,17171
17154,17165,17168
17166,17176,17168
17166,17172,17176
17078,17164,17169
17082,17171,17172
17079,17169,17170
17170,17171,17080
17081,17172,17166
17169,17173,17170
17172,17171,17175
17170,17174,17171
17158,17173,17167
17158,17159,17173
17159,17174,17173
17174,17177,17175
17176,17175,17178
17162,17168,17176
17162,17176,17178
17159,17177,17174
17177,17178,17175
16266,17430,17429
17429,17430,17435
17431,17432,17434
16919,17432,17431
16266,17433,17430
17430,17433,17437
17433,17440,17437
17432,17441,17434
17430,17449,17435
16919,17436,17432
17432,17436,17438
17436,17450,17438
17430,17437,17449
17432,17438,17441
16275,17442,17440
16277,17434,17441
16275,16276,17442
16276,17443,17442
16277,17441,16278
16278,17445,17493
16278,17441,17445
17437,17440,17457
17440,17442,17457
17442,17458,17457
17438,17445,17441
17438,17460,17445
17445,17460,17446
17442,17443,17458
17445,17446,17493
17446,17461,17447
16941,17435,17449
16943,17454,17450
17437,17451,17449
17437,17457,17451
17451,17457,17452
17438,17450,17460
17450,17454,17460
17454,17461,17460
16941,17449,16942
16942,17449,17451
16942,17451,17527
16943,16944,17454
16944,17455,17454
17452,17458,17453
17451,17452,17527
17454,17455,17461
17452,17457,17458
17446,17460,17461
17443,17459,17458
17443,17444,17459
17444,17499,17463
17466,17501,17502
17444,17463,17459
17464,17499,17500
17463,17499,17464
17464,17500,17465
17466,17465,17501
17447,17461,17462
17447,17462,17502
17462,17466,17502
17453,17458,17459
17459,17463,17535
17453,17459,17535
17463,17536,17535
17466,17538,17465
17463,17464,17536
17464,17465,17537
17465,17538,17537
17455,17462,17461
17456,17466,17462
17455,17456,17462
17456,17538,17466
16363,17492,17491
16276,17491,17443
17444,17491,17492
17446,17494,17493
16364,17495,17492
16365,17496,17495
16374,17498,17497
16373,17497,17496
16367,17493,17494
16368,17494,17498
17443,17491,17444
17492,17495,17499
17498,17502,17497
17495,17496,17500
17496,17497,17501
17444,17492,17499
17495,17500,17499
17496,17501,17500
17497,17502,17501
17446,17447,17494
17447,17498,17494
17447,17502,17498
17500,17501,17465
17452,17528,17527
16944,17529,17455
17456,17529,17530
17160,17530,17529
17452,17453,17528
17453,17535,17531
17453,17531,17528
17531,17535,17532
17532,17536,17533
17534,17533,17537
17534,17537,17538
17532,17535,17536
17536,17537,17533
17455,17529,17456
17456,17530,17538
17530,17534,17538
17158,17527,17528
17159,17528,17531
17162,17533,17534
17177,17531,17532
17532,17533,17178
17161,17534,17530
17464,17537,17536
2529,2613,2530
2536,2920,2540
2540,2921,2541
2537,2538,2889
2537,2888,2536
2538,2539,2923
2539,2542,2924
2536,2540,2632
2528,2536,2632
2540,2633,2632
2529,2537,2528
2529,2530,2538
2530,2531,2539
2529,2538,2537
2530,2539,2538
2528,2537,2536
2531,2542,2539
2531,2635,2542
2543,2635,2636
2540,2541,2633
2542,2543,2925
2542,2635,2543
2543,2636,3114
2571,2572,2614
2570,2648,2582
2570,2582,2578
2583,2648,2649
2571,2579,2572
2572,2580,2573
2571,2570,2578
2573,2581,2651
2571,2578,2579
2572,2579,2580
2573,2580,2581
2581,2584,2651
2584,2652,2651
2578,2582,3585
2579,3572,2580
2580,3573,2581
2579,2578,3584
2581,3587,2584
2584,3588,2585
2582,2648,2583
2583,2649,3684
2582,2583,3586
2584,2585,2652
2528,2632,2616
2528,2616,2612
2616,2632,2617
2530,2614,2531
2529,2612,2613
2530,2613,2614
2531,2614,2615
2529,2528,2612
2531,2615,2635
2619,2636,2635
2615,2619,2635
2619,2620,2636
2612,2616,2648
2570,2612,2648
2616,2649,2648
2616,2617,2649
2571,2614,2613
2572,2615,2614
2570,2613,2612
2571,2613,2570
2573,2619,2615
2572,2573,2615
2573,2651,2619
2619,2651,2620
2617,2633,2618
2620,2652,2621
2541,2634,2633
2617,2632,2633
2620,2637,2636
2541,3112,2634
2638,2634,3112
2638,3112,3113
2636,2637,3114
2637,3115,3114
2618,2633,2634
2618,2634,2664
2638,2664,2634
2620,2621,2637
2621,2639,2637
2621,2665,2639
2638,3113,2666
2637,2639,3115
2617,2650,2649
2620,2651,2652
2585,2653,2652
2617,2618,2650
2618,2654,2650
2618,2664,2654
2621,2652,2653
2621,2653,2665
2653,2655,2665
2649,2650,3684
2650,3685,3684
2653,3686,2655
2585,3686,2653
2655,3686,3687
2654,3685,2650
2655,3687,2669
2638,2670,2664
2655,2672,2665
2638,2666,2670
2639,2665,2667
2665,2672,2667
2667,2672,3147
2654,2664,2668
2664,2670,2668
2668,2670,3700
2655,2669,2672
2666,2671,2670
2670,2671,3700
2672,2673,3147
2669,2673,2672
2888,2889,2892
2888,2891,2920
2889,2923,2893
2890,2921,2920
2890,2904,2921
2888,2892,2891
2889,2893,2892
2891,2890,2920
2893,2923,2905
2891,2902,2901
2892,2903,2902
2890,2901,2900
2900,3000,2906
2901,2902,3003
2901,3002,2900
2902,2903,3004
2903,2908,3005
2890,2900,2904
2900,2906,2904
2904,2906,2936
2891,2892,2902
2891,2901,2890
2892,2893,2903
2893,2908,2903
2893,2905,2908
2905,2938,2909
2906,2907,2936
2905,2909,2908
2909,2938,2941
2540,2920,2921
2541,2921,2922
2537,2889,2888
2538,2923,2889
2536,2888,2920
2539,2924,2923
2542,2925,2924
2904,2922,2921
2904,2936,2922
2922,2936,2926
2926,2936,2937
2905,2923,2924
2924,2925,2938
2905,2924,2938
2925,2939,2938
2925,2927,2939
2541,2922,3112
2922,2926,3112
2543,2927,2925
2543,3114,2927
2927,3114,3117
2926,2937,3116
2927,3117,2943
2907,2937,2936
2938,2939,2941
2907,2940,2937
2942,2937,2940
2942,2940,3040
2939,3041,2941
2942,3116,2937
2927,2943,2939
2943,3117,3131
2942,3040,3130
3040,3044,3130
2939,2943,3041
2943,3045,3041
2943,3131,3045
2906,3000,3001
2901,3003,3002
2902,3004,3003
2900,3002,3000
2903,3005,3004
3000,3020,3001
3001,3020,3021
3001,3021,3006
3002,3003,3023
3000,3002,3022
3003,3004,3024
3002,3023,3022
3003,3024,3023
3000,3022,3020
3004,3025,3024
3004,3005,3025
3005,3028,3025
2906,3001,2907
2907,3001,3006
2907,3006,2940
2940,3006,3007
2908,2909,3008
2908,3008,3005
2909,2941,3009
2909,3009,3008
3006,3026,3007
3005,3008,3028
3008,3009,3029
3020,7584,3021
3006,3021,3026
3022,3023,7588
3020,3022,7587
3023,3024,7589
3024,3025,7590
3021,7584,7585
3021,7585,3026
3026,7585,7586
3022,7588,7587
3023,7589,7588
3020,7587,7584
3024,7590,7589
3025,7591,7590
3025,3028,7591
3007,3026,3027
3008,3029,3028
3026,7586,3027
3027,7586,7598
3027,7598,3056
3028,3029,7599
3028,7599,7591
3029,7645,7599
2940,3007,3040
3007,3042,3040
2941,3043,3009
2941,3041,3043
3007,3027,3042
3042,3056,3046
3009,3043,3057
3040,3042,3044
3041,3047,3043
3041,3045,3047
3042,3046,3044
3043,3047,3059
3027,3056,3042
3009,3057,3029
3043,3059,3057
3056,7598,7644
3056,7644,3058
3029,3057,7645
3057,7649,7645
3046,3056,3058
3046,3058,3212
3047,3223,3059
3058,7644,7648
3058,7648,3222
3057,3059,7649
3059,7858,7649
2926,3113,3112
3113,3116,3118
3114,3115,3117
2926,3116,3113
3116,3128,3118
3115,3129,3117
3115,3119,3129
2666,3113,3118
2639,3119,3115
2639,2667,3119
3118,3128,3144
3119,3133,3129
3119,3145,3133
2942,3128,3116
2942,3130,3128
3128,3130,3132
3117,3129,3131
3129,3135,3131
3044,3134,3130
3131,3135,3211
3128,3132,3144
3129,3133,3135
3130,3134,3132
3132,3134,3156
3133,3232,3135
2666,3118,3146
2667,3145,3119
2667,3147,3145
3118,3144,3146
3145,3147,3159
2666,3146,2671
2671,3146,4376
3146,3148,4376
2673,3149,3147
3144,3148,3146
3144,3158,3148
3147,3149,3159
3132,3158,3144
3132,3156,3158
3133,3145,3157
3145,3159,3157
3134,3230,3156
3133,3157,3232
3157,3235,3232
3156,4384,3158
3157,3159,3161
3149,4386,3159
3159,4386,3161
3156,3230,3160
3156,3160,4384
3157,3161,3235
3044,3046,3210
3044,3210,3134
3045,3131,3211
3045,3211,3213
3046,3212,3210
3045,3213,3047
3134,3210,3230
3210,3231,3230
3135,3233,3211
3135,3232,3233
3210,3212,3231
3212,3214,3231
3211,3215,3213
3211,3233,3215
3058,3222,3212
3212,3222,3214
3047,3213,3223
3213,3225,3223
3222,7648,7857
3222,7857,3224
3059,3223,7858
3223,7862,7858
3214,3222,3224
3213,3215,3225
3224,7857,7861
3223,3225,7862
3230,3231,3234
3231,3236,3234
3232,3237,3233
3214,3236,3231
3214,3248,3236
3215,3233,3249
3233,3237,3249
3160,3230,3234
3234,3236,4474
3232,3235,3237
3236,3248,4475
3235,4477,3237
3214,3224,3248
3224,3246,3248
3215,3247,3225
3215,3249,3247
3224,7861,3246
3246,7861,7885
3225,3247,7887
3225,7887,7862
3246,4486,3248
3248,4486,4475
3246,4488,4486
3247,3249,4489
3237,4487,3249
3249,4487,4489
3246,7885,4488
4488,7885,8748
3247,8750,7887
3247,4489,8750
3572,3575,3573
3573,3576,3587
3572,3584,3574
3574,3584,3600
3572,3574,3575
3573,3575,3576
3577,3588,3587
3576,3577,3587
3577,3601,3588
2578,3585,3584
2582,3586,3585
2580,3572,3573
2579,3584,3572
2581,3573,3587
2584,3587,3588
2585,3588,3589
2583,3684,3590
2583,3590,3586
3590,3684,3690
2585,3589,3686
3589,3591,3686
3584,3585,3600
3585,3586,3620
3585,3620,3600
3586,3590,3621
3586,3621,3620
3588,3601,3589
3589,3622,3591
3589,3601,3622
3591,3622,3623
3590,3690,3624
3591,3623,3691
3576,3603,3604
3575,3602,3603
3577,3604,3605
3574,3600,3606
3574,3606,3602
3600,3620,3607
3575,3603,3576
3576,3604,3577
3575,3574,3602
3577,3605,3601
3601,3605,3608
3601,3608,3622
3602,3606,3783
3603,3784,3604
3604,3785,3605
3603,3602,3782
3605,3786,3608
3600,3607,3606
3607,3620,3626
3608,3609,3622
3620,3621,3626
3609,3623,3622
3590,3624,3621
3624,3690,3716
3623,3625,3691
3621,3802,3626
3609,3627,3623
3623,3627,3625
3625,3627,3803
3624,3802,3621
3624,3716,3804
3624,3804,3802
3625,3803,3717
3717,3803,3805
3685,3690,3684
3591,3687,3686
3687,3691,3689
2654,3688,3685
2654,2668,3688
2669,3687,3689
3685,3688,3712
3685,3712,3690
3591,3691,3687
3689,3691,3713
3688,3714,3712
3688,3702,3714
3689,3713,3703
2668,3702,3688
2668,3700,3702
2669,3689,3701
2671,3704,3700
2669,3701,2673
2673,3701,4377
3701,3705,4377
3700,3728,3702
3689,3703,3701
3700,3704,3728
3701,3703,3705
3703,3729,3705
3690,3712,3716
3712,3718,3716
3625,3713,3691
3625,3717,3713
3713,3717,3715
3712,3714,3718
3703,3713,3715
3716,3718,3943
3717,3805,3719
3714,3955,3718
3715,3717,3719
3715,3719,3731
3702,3730,3714
3702,3728,3730
3703,3715,3729
3715,3731,3729
3704,4401,3728
3728,3732,3730
3728,4401,3732
3729,3731,4403
3714,3730,3955
3730,3959,3955
3719,3957,3731
3730,3732,3959
3731,3733,4403
3731,3957,3733
3602,3783,3782
3604,3784,3785
3603,3782,3784
3605,3785,3786
3608,3786,3787
3606,3607,3788
3607,3626,3789
3606,3788,3783
3607,3789,3788
3608,3787,3609
3609,3790,3627
3609,3787,3790
3627,3790,3791
3782,3783,3819
3782,3819,3818
3783,3824,3819
3784,3820,3785
3785,3821,3786
3782,3818,3784
3786,3822,3787
3785,3820,3821
3784,3818,3820
3786,3821,3822
3787,3823,3790
3787,3822,3823
3783,3788,3824
3788,3789,3825
3790,3826,3791
3626,3802,3806
3626,3806,3789
3627,3791,3803
3791,3807,3803
3802,3804,3808
3802,3808,3806
3803,3807,3805
3789,3806,3858
3791,3827,3807
3807,3859,3809
3806,3808,3860
3805,3807,3809
3818,3819,3829
3790,3823,3826
3820,3831,3821
3821,3832,3822
3818,3828,3820
3822,3833,3823
3788,3825,3824
3791,3826,3827
3818,3829,3828
3819,3824,3830
3819,3830,3829
3821,3831,3832
3820,3828,3831
3822,3832,3833
3823,3833,3834
3823,3834,3826
3826,3834,3835
3824,3825,3836
3824,3836,3830
3825,3862,3836
3826,3835,3827
3827,3837,3859
3827,3835,3837
3789,3858,3825
3806,3860,3858
3807,3827,3859
3808,3971,3860
3809,3859,3861
3809,3861,3946
3825,3858,3862
3858,3864,3862
3859,3863,3861
3837,3863,3859
3858,3860,3864
3860,3975,3864
3861,3865,3972
3861,3863,3865
3716,3943,3804
3804,3943,3945
3719,3805,3944
3805,3809,3944
3718,3956,3943
3718,3955,3956
3719,3944,3957
3944,3958,3957
3804,3945,3808
3809,3946,3944
3943,3947,3945
3943,3956,3947
3944,3946,3958
3946,3948,3958
3955,3961,3956
3957,3958,3960
3958,3962,3960
3955,3959,3961
3733,3957,3960
3960,3962,4611
3947,3956,3987
3956,3961,3987
3948,3962,3958
3948,3988,3962
3959,4610,3961
3962,3988,4612
3808,3945,3971
3945,3973,3971
3861,3972,3946
3946,3972,3948
3945,3947,3973
3948,3972,3974
3860,3971,3975
3971,3977,3975
3972,3976,3974
3865,3976,3972
3971,3973,3977
3974,3976,3978
3947,3987,3989
3947,3989,3973
3948,3974,3988
3974,3991,3988
3961,4651,3987
3987,4657,3989
3987,4651,4657
3988,4652,4612
3988,3991,4652
3991,4659,4652
3973,3989,3990
3973,3990,3977
3974,3978,3991
3978,3992,3991
3989,4657,4658
3989,4658,3990
3991,3992,4659
3992,4660,4659
2671,4376,3704
2673,4377,3149
3148,3158,4385
3148,4378,4376
3148,4385,4378
3149,4377,4387
3704,4376,4400
3705,4379,4377
3705,3729,4402
3705,4402,4379
4376,4378,4400
4377,4379,4387
3158,4384,4385
3149,4387,4386
4386,4387,4391
3160,4389,4384
3160,4478,4389
3161,4386,4479
4384,4388,4385
4378,4385,4416
4385,4388,4416
4379,4390,4387
4387,4390,4391
4384,4389,4388
4386,4391,4479
3704,4400,4401
4400,4405,4401
3729,4403,4402
4378,4404,4400
4400,4404,4405
4379,4402,4417
4402,4403,4406
4402,4406,4417
3732,4401,4607
3733,4407,4403
3733,4608,4407
4401,4405,4607
4403,4407,4406
4378,4416,4404
4379,4417,4390
4388,4389,4418
4388,4420,4416
4388,4418,4420
4390,4507,4391
4390,4417,4421
4390,4421,4507
4404,4416,4419
4404,4619,4405
4404,4419,4619
4406,4423,4417
4406,4407,4422
4406,4422,4423
4416,4420,4419
4418,4761,4420
4417,4423,4421
4422,4762,4423
3160,3234,4478
3234,4474,4478
3161,4476,3235
3161,4479,4476
3236,4475,4474
3235,4476,4477
3237,4477,4487
4474,4508,4478
4389,4478,4506
4476,4479,4511
4391,4510,4479
4479,4510,4511
4474,4475,4509
4474,4509,4508
4475,4490,4509
4476,4492,4477
4476,4511,4492
4475,4486,4490
4486,4488,4491
4477,4493,4487
4488,8748,4494
4487,4495,4489
4489,8756,8750
4486,4491,4490
4477,4492,4493
4487,4493,4495
4488,4494,4491
4494,8748,8754
4489,4495,8756
4495,8790,8756
4389,4506,4418
4478,4508,4506
4506,4508,4517
4391,4507,4510
4507,4518,4510
4490,4515,4509
4508,4509,4514
4509,4515,4516
4509,4516,4514
4510,4518,4520
4510,4520,4511
4511,4520,4519
4511,4519,4540
4418,4506,4512
4506,4517,4512
4506,4517,4517
4418,4512,4761
4421,4521,4507
4421,4423,4513
4507,4521,4518
4421,4513,4521
4507,4521,4521
4423,4762,4513
4508,4514,4517
4490,4491,4538
4491,4539,4538
4491,4539,4539
4490,4538,4515
4492,4511,4540
4492,4541,4493
4493,4541,4541
4492,4540,4541
4491,4494,4539
4494,4542,4539
4494,8754,4542
8754,8788,4542
4493,4543,4495
4493,4541,4543
4495,4543,8790
3732,4609,3959
3732,4607,4609
3733,3960,4608
3960,4611,4608
4405,4623,4607
4607,4624,4609
4607,4623,4624
4407,4608,4620
4608,4611,4625
3959,4609,4610
3961,4610,4651
3962,4612,4611
4609,4653,4610
4609,4624,4653
4611,4612,4626
4611,4626,4625
4612,4655,4626
4405,4619,4623
4619,4627,4623
4407,4620,4422
4608,4625,4620
4620,4625,4632
4419,4420,4621
4419,4628,4619
4420,4761,4621
4419,4621,4628
4619,4628,4627
4619,4628,4628
4422,4620,4622
4422,4622,4762
4620,4632,4622
4620,4632,4632
4623,4627,4630
4623,4630,4624
4624,4630,4629
4624,4629,4679
4625,4626,4631
4626,4655,4633
4626,4634,4631
4626,4633,4634
4625,4631,4632
4610,4654,4651
4612,4652,4655
4652,4659,4656
4610,4653,4654
4651,4654,4661
4652,4656,4655
4651,4661,4657
4657,4662,4658
4659,4660,4663
4657,4661,4662
4661,4684,4662
4656,4659,4663
4660,4664,4663
4624,4679,4653
4653,4680,4654
4654,4680,4680
4653,4679,4680
4655,4656,4681
4655,4681,4633
4656,4682,4681
4656,4682,4682
4654,4683,4661
4654,4680,4683
4661,4683,4684
4656,4663,4682
4663,4685,4682
4663,4664,4685
4664,4686,4685
7584,7592,7585
7585,7593,7586
7586,7593,7600
7587,7588,7595
7584,7587,7594
7588,7589,7596
7589,7590,7597
7590,7591,7602
7590,7602,7597
7585,7592,7593
7587,7595,7594
7588,7596,7595
7584,7594,7592
7589,7597,7596
7597,7602,7632
7586,7600,7598
7598,7600,7601
7598,7601,7644
7591,7599,7603
7591,7603,7602
7599,7647,7603
7600,7630,7601
7602,7603,7633
7592,7624,7593
7593,7625,7600
7593,7624,7625
7594,7595,7627
7592,7594,7626
7595,7596,7628
7594,7627,7626
7595,7628,7627
7592,7626,7624
7596,7629,7628
7596,7597,7629
7597,7632,7629
7624,7745,7625
7624,7626,7746
7626,7627,7747
7627,7628,7748
7628,7629,7751
7600,7625,7630
7601,7630,7631
7602,7633,7632
7625,7749,7630
7630,7749,7750
7630,7750,7631
7631,7750,7777
7629,7632,7752
7629,7752,7751
7632,7633,7778
7632,7778,7752
7601,7646,7644
7644,7646,7648
7599,7645,7647
7645,7651,7647
7601,7631,7646
7646,7660,7650
7603,7647,7661
7646,7650,7648
7648,7650,7857
7645,7649,7651
7649,7860,7651
7650,7664,7859
7647,7651,7665
7651,7874,7665
7631,7660,7646
7603,7661,7633
7647,7665,7661
7631,7777,7660
7660,7777,7662
7633,7663,7778
7633,7661,7663
7650,7660,7664
7661,7665,7667
7660,7662,7664
7662,7666,7664
7661,7667,7663
7625,7745,7749
7627,7748,7747
7626,7747,7746
7624,7746,7745
7628,7751,7748
7746,7747,7767
7746,7766,7745
7747,7748,7768
7749,7753,7750
7750,7779,7777
7751,7752,7781
7745,7765,7749
7749,7765,7753
7750,7753,7779
7748,7751,7754
7747,7768,7767
7746,7767,7766
7745,7766,7765
7748,7754,7768
7751,7781,7754
7753,7765,7793
7766,7769,7765
7766,7767,7770
7754,7797,7768
7767,7768,7796
7768,7797,7796
7766,7770,7769
7767,7796,7770
7765,7769,7793
7662,7777,7780
7752,7778,7782
7663,7784,7778
7778,7784,7782
7777,7779,7780
7752,7782,7781
7662,7783,7666
7662,7780,7783
7666,7783,7955
7663,7667,7956
7663,7956,7784
7783,7780,7799
7783,7971,7955
7782,7784,7972
7753,7794,7779
7753,7793,7794
7779,7794,7795
7779,7795,7780
7780,7795,7799
7754,7781,7798
7754,7798,7797
7781,7782,7800
7781,7800,7798
7793,8388,7794
7794,8392,7795
7769,7770,8390
7769,8389,7793
7770,7796,8391
7796,7797,8394
7797,7798,8395
7783,7799,7971
7782,7972,7800
7795,8393,7799
7799,7973,7971
7799,8393,7973
7798,7800,7975
7798,7975,8395
7650,7859,7857
7857,7859,7861
7649,7858,7860
7858,7864,7860
7664,7873,7859
7859,7873,7863
7651,7860,7874
7860,7878,7874
7859,7863,7861
7858,7862,7864
7863,7873,7877
7860,7864,7878
7664,7666,7873
7665,7874,7876
7666,7875,7873
7666,7955,7875
7665,7876,7667
7667,7876,7960
7873,7875,7877
7875,7897,7877
7874,7878,7899
7874,7899,7876
7875,7959,7897
7897,7959,7898
7876,7899,7900
7876,7900,7960
7861,7863,7885
7863,7886,7885
7862,7887,7888
7862,7888,7864
7863,7877,7886
7877,7889,7886
7864,7890,7878
7864,7888,7890
7885,7886,8748
7886,8749,8748
7887,8751,7888
7887,8750,8751
7886,7889,8749
7889,8752,8749
7889,7901,8752
7888,8753,7890
7888,8751,8753
7890,8753,8778
7877,7897,7889
7889,7897,7901
7878,7902,7899
7878,7890,7902
7897,7898,7901
7899,7902,7904
7899,7904,7900
7901,7903,8776
7890,8778,7902
7898,7903,7901
7900,7904,7990
7902,8779,7904
7875,7955,7959
7667,7960,7956
7955,7971,7957
7955,7957,7959
7784,7956,7958
7784,7958,7972
7956,7962,7958
7898,7959,7961
7956,7960,7962
7960,7988,7962
7957,7961,7959
7958,7962,8000
7957,7971,7974
7957,7974,7977
7800,7972,7976
7958,7978,7972
7971,7973,7974
7800,7976,7975
7972,7978,7976
7957,7977,7961
7961,7977,7999
7958,8000,7978
7974,8436,7977
7977,8436,8466
7976,7978,8467
7898,7961,7987
7898,7987,7903
7900,7988,7960
7961,7999,7987
7987,7999,7991
7962,7992,8000
7962,7988,7992
7903,7987,7989
7900,7990,7988
7988,7990,8904
7987,7991,7989
7989,7991,8902
7991,8001,8902
7988,8904,7992
7991,7999,8003
7978,8000,8004
7977,8466,7999
7999,8466,8003
7978,8004,8467
7991,8003,8001
7992,8002,8000
8000,8002,8004
8001,8003,8471
8004,8473,8467
8002,8919,8004
8004,8919,8473
7794,8388,8392
7769,8390,8389
7770,8391,8390
7793,8389,8388
7796,8394,8391
7797,8395,8394
7795,8392,8393
8392,8430,8393
7973,8393,8431
8394,8395,8434
8388,8404,8392
8393,8430,8431
8392,8404,8430
8390,8391,8407
8389,8405,8388
8389,8390,8406
8391,8394,8433
8389,8406,8405
8390,8407,8406
8388,8405,8404
8394,8434,8433
8391,8433,8407
8405,8406,8448
7973,8431,8432
7974,7973,8432
7975,8435,8395
7975,7976,8437
7975,8437,8435
8431,8451,8432
8395,8435,8434
8433,8434,8454
7974,8432,8436
7976,8467,8437
8436,8432,8452
8432,8451,8452
8436,8452,8468
8434,8435,8455
8435,8437,8469
8435,8469,8455
8404,8446,8430
8430,8450,8431
8431,8450,8451
8430,8446,8450
8406,8407,8449
8407,8433,8453
8405,8447,8404
8405,8448,8447
8406,8449,8448
8404,8447,8446
8433,8454,8453
8407,8453,8449
8451,8487,8452
8434,8455,8454
8446,8556,8450
8450,8486,8451
8450,8556,8486
8449,8453,8489
8447,8558,8446
8447,8448,8559
8448,8449,8557
8448,8557,8559
8453,8454,8490
8446,8558,8556
8449,8489,8557
8453,8490,8489
8436,8468,8466
8003,8466,8470
8466,8468,8470
8437,8467,8472
8468,8492,8470
8437,8472,8469
8003,8470,8471
8470,8474,8471
8467,8473,8472
8472,8473,9429
8470,8492,8474
8469,8472,8475
8469,8475,8493
8472,9429,8475
8452,8488,8468
8452,8487,8488
8468,8488,8492
8454,8455,8491
8455,8469,8493
8455,8493,8491
8451,8486,8487
8487,8565,8488
8454,8491,8490
8474,8492,9442
8491,8493,9444
8492,8488,9443
8492,9443,9442
8488,8565,9443
8490,8491,9445
8491,9444,9445
8447,8559,8558
8486,8556,8568
8486,8564,8487
8486,8568,8564
8489,8566,8557
8557,8569,8559
8556,8558,8570
8558,8559,8571
8489,8490,8567
8558,8571,8570
8559,8569,8571
8557,8566,8569
8556,8570,8568
8487,8564,8565
8489,8567,8566
8490,9445,8567
8566,8567,9529
8564,8568,9528
8564,9527,8565
8569,9531,8571
8566,9530,8569
8570,8571,9543
8568,8570,9542
8748,8749,8754
8749,8752,8755
8750,8757,8751
8752,8776,8758
8751,8760,8753
8753,8761,8778
8749,8755,8754
8754,8755,8788
8750,8756,8757
8751,8757,8760
8752,8758,8755
8758,8776,8759
8753,8760,8761
7901,8776,8752
7903,8777,8776
7902,8778,8779
7903,7989,8777
7989,8780,8777
7904,8781,7990
7904,8779,8781
8759,8776,8777
8759,8777,8804
8778,8806,8779
8761,8806,8778
8779,8806,8807
8777,8780,8804
8780,8805,8804
8780,8906,8805
8779,8807,8781
8781,8809,8908
8755,8789,8788
8755,8758,8789
8758,8792,8789
8756,8791,8757
8756,8790,8791
8757,8794,8760
8757,8791,8794
8758,8759,8792
8758,8792,8792
8759,8804,8793
8759,8793,8792
8760,8794,8794
8760,8794,8795
8760,8795,8761
8761,8795,8814
8804,8810,8793
8804,8811,8810
8804,8805,8811
8805,8812,8811
8761,8814,8806
8806,8814,8815
8806,8815,8816
8806,8816,8807
8805,8906,8808
8805,8808,8812
8781,8807,8809
8809,8931,8908
8807,8817,8809
8807,8816,8817
8808,8813,8812
8808,8813,8813
8928,8818,8813
8808,8928,8813
8928,8929,8818
8929,9000,8818
8809,8817,8817
8809,8817,8819
8809,8819,8931
8931,8819,9001
7989,8902,8780
7990,8781,8908
7990,8908,8904
8001,8903,8902
8902,8903,8906
7992,8904,8905
8780,8902,8906
8904,8908,8909
8903,8907,8906
8903,8920,8907
8904,8909,8905
8905,8909,8927
8905,8927,8921
8001,8918,8903
7992,8905,8002
8002,8905,8921
8002,8921,8919
8001,8471,8918
8473,8919,9431
8903,8918,8920
8919,8921,8944
8918,9430,8920
8920,9430,8942
8942,9430,9456
8919,8944,9431
8808,8906,8907
8808,8907,8928
8907,8926,8928
8908,8931,8909
8909,8931,8932
8909,8932,8927
8907,8920,8926
8921,8927,8948
8926,8929,8928
8929,8930,9000
8927,8932,8933
8931,9001,8932
8926,8946,8929
8929,8946,8930
8930,8946,8947
8927,8933,8948
8933,9010,8948
8948,9010,8949
8920,8942,8926
8926,8942,8946
8942,8943,8946
8921,8948,8944
8944,8948,8949
8942,9456,8943
8944,8945,9431
8944,8949,8945
8943,8947,8946
8945,8949,9040
8943,9458,8947
8947,9458,9039
8945,9040,9459
8930,9007,9000
8930,9009,9007
9009,9011,9007
9009,9011,9011
8932,9001,9008
8932,9008,8933
8933,9015,9010
8933,9008,9015
9010,9015,9015
9010,9015,9016
8930,8947,9009
9009,9019,9011
9009,9039,9019
8949,9010,9021
9010,9016,9021
9019,9012,9011
9019,9020,9012
9020,9014,9012
9020,9013,9014
9020,9063,9013
9021,9016,9018
9021,9018,9022
9022,9018,9017
9022,9017,9053
8947,9039,9009
9019,9039,9041
8949,9021,9040
9021,9022,9040
9022,9043,9040
9039,9458,9638
9039,9638,9041
9040,9043,9459
9043,9639,9459
9019,9041,9020
9020,9041,9042
9020,9042,9063
9022,9065,9043
9043,9065,9044
9041,9644,9042
9043,9044,9639
9044,9068,9645
9063,9051,9013
9063,9064,9051
9064,9052,9051
9064,9052,9052
9022,9053,9065
9065,9053,9054
9065,9054,9066
9066,9054,9054
9064,9069,9052
9069,9055,9052
9069,17562,9055
17562,17546,9055
9066,9054,9056
9066,9056,9070
9070,9056,17548
9063,9067,9064
9044,9065,9066
9066,9070,9068
9042,9067,9063
9064,9067,9071
9044,9066,9068
9064,9071,9069
9069,17566,17562
9070,17548,17564
9070,17564,9072
9069,9071,17566
9068,9070,9072
9072,17564,17568
8471,9428,8918
8471,8474,9428
8918,9428,9430
8473,9431,9429
8474,9440,9428
8475,9429,9433
8475,9433,9441
9428,9432,9430
9430,9432,9456
9429,9431,9457
9428,9440,9432
9429,9457,9433
8474,9442,9440
8475,9441,8493
8493,9441,9444
9440,9442,9446
9442,9443,9532
9444,9447,9445
9432,9440,9470
9433,9469,9441
9441,9469,9471
9442,9532,9446
9440,9446,9470
9441,9471,9444
9444,9471,9447
8943,9456,9460
8945,9457,9431
8945,9459,9457
9457,9459,9461
9432,9468,9456
9456,9468,9460
9433,9457,9461
9433,9461,9469
8943,9460,9458
9458,9460,9640
9459,9639,9461
9460,9472,9640
9461,9642,9469
9461,9639,9642
9432,9470,9468
9469,9473,9471
9446,9554,9470
9468,9470,9474
9470,9554,9474
9447,9471,9475
9471,9473,9475
9460,9468,9472
9468,9474,9472
9469,9642,9473
9472,9474,9715
9473,9655,9475
8565,9526,9443
9443,9526,9532
8567,9445,9533
9445,9447,9533
8567,9533,9529
8565,9527,9526
8564,9528,9527
8566,9529,9530
8568,9542,9528
8569,9530,9531
8571,9531,9543
8570,9543,9542
9446,9532,9556
9447,9555,9533
9526,9557,9532
9526,9527,9570
9532,9557,9556
9526,9570,9557
9530,9571,9531
9529,9559,9530
9529,9533,9558
9529,9558,9559
9530,9559,9571
9531,9545,9543
9542,9543,9547
9528,9542,9546
9527,9528,9544
9527,9544,9570
9528,9546,9544
9542,9547,9546
9543,9545,9547
9531,9571,9545
9446,9556,9554
9533,9555,9558
9447,9475,9555
9556,9557,9573
9558,9561,9559
9474,9554,9717
9474,9717,9715
9475,9716,9555
9555,9718,9558
9555,9716,9718
9554,9556,9560
9556,9573,9560
9554,9560,9717
9558,9718,9561
9544,9576,9570
9557,9570,9572
9570,9576,9572
9546,9547,9579
9545,9577,9547
9544,9546,9578
9559,9575,9571
9545,9571,9574
9545,9574,9577
9546,9579,9578
9544,9578,9576
9547,9577,9579
9557,9572,9573
9559,9561,9575
9571,9575,9574
9572,9576,9732
9574,9733,9577
9578,9579,9736
9577,9734,9579
9576,9578,9735
9458,9640,9638
9041,9638,9644
9639,9645,9642
9638,9640,9641
9638,9641,9644
9642,9645,9643
9042,9644,9666
9044,9645,9639
9641,9656,9644
9644,9656,9666
9643,9645,9667
9643,9667,9657
9472,9654,9640
9640,9654,9641
9473,9642,9643
9473,9643,9655
9472,9715,9654
9654,9715,9719
9475,9655,9716
9655,9659,9716
9641,9654,9658
9641,9658,9656
9643,9657,9655
9655,9657,9659
9654,9719,9658
9659,9720,9716
9042,9666,9067
9067,9668,9071
9067,9666,9668
9068,9667,9645
9068,9072,9667
9072,9669,9667
9656,9674,9666
9666,9674,9668
9657,9667,9669
9657,9669,9675
9071,9668,18257
9071,18257,17566
9072,17568,9669
9669,17568,18259
9668,9674,18269
9668,18269,18257
9669,18259,9675
9675,18259,18270
9656,9676,9674
9657,9675,9659
9656,9658,9676
9658,9751,9676
9659,9677,9720
9659,9675,9677
9674,18271,18269
9675,18270,9677
9674,9676,18271
9676,18355,18271
9677,18272,9752
9677,18270,18272
9715,9717,9721
9716,9720,9718
9718,9720,9722
9560,9737,9717
9717,9737,9721
9561,9718,9722
9561,9722,9739
9715,9721,9719
9720,9752,9722
9719,9721,9753
9721,9737,9759
9722,9754,9739
9560,9573,9738
9572,9731,9573
9560,9738,9737
9573,9731,9738
9561,9739,9575
9574,9575,9740
9575,9739,9740
9574,9740,9733
9572,9732,9731
9577,9733,9734
9576,9735,9732
9578,9736,9735
9579,9734,9736
9737,9738,9760
9739,9761,9740
9733,9740,9762
9731,9732,9764
9731,9763,9738
9731,9764,9763
9733,9765,9734
9732,9735,9767
9734,9766,9736
9735,9736,9768
9733,9762,9765
9734,9765,9766
9732,9767,9764
9736,9766,9768
9735,9768,9767
9658,9719,9751
9719,9753,9751
9677,9752,9720
9721,9759,9753
9722,9752,9754
9739,9754,9761
9676,9751,18355
9751,18357,18355
9752,18356,9754
9752,18272,18356
9751,9753,18357
9753,18371,18357
9754,18358,9761
9754,18356,18358
9737,9760,9759
9740,9761,9762
9738,9763,9760
9763,9764,18375
9765,18377,9766
9766,18378,9768
9764,9767,18379
9767,9768,18380
9753,9759,18371
9759,9760,18373
9759,18373,18371
9761,18372,9762
9761,18358,18372
9762,18372,18376
9760,9763,18374
9763,18375,18374
9760,18374,18373
9762,18376,9765
9765,18376,18377
9766,18377,18378
9764,18379,18375
9768,18378,18380
9767,18380,18379
3829,3830,12489
3828,3829,12484
3829,12489,12484
3831,12485,3832
3832,12486,3833
3828,12483,3831
3833,12487,3834
3834,12488,3835
3835,12488,12491
3830,3836,12490
3830,12490,12489
3836,12503,12490
3835,12491,3837
3837,12492,3863
3837,12491,12492
3828,12484,12483
12484,12489,12511
3832,12485,12486
3831,12483,12485
3833,12486,12487
3834,12487,12488
12489,12490,12512
12491,12513,12492
3836,3862,12503
3862,12505,12503
3863,12504,3865
3863,12492,12504
3862,3864,12505
3864,12595,12505
3865,12506,3976
3865,12504,12506
12490,12503,12531
12492,12514,12504
12504,12532,12506
12503,12505,12533
12505,12611,12533
12506,12534,12596
12483,12484,12516
12484,12511,12516
12483,12516,12515
12485,12517,12486
12486,12518,12487
12483,12515,12485
12487,12519,12488
12488,12520,12491
12486,12517,12518
12485,12515,12517
12487,12518,12519
12488,12519,12520
12489,12512,12511
12491,12520,12513
12492,12513,12514
12515,12516,12677
12518,12674,12519
12517,12673,12518
12515,12672,12517
12519,12675,12520
12511,12676,12516
12511,12512,12692
12516,12676,12677
12511,12692,12676
12513,12520,12679
12513,12678,12514
12513,12679,12678
12514,12678,12693
12490,12531,12512
12503,12533,12531
12504,12514,12532
12531,12533,12537
12506,12532,12534
12512,12531,12535
12512,12535,12692
12514,12693,12532
12532,12693,12536
12531,12537,12535
12532,12536,12534
12534,12536,12538
3864,3975,12595
3975,12597,12595
3976,12596,3978
3976,12506,12596
3975,3977,12597
3978,12596,12598
12505,12595,12611
12595,12613,12611
12596,12612,12598
12534,12612,12596
12595,12597,12613
12598,12612,12614
3977,3990,12603
3977,12603,12597
3978,12598,3992
3992,12598,12604
3990,4658,13167
3990,13167,12603
3992,12604,4660
4660,12604,13168
12597,12603,12605
12597,12605,12613
12598,12614,12604
12604,12614,12606
12603,13171,12605
12603,13167,13171
12605,13171,13199
12604,12606,13168
12606,13172,13168
12606,12624,13172
12533,12611,12615
12534,12538,12612
12611,12613,12625
12611,12625,12615
12612,12616,12614
12614,12616,12627
12533,12615,12537
12537,12615,12786
12538,12616,12612
12538,12785,12616
12615,12625,12626
12615,12626,12786
12616,12787,12627
12627,12787,12628
12605,12623,12613
12613,12623,12625
12606,12614,12627
12606,12627,12624
12605,13199,12623
12624,12630,13201
12623,12629,12625
12625,12629,12626
12624,12627,12628
12623,13200,12629
12626,12629,12802
12624,12628,12630
12515,12677,12672
12517,12672,12673
12519,12674,12675
12518,12673,12674
12520,12675,12679
12676,12694,12677
12678,12679,12681
12678,12696,12693
12674,12710,12675
12673,12672,12708
12673,12709,12674
12672,12677,12680
12677,12694,12680
12672,12680,12708
12675,12711,12679
12679,12711,12681
12678,12681,12696
12673,12708,12709
12675,12710,12711
12674,12709,12710
12535,12698,12692
12676,12692,12695
12698,12695,12692
12536,12693,12697
12535,12537,12784
12535,12784,12698
12536,12699,12538
12536,12697,12699
12538,12699,12785
12676,12695,12694
12693,12696,12697
12698,12812,12695
12699,12813,12785
12697,12721,12699
12680,12723,12708
12708,12723,12722
12681,12711,12725
12709,12712,12710
12710,12713,12711
12709,12708,12722
12709,12722,12712
12710,12712,12713
12711,12713,12725
12680,12694,12724
12694,12695,12720
12680,12724,12723
12694,12720,12724
12681,12726,12696
12696,12727,12697
12697,12727,12721
12696,12726,12727
12681,12725,12726
12695,12812,12720
12699,12721,12813
12722,12723,13815
12723,12724,13814
12712,13811,12713
12713,13812,12725
12725,13813,12726
12712,12722,13810
12726,13817,12727
12720,12814,12724
12724,12814,13814
12721,12727,13816
12721,12816,12813
12721,13816,12816
12537,12786,12784
12616,12785,12787
12784,12786,12790
12786,12800,12790
12628,12787,12791
12698,12784,12788
12784,12790,12788
12698,12788,12812
12785,12789,12787
12785,12813,12789
12788,12790,12828
12787,12789,12791
12626,12800,12786
12628,12801,12630
12628,12791,12801
12626,12802,12800
12800,12802,13311
12630,12801,12803
12790,12800,12804
12790,12804,12828
12791,12829,12801
12801,12829,12805
12800,13311,12804
12801,12805,12803
12803,12805,13313
12805,12831,13313
12788,12818,12812
12720,12812,12815
12789,12813,12817
12789,12817,12819
12788,12828,12818
12789,12819,12791
12791,12819,12829
12720,12815,12814
12812,12818,12815
12813,12816,12817
12815,12818,13868
12817,13853,12819
12819,13853,13869
12818,12828,12832
12805,12829,12833
12804,12830,12828
12828,12830,12832
12805,12833,12831
12818,12832,13868
12819,13869,12829
12829,13869,12833
12830,13341,12832
12832,13870,13868
12832,13341,13870
12831,12833,13872
4658,13169,13167
4660,13168,4664
13168,13172,13170
4658,4662,13169
13167,13169,13173
4664,13168,13170
4664,13170,4686
13167,13173,13171
13171,13174,13199
13172,13201,13175
13171,13173,13174
13170,13172,13175
13175,13201,13176
4662,4684,13187
4662,13187,13169
13169,13187,13189
13169,13189,13173
13170,13188,4686
13170,13175,13188
13175,13191,13188
13173,13189,13189
13173,13189,13190
13173,13190,13174
13174,13190,13215
13175,13191,13191
13175,13176,13191
13176,13192,13191
13176,13213,13192
12623,13199,13200
12624,13201,13172
12630,13202,13201
13174,13211,13199
13199,13211,13200
13200,13211,13212
13176,13201,13202
13176,13202,13213
12629,13200,13203
12629,13203,12802
12630,12803,13202
12803,13204,13202
13200,13212,13203
13203,13223,13307
13202,13204,13213
13204,13214,13213
13204,13309,13214
13174,13215,13211
13211,13215,13216
13211,13216,13217
13211,13217,13212
13213,13219,13192
13213,13220,13219
13213,13214,13220
13214,13221,13220
13212,13217,13218
13203,13212,13223
13212,13218,13223
13223,13323,13307
13214,13224,13221
13214,13309,13224
13223,13218,13218
13223,13218,13225
13223,13225,13323
13323,13225,13300
13224,13222,13221
13224,13222,13222
13326,13226,13222
13224,13326,13222
13326,13327,13226
13327,13301,13226
12802,13203,13307
12802,13307,13311
12803,13313,13204
13307,13308,13311
13204,13313,13309
12804,13311,13312
13309,13313,13314
12831,13314,13313
13308,13312,13311
13308,13329,13312
13312,13329,13339
13309,13314,13310
13310,13314,13340
13307,13323,13308
13308,13323,13324
13308,13324,13329
13224,13309,13310
13224,13310,13326
13310,13330,13326
13323,13300,13324
13324,13325,13329
13327,13328,13301
13326,13330,13327
13329,13347,13339
13310,13340,13330
13325,13347,13329
13325,13415,13347
13347,13415,13348
13327,13330,13349
13327,13349,13328
13328,13349,13350
12804,13312,12830
12830,13312,13339
12830,13339,13341
12831,13342,13314
13339,13351,13341
13314,13342,13340
13341,14172,13870
12831,13872,13342
13341,13351,14172
13340,13342,14173
13340,14173,13353
13353,14173,14183
13339,13347,13351
13347,13348,13351
13330,13340,13353
13330,13353,13349
13349,13353,13354
13348,13449,13352
13349,13354,13350
13348,13352,13351
13351,13352,14172
13353,14183,13354
13352,13449,14184
13350,13354,14185
13350,14185,13450
13324,13300,13405
13324,13405,13325
13325,13407,13415
13325,13405,13407
13415,13407,13407
13415,13407,13408
13328,13406,13301
13328,13416,13406
13416,13411,13406
13416,13411,13411
13419,13412,13411
13415,13408,13417
13348,13415,13417
13416,13419,13411
13328,13350,13416
13416,13450,13419
13417,13408,13410
13417,13410,13418
13418,13410,13409
13418,13409,13437
13419,13420,13412
13420,13414,13412
13420,13413,13414
13420,13463,13413
13461,13437,13438
13418,13437,13461
13462,13438,13438
13461,13438,13462
13463,13439,13413
13463,13464,13439
13464,13440,13439
13464,13440,13440
13462,13438,13441
13462,13441,13465
13465,13441,17700
13466,13442,13440
13464,13466,13440
17750,17702,13442
13466,17750,13442
13348,13417,13449
13417,13418,13449
13418,13451,13449
13350,13450,13416
13419,13450,13453
13418,13461,13451
13451,13461,13452
13419,13453,13420
13420,13454,13463
13420,13453,13454
13449,13451,14184
13451,14268,14184
13450,14269,13453
13450,14185,14269
13451,13452,14268
13452,13467,14270
13453,14271,13454
13452,13461,13462
13462,13465,13467
13463,13468,13464
13465,17700,17748
13465,17748,13469
13464,13470,13466
13466,17758,17750
13452,13462,13467
13454,13468,13463
13464,13468,13470
13465,13469,13467
13469,17748,17756
13466,13470,17758
12723,13814,13815
12722,13815,13810
12712,13810,13811
12713,13811,13812
12726,13813,13817
12725,13812,13813
13814,13855,13815
12727,13817,13816
12816,13816,13858
13816,13817,13859
13810,13815,13856
13815,13855,13856
13810,13856,13826
13811,13810,13826
13813,13829,13817
13811,13827,13812
13812,13828,13813
13816,13859,13858
13811,13826,13827
13812,13827,13828
13813,13828,13829
13817,13829,13859
13827,13896,13828
12814,13854,13814
12815,13852,12814
12814,13852,13854
12816,13857,12817
12816,13858,13857
12815,13868,13852
12817,13857,13853
13814,13854,13855
13855,13889,13856
13857,13858,13892
13852,13874,13854
13854,13888,13855
13854,13874,13888
13853,13857,13891
13853,13891,13875
13857,13892,13891
13852,13868,13871
12833,13869,13873
13853,13875,13869
13869,13875,13873
13868,13870,13871
13870,14170,13871
12833,13873,13872
13872,13873,13877
13852,13871,13874
13873,13875,13909
13871,13876,13874
13871,14170,13876
13874,13876,13908
13873,13909,13877
13826,13856,13890
13856,13889,13890
13826,13890,13894
13858,13859,13893
13829,13895,13859
13827,13826,13894
13858,13893,13892
13828,13897,13829
13829,13897,13895
13827,13894,13896
13828,13896,13897
13859,13895,13893
13855,13888,13889
13891,13892,13914
13890,13912,13894
13889,13911,13890
13890,13911,13912
13894,13912,13978
13893,13895,13979
13892,13893,13915
13894,13978,13896
13896,13980,13897
13895,13897,13981
13896,13978,13980
13893,13979,13915
13895,13981,13979
13874,13908,13888
13888,13910,13889
13888,13908,13910
13875,13891,13913
13875,13913,13909
13891,13914,13913
13908,14196,13910
13877,13909,14198
13889,13910,13911
13892,13915,13914
13913,13914,13988
13910,14196,14197
13910,14197,13911
13909,13913,14199
13909,14199,14198
13913,13988,14199
13897,13980,13981
13912,13987,13978
13911,13986,13912
13978,13987,13990
13915,13979,13991
13914,13915,13989
13978,13990,13980
13980,13992,13981
13979,13981,13993
13915,13991,13989
13980,13990,13992
13981,13992,13993
13979,13993,13991
13911,14197,13986
13912,13986,13987
13986,14347,13987
13914,13989,13988
13987,14348,13990
13988,13989,14351
13989,13991,14352
13990,14349,13992
13991,13993,14378
13992,14377,13993
13870,14172,14170
13342,13872,14171
13342,14171,14173
13872,13877,14171
14170,14172,14182
14171,14175,14173
14173,14175,14183
13876,14170,14174
13876,14174,14194
13877,14195,14171
14170,14182,14174
14171,14195,14175
13352,14182,14172
13352,14184,14182
14182,14184,14186
13354,14183,14187
14184,14268,14186
13354,14187,14185
14185,14187,14274
14174,14182,14186
14174,14186,14210
14183,14211,14187
14175,14211,14183
14186,14268,14272
14186,14272,14210
14187,14213,14274
13876,14194,13908
13908,14194,14196
13877,14198,14195
14174,14210,14194
14194,14210,14214
14175,14195,14215
14196,14200,14197
14195,14198,14201
14198,14199,14346
14194,14214,14196
14196,14214,14200
14195,14201,14215
14198,14346,14201
14210,14212,14214
14175,14215,14211
14210,14272,14212
14187,14211,14213
14211,14217,14213
14212,14216,14214
14200,14214,14216
14211,14215,14217
14201,14362,14215
14215,14362,14217
14212,14294,14216
14213,14217,14458
14268,14270,14272
13453,14269,14271
14185,14274,14269
13452,14270,14268
13454,14271,14285
14270,14273,14272
14269,14274,14275
14269,14275,14271
14270,14284,14273
14273,14284,14292
14271,14293,14285
14271,14275,14293
13467,14284,14270
13467,13469,14284
13469,14286,14284
13454,14285,13468
13468,14287,13470
13468,14285,14287
13469,17756,14286
14286,17756,19063
13470,19065,17758
13470,14287,19065
14284,14286,14292
14286,14304,14292
14285,14305,14287
14285,14293,14305
14286,19063,14304
14304,19063,19089
14287,14305,19090
14287,19090,19065
14212,14272,14273
14212,14273,14294
14213,14295,14274
14274,14295,14275
14273,14292,14294
14292,14296,14294
14275,14295,14297
14275,14297,14293
14216,14294,14457
14294,14296,14457
14213,14458,14295
14295,14458,14460
14296,14459,14457
14295,14460,14297
14292,14304,14296
14293,14307,14305
14304,19089,14306
14305,19094,19090
14296,14304,14306
14296,14306,14459
14293,14297,14307
14297,14474,14307
14306,19089,19093
14306,19093,14473
14305,14307,19094
14307,19258,19094
13986,14197,14345
14200,14345,14197
13986,14345,14347
13988,14350,14199
14199,14350,14346
14200,14361,14345
14201,14346,14365
13987,14347,14348
13990,14348,14349
13988,14351,14350
13989,14352,14351
13991,14378,14352
13992,14349,14377
13993,14377,14378
14345,14363,14347
14347,14363,14364
14347,14364,14348
14348,14389,14349
14348,14364,14389
14346,14350,14366
14346,14366,14365
14350,14351,14390
14350,14390,14366
14200,14216,14361
14345,14361,14363
14201,14365,14362
14216,14457,14361
14361,14461,14363
14361,14457,14461
14217,14362,14462
14217,14462,14458
14363,14367,14364
14365,14366,14393
14363,14461,14367
14362,14365,14368
14362,14368,14462
14365,14393,14368
14349,14379,14377
14352,14378,14382
14377,14381,14378
14349,14389,14379
14351,14352,14380
14352,14382,14380
14351,14380,14390
14377,14379,14381
14378,14381,14382
14364,14391,14389
14379,14389,14392
14379,14392,14395
14366,14390,14394
14380,14396,14390
14379,14395,14381
14381,14397,14382
14380,14382,14398
14390,14396,14394
14364,14367,14391
14389,14391,14392
14366,14394,14393
14381,14395,14397
14380,14398,14396
14382,14397,14398
14392,14485,14395
14394,14396,14488
14395,14486,14397
14397,14489,14398
14396,14398,14490
14457,14459,14461
14459,14463,14461
14458,14462,14464
14459,14473,14463
14458,14464,14460
14367,14461,14463
14367,14463,14481
14462,14483,14464
14368,14483,14462
14463,14475,14481
14460,14464,14476
14464,14483,14503
14306,14473,14459
14297,14460,14474
14460,14476,14474
14473,19093,19257
14473,19257,14475
14307,14474,19258
14474,19262,19258
14463,14473,14475
14475,14501,14481
14464,14503,14476
14475,19257,19261
14475,19261,14501
14474,14476,19262
14476,19290,19262
14367,14481,14391
14391,14481,14482
14391,14482,14392
14392,14482,14485
14368,14393,14484
14368,14484,14483
14393,14394,14487
14393,14487,14484
14481,14501,14482
14482,14502,14485
14483,14484,14504
14395,14485,14486
14394,14488,14487
14396,14490,14488
14398,14489,14490
14397,14486,14489
14485,14505,14486
14485,14502,14505
14486,14505,14506
14484,14487,14507
14487,14508,14507
14487,14488,14508
14486,14506,14489
14488,14490,14510
14489,14509,14490
14488,14510,14508
14489,14506,14509
14490,14509,14510
14482,14501,14502
14483,14504,14503
14501,19261,19289
14501,19289,14502
14502,19289,19295
14476,14503,19290
14503,14504,19298
14503,19298,19290
14505,19296,14506
14484,14507,14504
14507,14508,19300
14506,19297,14509
14508,14510,19302
14509,19301,14510
14502,19295,14505
14505,19295,19296
14506,19296,19297
14504,14507,19299
14504,19299,19298
14507,19300,19299
14508,19302,19300
14509,19297,19301
14510,19301,19302
17563,17547,17546
17570,17550,17547
17563,17570,17547
17564,17548,17549
17564,17549,17565
17565,17549,17552
17565,17552,17572
17571,17551,17550
17570,17550,17550
17570,17571,17550
17571,17598,17551
17572,17552,17552
17572,17552,17553
17573,17553,17594
17572,17553,17573
17562,17563,17546
17562,17567,17563
17564,17565,17568
17565,17572,17569
17562,17566,17567
17563,17567,17574
17565,17569,17568
17563,17574,17570
17570,17622,17571
17572,17573,17575
17570,17574,17622
17569,17572,17575
17573,17624,17575
17601,17597,17596
17598,17590,17551
17598,17591,17590
17598,17599,17591
17599,17593,17591
17600,17594,17595
17600,17595,17597
17573,17594,17600
17600,17597,17601
17604,17592,17592
17604,17592,17593
17855,17602,17592
17854,17539,17602
17604,17855,17592
17854,17602,17855
17605,17596,17596
17605,17596,17603
17858,17603,17540
17605,17603,17858
17599,17604,17593
17599,17870,17604
17601,17596,17605
17601,17605,17627
17605,17858,17872
17571,17623,17598
17571,17622,17623
17573,17600,17624
17600,17601,17625
17600,17625,17624
17574,18285,17622
17622,18287,17623
17624,17625,18286
17598,17626,17599
17598,17623,17626
17599,17626,17870
17601,17627,17625
17605,17872,17627
17623,18516,17626
17623,18287,18516
17625,17627,18288
17627,18517,18288
17748,17700,17701
17748,17701,17749
17749,17701,17704
17749,17704,17752
17751,17703,17702
17754,17706,17703
17751,17754,17703
17753,17705,17717
17752,17704,17704
17752,17704,17705
17752,17705,17753
17755,17707,17706
17754,17706,17706
17754,17755,17706
17728,17707,17755
17727,17719,17716
17856,17724,17539
17730,17716,17716
17730,17716,17724
17730,17724,17856
17857,17540,17725
17731,17720,17720
17859,17725,17720
17731,17720,17723
17857,17725,17859
17731,17859,17720
17726,17718,17719
17726,17717,17718
17726,17719,17727
17726,17753,17717
17728,17721,17707
17728,17722,17721
17728,17729,17722
17729,17723,17722
17727,17716,17730
17727,17730,17776
17730,17856,17886
17729,17731,17723
17729,17888,17731
17748,17749,17756
17749,17752,17757
17750,17751,17702
17750,17759,17751
17752,17753,17760
17751,17761,17754
17754,17780,17755
17749,17757,17756
17750,17758,17759
17751,17759,17761
17752,17760,17757
17753,17778,17760
17754,17761,17780
17726,17778,17753
17726,17727,17779
17726,17779,17778
17728,17755,17781
17755,17780,17781
17730,17886,17776
17727,17776,17779
17728,17777,17729
17729,17777,17888
17728,17781,17777
17778,17779,19073
17761,19074,17780
17780,19076,17781
17776,19075,17779
17776,19159,19075
17777,17781,19160
17781,19076,19160
17854,17856,17539
17854,17855,17860
17857,17858,17540
17857,17859,17861
17604,17871,17855
17604,17870,17871
17855,17871,17860
17857,17873,17858
17858,17873,17872
17857,17861,17873
17854,17887,17856
17854,17860,17887
17856,17887,17886
17731,17889,17859
17859,17889,17861
17731,17888,17889
17860,17871,17902
17861,17889,17903
17626,17874,17870
17872,17873,17876
17626,18516,17874
17627,17872,18517
17872,17876,18517
17870,17875,17871
17871,17875,17902
17861,17877,17873
17873,17877,17876
17861,17903,17877
17870,17874,17875
17874,18544,17875
17876,17877,18521
17886,17887,17891
17777,17893,17888
17860,17890,17887
17860,17902,17890
17887,17890,17891
17888,17892,17889
17889,17892,17903
17776,17886,19159
17886,17891,19159
17777,19160,17893
17890,19161,17891
17888,17893,17892
17892,17893,19172
17875,17904,17902
17892,17905,17903
17875,18544,17904
17877,17903,18545
17877,18545,18521
17903,17905,18545
17890,17902,19171
17902,17904,19171
17890,19171,19161
17892,19172,17905
17904,18544,19865
17905,19172,19867
17566,18257,18258
17566,18258,17567
17568,17569,18259
17569,18260,18259
18257,18269,18273
18257,18273,18258
18259,18260,18270
18260,18274,18270
17567,18261,17574
17567,18258,18261
17574,18261,18285
17569,17575,18260
17575,18262,18260
17575,17624,18262
18258,18273,18301
18258,18301,18261
18260,18262,18274
18262,18302,18274
18269,18275,18273
18270,18274,18272
18269,18271,18275
18271,18359,18275
18272,18276,18356
18272,18274,18276
18273,18303,18301
18274,18302,18276
18273,18275,18303
18275,18411,18303
18276,18302,18304
18276,18304,18360
17622,18285,18287
17624,18286,18262
18261,18289,18285
18261,18301,18289
18262,18286,18302
18286,18291,18302
18285,18290,18287
17625,18288,18286
18288,18517,18292
18285,18289,18290
18286,18288,18291
18288,18292,18291
18289,18301,18305
18301,18303,18305
18291,18304,18302
18291,18306,18304
18303,18411,18415
18304,18306,18412
18289,18528,18290
18289,18305,18528
18291,18292,18306
18292,18529,18306
18303,18415,18305
18305,18415,18530
18306,18416,18412
18306,18529,18416
18271,18355,18359
18355,18361,18359
18356,18360,18358
18276,18360,18356
18355,18357,18361
18357,18381,18361
18358,18362,18372
18358,18360,18362
18275,18359,18411
18304,18412,18360
18360,18412,18362
18359,18361,18413
18361,18381,18427
18362,18414,18383
18357,18371,18381
18371,18373,18382
18371,18382,18381
18372,18383,18376
18362,18383,18372
18376,18383,18384
18373,18374,18385
18373,18385,18382
18374,18375,18386
18376,18384,18377
18377,18384,18387
18377,18387,18378
18378,18388,18380
18375,18379,18389
18379,18380,18390
18381,18382,18428
18383,18429,18384
18374,18386,18385
18378,18387,18388
18375,18389,18386
18380,18388,18390
18379,18390,18389
18384,18430,18387
18359,18413,18411
18412,18416,18414
18361,18427,18413
18362,18412,18414
18383,18414,18429
18411,18413,18417
18411,18417,18415
18414,18416,18418
18413,18427,18614
18413,18614,18417
18414,18418,18429
18418,18615,18429
18381,18428,18427
18382,18431,18428
18384,18429,18430
18382,18385,18431
18385,18386,18432
18385,18432,18431
18387,18433,18388
18387,18430,18433
18388,18434,18390
18386,18389,18435
18389,18390,18436
18388,18433,18434
18386,18435,18432
18390,18434,18436
18389,18436,18435
18427,18428,18630
18428,18431,18631
18427,18630,18614
18428,18631,18630
18429,18615,18430
18430,18632,18433
18430,18615,18632
18433,18632,18633
18431,18432,18634
18433,18633,18434
18434,18635,18436
18432,18435,18636
18435,18436,18637
18287,18518,18516
18292,18517,18519
17876,18519,18517
18287,18290,18518
18290,18532,18518
18292,18519,18529
17874,18516,18520
18516,18518,18520
17874,18520,18544
17876,18521,18519
18518,18546,18520
18518,18532,18546
18519,18521,18533
18521,18547,18533
18290,18528,18532
18519,18533,18529
18529,18533,18531
18305,18530,18528
18416,18529,18531
18528,18534,18532
18533,18547,18535
18528,18530,18534
18530,18556,18534
18531,18533,18535
18531,18535,18617
18535,18557,18617
18520,18548,18544
18521,18545,18547
18545,18549,18547
18520,18546,18548
18547,18549,18559
18544,18548,19865
17905,18549,18545
17905,19867,18549
18549,19867,19870
18546,19869,18548
18546,18558,19869
18549,19870,18559
18532,18558,18546
18532,18534,18558
18535,18547,18559
18534,18556,18560
18534,18560,18558
18535,18559,18557
18557,18562,18651
18558,19885,19869
18558,18560,19885
18559,19870,18562
18556,18561,18560
18557,18559,18562
18562,18563,18651
18415,18417,18616
18415,18616,18530
18417,18618,18616
18416,18531,18418
18418,18531,18617
18417,18614,18618
18418,18617,18615
18615,18617,18620
18615,18620,18632
18530,18616,18556
18616,18618,18650
18557,18620,18617
18614,18619,18618
18620,18621,18632
18614,18630,18619
18630,18631,18638
18621,18633,18632
18431,18634,18631
18434,18633,18635
18432,18636,18634
18436,18635,18637
18435,18637,18636
18619,18630,18638
18631,18634,18666
18631,18666,18638
18621,18639,18633
18633,18639,18635
18635,18639,18667
18634,18668,18666
18637,18667,18669
18636,18669,18668
18634,18636,18668
18635,18667,18637
18636,18637,18669
18556,18616,18650
18557,18651,18620
18618,18619,18652
18618,18652,18650
18619,18638,18653
18619,18653,18652
18638,18654,18653
18620,18651,18621
18621,18655,18639
18621,18651,18655
18639,18655,18656
18556,18650,18561
18650,18652,19991
18561,18650,19991
18563,18655,18651
18563,19993,18655
18652,18653,19992
18653,18654,19995
18655,19993,18656
18656,19994,18657
18657,19996,18671
18654,18670,19997
18670,18671,19998
18638,18666,18654
18639,18656,18667
18657,18669,18667
18656,18657,18667
18666,18668,18670
18668,18669,18671
18654,18666,18670
18657,18671,18669
18668,18671,18670
17756,17757,19063
17757,19064,19063
17758,19066,17759
17758,19065,19066
17757,17760,19064
17760,17778,19061
17760,19061,19064
17759,19062,17761
17761,19062,19074
17759,19066,19062
19063,19064,19089
19064,19091,19089
19065,19090,19092
19065,19092,19066
19061,19091,19064
19061,19105,19091
19062,19066,19106
19066,19092,19106
17778,19073,19061
17780,19074,19076
17779,19075,19073
19075,19159,19078
19074,19080,19076
19061,19073,19105
19073,19077,19105
19062,19079,19074
19062,19106,19079
19073,19075,19077
19075,19078,19077
19074,19079,19080
19089,19091,19093
19090,19096,19092
19091,19105,19095
19092,19108,19106
19091,19095,19093
19093,19095,19257
19090,19094,19096
19094,19260,19096
19095,19105,19107
19095,19107,19259
19092,19096,19108
19096,19274,19108
19077,19107,19105
19077,19109,19107
19079,19106,19110
19106,19108,19110
19077,19078,19109
19078,19183,19109
19079,19184,19080
19079,19110,19184
19107,19109,19273
19108,19274,19276
19109,19183,19275
19109,19275,19273
19108,19276,19110
19110,19276,19188
17891,19163,19159
19078,19159,19163
19076,19164,19160
17891,19161,19163
17893,19160,19162
17893,19162,19172
19160,19164,19162
19078,19163,19183
19076,19080,19164
19080,19186,19164
19161,19185,19163
19161,19175,19185
19162,19164,19176
19164,19186,19176
19161,19171,19175
19171,19173,19175
19162,19174,19172
17904,19173,19171
17904,19865,19173
19173,19865,19871
19172,19174,19867
19173,19199,19175
19162,19176,19174
19173,19871,19199
19174,19176,19872
19176,19200,19872
19163,19185,19183
19183,19185,19187
19080,19184,19186
19175,19189,19185
19184,19190,19186
19183,19187,19275
19110,19188,19184
19185,19189,19187
19187,19189,19418
19189,19201,19418
19184,19188,19190
19188,19202,19190
19175,19199,19189
19176,19186,19200
19186,19190,19200
19199,19871,19203
19200,19902,19872
19200,19205,19902
19189,19199,19201
19201,19203,19434
19190,19205,19200
19190,19202,19205
19199,19203,19201
19203,19204,19434
19202,19206,19205
19095,19259,19257
19257,19259,19261
19094,19258,19260
19258,19264,19260
19107,19273,19259
19259,19273,19263
19096,19260,19274
19259,19263,19261
19261,19263,19289
19258,19262,19264
19262,19293,19264
19263,19277,19291
19260,19264,19278
19264,19293,19331
19273,19275,19277
19260,19278,19274
19275,19279,19277
19274,19280,19276
19274,19278,19280
19263,19273,19277
19277,19329,19291
19264,19331,19278
19277,19279,19329
19279,19420,19329
19278,19421,19280
19278,19331,19421
19263,19291,19289
19289,19291,19295
19291,19292,19295
19262,19290,19293
19290,19298,19294
19290,19294,19293
19291,19329,19292
19293,19294,19332
19292,19296,19295
19292,19303,19296
19296,19303,19297
19294,19298,19305
19298,19299,19305
19299,19300,19306
19297,19304,19301
19300,19302,19308
19301,19307,19302
19292,19330,19303
19297,19303,19304
19299,19306,19305
19300,19308,19306
19301,19304,19307
19302,19307,19308
19292,19329,19330
19293,19332,19331
19294,19335,19332
19329,19420,19330
19330,19420,19450
19330,19450,19333
19333,19450,19451
19331,19332,19452
19331,19452,19421
19332,19335,19453
19332,19453,19452
19303,19330,19333
19303,19333,19304
19304,19333,19334
19294,19305,19335
19305,19336,19335
19305,19306,19336
19304,19334,19307
19306,19308,19338
19307,19337,19308
19307,19334,19337
19306,19338,19336
19308,19337,19338
19333,19451,19334
19335,19336,19457
19334,19456,19337
19336,19338,19459
19337,19458,19338
19187,19279,19275
19187,19418,19279
19188,19276,19419
19276,19280,19419
19280,19424,19419
19201,19422,19418
19188,19419,19202
19419,19424,19435
19279,19418,19420
19418,19422,19420
19420,19422,19450
19280,19421,19424
19422,19423,19450
19421,19425,19424
19201,19434,19422
19202,19419,19435
19204,19436,19434
19204,20033,19436
19202,19435,19206
19206,19435,20035
19435,19439,20035
19422,19434,19423
19423,19434,19436
19423,19436,19454
19436,19437,19454
19424,19439,19435
19424,19425,19439
19425,19455,19440
19425,19440,19439
19440,19455,19441
19436,20033,19437
19437,20034,19438
19439,19440,20036
19440,19441,20038
19438,20037,19474
19441,19475,20040
19474,20039,19475
19423,19451,19450
19421,19452,19425
19452,19453,19455
19423,19454,19451
19451,19454,19456
19454,19470,19456
19425,19452,19455
19453,19471,19455
19453,19457,19471
19457,19473,19471
19458,19470,19472
19459,19472,19473
19334,19451,19456
19335,19457,19453
19336,19459,19457
19337,19456,19458
19338,19458,19459
19456,19470,19458
19457,19459,19473
19458,19472,19459
19437,19470,19454
19437,19438,19470
19441,19455,19471
19438,19472,19470
19472,19474,19473
19471,19473,19475
19441,19471,19475
19438,19474,19472
19473,19474,19475
18548,19866,19865
19865,19866,19871
19867,19868,19870
19174,19868,19867
18548,19869,19866
19866,19869,19873
19869,19885,19873
19868,19886,19870
19866,19901,19871
19174,19872,19868
19868,19872,19874
19872,19902,19874
19866,19873,19901
19868,19874,19886
18560,19887,19885
18562,19870,19886
18560,18561,19887
18561,19888,19887
18562,19886,18563
18563,19890,19993
18563,19886,19890
19873,19885,19917
19885,19887,19917
19887,19918,19917
19874,19890,19886
19874,19920,19890
19890,19920,19891
19887,19888,19918
19890,19891,19993
19891,19921,19892
19203,19871,19901
19205,19906,19902
19873,19903,19901
19873,19917,19903
19903,19917,19904
19874,19902,19920
19902,19906,19920
19906,19921,19920
19203,19901,19204
19204,19901,19903
19204,19903,20033
19205,19206,19906
19206,19907,19906
19904,19918,19905
19903,19904,20033
19906,19907,19921
19904,19917,19918
19891,19920,19921
19888,19919,19918
19888,19889,19919
19889,20007,19923
19889,19923,19919
19892,19921,19922
19892,19922,20008
19924,20010,20008
19922,19924,20008
19925,20007,20009
19923,20007,19925
19925,20009,19926
19924,19926,20010
19905,19918,19919
19919,19923,20049
19905,19919,20049
19907,19922,19921
19908,19924,19922
19907,19908,19922
19908,20050,19924
19923,20051,20049
19924,20050,19926
19923,19925,20051
19925,19926,20052
19926,20050,20052
18652,19992,19991
18561,19991,19888
19889,19991,19992
19891,19994,19993
18653,19995,19992
18656,19993,19994
18657,19994,19996
18654,19997,19995
18671,19996,19998
18670,19998,19997
19888,19991,19889
19992,19995,20007
19889,19992,20007
19891,19892,19994
19892,19996,19994
19996,20008,19998
19995,19997,20009
19997,19998,20010
19892,20008,19996
19995,20009,20007
19997,20010,20009
19998,20008,20010
19926,20009,20010
19904,20034,20033
19206,20035,19907
19908,20035,20036
19439,20036,20035
19904,19905,20034
19905,20049,20037
19905,20037,20034
19907,20035,19908
19908,20036,20050
20036,20038,20050
20037,20049,20039
20039,20051,20040
20038,20040,20052
20038,20052,20050
20039,20049,20051
20040,20051,20052
19437,20033,20034
19438,20034,20037
19440,20038,20036
19441,20040,20038
19474,20037,20039
19475,20039,20040
19925,20052,20051
2532,2622,2533
2544,2545,2895
2546,2544,2894
2546,2928,2548
2545,2547,2929
2548,2930,2550
2547,2549,2931
2534,2532,2544
2532,2533,2545
2533,2535,2547
2532,2545,2544
2533,2547,2545
2534,2544,2546
2535,2549,2547
2546,2548,2641
2534,2546,2641
2535,2642,2549
2548,2643,2641
2551,2642,2644
2549,2551,2933
2548,2550,2643
2549,2642,2551
2551,2644,3122
2574,2575,2623
2574,2586,2575
2575,2587,2577
2576,2588,2574
2576,2657,2590
2577,2589,2658
2574,2588,2586
2575,2586,2587
2576,2590,2588
2577,2587,2589
2589,2591,2658
2591,2660,2658
2592,2657,2659
2586,3578,2587
2587,3579,2589
2588,3592,2586
2589,3593,2591
2588,2590,3594
2591,3595,2593
2592,2659,3692
2590,2657,2592
2591,2593,2660
2590,2592,3596
2533,2623,2535
2532,2624,2622
2533,2622,2623
2535,2623,2625
2534,2624,2532
2535,2625,2642
2534,2641,2627
2628,2644,2642
2534,2627,2624
2625,2628,2642
2627,2641,2629
2628,2630,2644
2574,2623,2622
2575,2625,2623
2576,2622,2624
2576,2574,2622
2624,2627,2657
2577,2628,2625
2576,2624,2657
2575,2577,2625
2577,2658,2628
2627,2659,2657
2627,2629,2659
2628,2658,2630
2629,2643,2626
2630,2660,2631
2550,2640,2643
2629,2641,2643
2630,2645,2644
2550,3120,2640
2640,3120,2646
2646,3120,3121
2644,2645,3122
2645,3123,3122
2626,2643,2640
2626,2640,2674
2640,2646,2674
2630,2631,2645
2631,2647,2645
2631,2675,2647
2646,3121,2676
2645,2647,3123
2629,2656,2659
2630,2658,2660
2593,2661,2660
2629,2626,2656
2626,2662,2656
2626,2674,2662
2631,2660,2661
2631,2661,2675
2661,2663,2675
2659,2656,3692
2656,3693,3692
2661,3694,2663
2593,3694,2661
2663,3694,3695
2656,2662,3693
2663,3695,2679
2646,2680,2674
2663,2682,2675
2646,2676,2680
2647,2675,2677
2675,2682,2677
2677,2682,3153
2662,2674,2678
2674,2680,2678
2678,2680,3706
2663,2679,2682
2676,2681,2680
2680,2681,3706
2682,2683,3153
2679,2683,2682
2894,2895,2897
2894,2896,2928
2895,2929,2899
2894,2897,2896
2895,2899,2897
2898,2928,2896
2898,2930,2928
2899,2929,2915
2898,2914,2930
2896,2911,2910
2897,2913,2911
2898,2910,2912
2910,2911,3011
2912,2910,3010
2911,2913,3013
2912,3012,2916
2913,2917,3015
2896,2897,2911
2898,2896,2910
2897,2899,2913
2898,2912,2914
2912,2916,2914
2899,2917,2913
2899,2915,2917
2914,2916,2945
2915,2946,2919
2915,2919,2917
2916,2918,2945
2919,2946,2949
2544,2895,2894
2545,2929,2895
2546,2894,2928
2548,2928,2930
2547,2931,2929
2549,2933,2931
2550,2930,2932
2932,2945,2934
2934,2945,2944
2914,2932,2930
2915,2929,2931
2931,2933,2946
2914,2945,2932
2915,2931,2946
2933,2947,2946
2933,2935,2947
2550,2932,3120
2932,2934,3120
2551,2935,2933
2551,3122,2935
2935,3122,3125
2934,2944,3124
2935,3125,2951
2918,2944,2945
2946,2947,2949
2918,2948,2944
2944,2948,2950
2948,3048,2950
2947,3049,2949
2944,2950,3124
2935,2951,2947
2951,3125,3139
2950,3048,3138
3048,3052,3138
2947,2951,3049
2951,3053,3049
2951,3139,3053
2910,3011,3010
2911,3013,3011
2912,3010,3012
2913,3015,3013
2916,3012,3014
3010,3011,3031
3012,3010,3030
3012,3032,3014
3011,3013,3033
3010,3031,3030
3011,3033,3031
3012,3030,3032
3013,3035,3033
3013,3015,3035
3014,3032,3034
3014,3034,3017
3015,3038,3035
2918,3017,2948
2948,3017,3016
2916,3014,2918
2917,2919,3018
2918,3014,3017
2917,3018,3015
2919,2949,3019
2919,3019,3018
3017,3037,3016
3015,3018,3038
3018,3019,3039
3030,3031,7605
3032,3030,7604
3031,3033,7607
3032,7606,3034
3033,3035,7609
3017,3034,3037
3030,7605,7604
3031,7607,7605
3032,7604,7606
3034,7606,7608
3033,7609,7607
3034,7608,3037
3035,7611,7609
3035,3038,7611
3037,7608,7610
3016,3037,3036
3018,3039,3038
3037,7610,3036
3036,7610,7618
3036,7618,3060
3038,3039,7619
3038,7619,7611
3039,7653,7619
2948,3016,3048
3016,3050,3048
2949,3051,3019
2949,3049,3051
3016,3036,3050
3050,3060,3054
3019,3051,3061
3048,3050,3052
3049,3055,3051
3049,3053,3055
3050,3054,3052
3051,3055,3063
3036,3060,3050
3019,3061,3039
3051,3063,3061
3060,7618,7652
3060,7652,3062
3039,3061,7653
3061,7657,7653
3054,3060,3062
3054,3062,3218
3055,3227,3063
3062,7652,7656
3062,7656,3226
3061,3063,7657
3063,7866,7657
2934,3121,3120
3121,3124,3126
3122,3123,3125
2934,3124,3121
3124,3136,3126
3123,3137,3125
3123,3127,3137
2676,3121,3126
2647,3127,3123
2647,2677,3127
3126,3136,3150
3127,3141,3137
3127,3151,3141
2950,3136,3124
2950,3138,3136
3136,3138,3140
3125,3137,3139
3137,3143,3139
3052,3142,3138
3139,3143,3217
3136,3140,3150
3137,3141,3143
3138,3142,3140
3140,3142,3162
3141,3240,3143
2676,3126,3152
2677,3151,3127
2677,3153,3151
3126,3150,3152
3151,3153,3165
2676,3152,2681
2681,3152,4380
3152,3154,4380
2683,3155,3153
3150,3154,3152
3150,3164,3154
3153,3155,3165
3140,3164,3150
3140,3162,3164
3141,3151,3163
3151,3165,3163
3142,3238,3162
3141,3163,3240
3163,3243,3240
3162,4392,3164
3163,3165,3167
3155,4394,3165
3165,4394,3167
3162,3238,3166
3162,3166,4392
3163,3167,3243
3052,3054,3216
3052,3216,3142
3053,3139,3217
3053,3217,3219
3054,3218,3216
3053,3219,3055
3142,3216,3238
3216,3239,3238
3143,3241,3217
3143,3240,3241
3216,3218,3239
3218,3220,3239
3217,3221,3219
3217,3241,3221
3062,3226,3218
3218,3226,3220
3055,3219,3227
3219,3229,3227
3226,7656,7865
3226,7865,3228
3063,3227,7866
3227,7870,7866
3220,3226,3228
3219,3221,3229
3228,7865,7869
3227,3229,7870
3238,3239,3242
3239,3244,3242
3240,3245,3241
3220,3244,3239
3220,3252,3244
3221,3241,3253
3241,3245,3253
3166,3238,3242
3242,3244,4480
3240,3243,3245
3244,3252,4481
3243,4483,3245
3220,3228,3252
3228,3250,3252
3221,3251,3229
3221,3253,3251
3228,7869,3250
3250,7869,7891
3229,3251,7893
3229,7893,7870
3250,4496,3252
3252,4496,4481
3250,4498,4496
3251,3253,4499
3245,4497,3253
3253,4497,4499
3250,7891,4498
4498,7891,8762
3251,8764,7893
3251,4499,8764
3578,3580,3579
3579,3581,3593
3578,3592,3582
3578,3582,3580
3579,3580,3581
3583,3595,3593
3581,3583,3593
3582,3592,3610
3583,3611,3595
2587,3578,3579
2586,3592,3578
2588,3594,3592
2589,3579,3593
2591,3593,3595
2590,3596,3594
2593,3595,3597
2592,3692,3598
2592,3598,3596
3598,3692,3698
2593,3597,3694
3597,3599,3694
3596,3598,3628
3596,3628,3629
3592,3594,3610
3595,3611,3597
3594,3596,3629
3597,3630,3599
3594,3629,3610
3597,3611,3630
3599,3630,3631
3598,3698,3632
3599,3631,3699
3581,3612,3613
3580,3614,3612
3583,3613,3615
3580,3612,3581
3581,3613,3583
3582,3614,3580
3583,3615,3611
3582,3610,3616
3582,3616,3614
3611,3615,3617
3611,3617,3630
3610,3629,3618
3612,3792,3613
3613,3793,3615
3614,3794,3612
3614,3616,3796
3615,3795,3617
3618,3629,3634
3610,3618,3616
3617,3619,3630
3629,3628,3634
3619,3631,3630
3598,3632,3628
3632,3698,3724
3631,3633,3699
3628,3810,3634
3619,3635,3631
3631,3635,3633
3633,3635,3811
3628,3632,3810
3632,3724,3812
3632,3812,3810
3633,3811,3725
3725,3811,3813
3692,3693,3698
3599,3695,3694
3695,3699,3697
2662,3696,3693
2662,2678,3696
2679,3695,3697
3693,3696,3720
3693,3720,3698
3599,3699,3695
3697,3699,3721
3696,3722,3720
3696,3708,3722
3697,3721,3709
2678,3708,3696
2678,3706,3708
2679,3697,3707
2681,3710,3706
2679,3707,2683
2683,3707,4381
3707,3711,4381
3706,3734,3708
3697,3709,3707
3706,3710,3734
3707,3709,3711
3709,3735,3711
3698,3720,3724
3720,3726,3724
3633,3721,3699
3633,3725,3721
3721,3725,3723
3720,3722,3726
3709,3721,3723
3724,3726,3949
3725,3813,3727
3722,3963,3726
3723,3725,3727
3723,3727,3737
3708,3736,3722
3708,3734,3736
3709,3723,3735
3723,3737,3735
3710,4409,3734
3734,3738,3736
3734,4409,3738
3735,3737,4411
3722,3736,3963
3736,3967,3963
3727,3965,3737
3736,3738,3967
3737,3739,4411
3737,3965,3739
3613,3792,3793
3612,3794,3792
3614,3796,3794
3615,3793,3795
3617,3795,3797
3618,3634,3798
3618,3798,3799
3617,3797,3619
3616,3618,3799
3619,3800,3635
3616,3799,3796
3619,3797,3800
3635,3800,3801
3792,3838,3793
3793,3839,3795
3794,3840,3792
3795,3841,3797
3794,3796,3842
3793,3838,3839
3792,3840,3838
3794,3842,3840
3795,3839,3841
3797,3843,3800
3797,3841,3843
3796,3845,3842
3799,3798,3844
3796,3799,3845
3800,3846,3801
3634,3810,3814
3634,3814,3798
3635,3801,3811
3801,3815,3811
3810,3812,3816
3810,3816,3814
3811,3815,3813
3798,3814,3866
3801,3847,3815
3815,3867,3817
3814,3816,3868
3813,3815,3817
3800,3843,3846
3838,3848,3839
3839,3849,3841
3840,3850,3838
3840,3842,3852
3841,3851,3843
3799,3844,3845
3801,3846,3847
3839,3848,3849
3838,3850,3848
3841,3849,3851
3840,3852,3850
3843,3851,3853
3843,3853,3846
3842,3845,3854
3842,3854,3852
3846,3853,3855
3845,3844,3856
3845,3856,3854
3844,3870,3856
3846,3855,3847
3847,3857,3867
3847,3855,3857
3798,3866,3844
3814,3868,3866
3815,3847,3867
3816,3979,3868
3817,3867,3869
3817,3869,3952
3844,3866,3870
3866,3872,3870
3867,3871,3869
3857,3871,3867
3866,3868,3872
3868,3983,3872
3869,3873,3980
3869,3871,3873
3724,3949,3812
3812,3949,3951
3727,3813,3950
3813,3817,3950
3726,3964,3949
3726,3963,3964
3727,3950,3965
3950,3966,3965
3812,3951,3816
3817,3952,3950
3949,3953,3951
3949,3964,3953
3950,3952,3966
3952,3954,3966
3963,3969,3964
3965,3966,3968
3966,3970,3968
3963,3967,3969
3739,3965,3968
3968,3970,4617
3953,3964,3993
3964,3969,3993
3954,3970,3966
3954,3994,3970
3967,4616,3969
3970,3994,4618
3816,3951,3979
3951,3981,3979
3869,3980,3952
3952,3980,3954
3951,3953,3981
3954,3980,3982
3868,3979,3983
3979,3985,3983
3980,3984,3982
3873,3984,3980
3979,3981,3985
3982,3984,3986
3953,3993,3995
3953,3995,3981
3954,3982,3994
3982,3997,3994
3969,4665,3993
3993,4671,3995
3993,4665,4671
3994,4666,4618
3994,3997,4666
3997,4673,4666
3981,3995,3996
3981,3996,3985
3982,3986,3997
3986,3998,3997
3995,4671,4672
3995,4672,3996
3997,3998,4673
3998,4674,4673
2681,4380,3710
2683,4381,3155
3154,3164,4393
3154,4382,4380
3154,4393,4382
3155,4381,4395
3710,4380,4408
3711,4383,4381
3711,3735,4410
3711,4410,4383
4380,4382,4408
4381,4383,4395
3164,4392,4393
3155,4395,4394
4394,4395,4399
3166,4397,4392
3166,4484,4397
3167,4394,4485
4392,4396,4393
4382,4393,4424
4393,4396,4424
4383,4398,4395
4395,4398,4399
4392,4397,4396
4394,4399,4485
3710,4408,4409
4408,4413,4409
3735,4411,4410
4382,4412,4408
4408,4412,4413
4383,4410,4425
4410,4411,4414
4410,4414,4425
3738,4409,4613
3739,4415,4411
3739,4614,4415
4409,4413,4613
4411,4415,4414
4382,4424,4412
4383,4425,4398
4396,4397,4426
4396,4428,4424
4396,4426,4428
4398,4523,4399
4398,4425,4429
4398,4429,4523
4412,4424,4427
4412,4635,4413
4412,4427,4635
4414,4431,4425
4414,4415,4430
4414,4430,4431
4424,4428,4427
4426,4763,4428
4425,4431,4429
4430,4764,4431
3166,3242,4484
3242,4480,4484
3167,4482,3243
3167,4485,4482
3244,4481,4480
3243,4482,4483
3245,4483,4497
4480,4524,4484
4397,4484,4522
4482,4485,4527
4399,4526,4485
4485,4526,4527
4480,4481,4525
4480,4525,4524
4481,4500,4525
4482,4502,4483
4482,4527,4502
4481,4496,4500
4496,4498,4501
4483,4503,4497
4498,8762,4504
4497,4505,4499
4499,8770,8764
4496,4501,4500
4483,4502,4503
4497,4503,4505
4498,4504,4501
4504,8762,8768
4499,4505,8770
4505,8798,8770
4397,4522,4426
4484,4524,4522
4522,4524,4533
4399,4523,4526
4523,4534,4526
4500,4531,4525
4524,4525,4530
4525,4531,4532
4525,4532,4530
4526,4534,4536
4526,4536,4527
4527,4536,4535
4527,4535,4546
4426,4522,4528
4522,4533,4528
4522,4533,4533
4426,4528,4763
4429,4537,4523
4429,4431,4529
4523,4537,4534
4429,4529,4537
4523,4537,4537
4431,4764,4529
4524,4530,4533
4500,4501,4544
4501,4545,4544
4501,4545,4545
4500,4544,4531
4502,4527,4546
4502,4547,4503
4503,4547,4547
4502,4546,4547
4501,4504,4545
4504,4548,4545
4504,8768,4548
8768,8796,4548
4503,4549,4505
4503,4547,4549
4505,4549,8798
3738,4615,3967
3738,4613,4615
3739,3968,4614
3968,4617,4614
4413,4639,4613
4613,4640,4615
4613,4639,4640
4415,4614,4636
4614,4617,4641
3967,4615,4616
3969,4616,4665
3970,4618,4617
4615,4667,4616
4615,4640,4667
4617,4618,4642
4617,4642,4641
4618,4669,4642
4413,4635,4639
4635,4643,4639
4415,4636,4430
4614,4641,4636
4636,4641,4648
4427,4428,4637
4427,4644,4635
4428,4763,4637
4427,4637,4644
4635,4644,4643
4635,4644,4644
4430,4636,4638
4430,4638,4764
4636,4648,4638
4636,4648,4648
4639,4643,4646
4639,4646,4640
4640,4646,4645
4640,4645,4687
4641,4642,4647
4642,4669,4649
4642,4650,4647
4642,4649,4650
4641,4647,4648
4616,4668,4665
4618,4666,4669
4666,4673,4670
4616,4667,4668
4665,4668,4675
4666,4670,4669
4665,4675,4671
4671,4676,4672
4673,4674,4677
4671,4675,4676
4675,4692,4676
4670,4673,4677
4674,4678,4677
4640,4687,4667
4667,4688,4668
4668,4688,4688
4667,4687,4688
4669,4670,4689
4669,4689,4649
4670,4690,4689
4670,4690,4690
4668,4691,4675
4668,4688,4691
4675,4691,4692
4670,4677,4690
4677,4693,4690
4677,4678,4693
4678,4694,4693
7604,7605,7613
7606,7604,7612
7605,7607,7615
7606,7614,7608
7607,7609,7617
7609,7611,7622
7608,7616,7610
7609,7622,7617
7610,7616,7621
7604,7613,7612
7605,7615,7613
7606,7612,7614
7608,7614,7616
7607,7617,7615
7617,7622,7642
7610,7621,7618
7618,7621,7620
7618,7620,7652
7611,7619,7623
7611,7623,7622
7619,7655,7623
7621,7641,7620
7622,7623,7643
7612,7613,7635
7614,7612,7634
7614,7636,7616
7613,7615,7637
7612,7635,7634
7613,7637,7635
7614,7634,7636
7615,7639,7637
7615,7617,7639
7616,7638,7621
7617,7642,7639
7616,7636,7638
7636,7634,7755
7634,7635,7756
7636,7757,7638
7635,7637,7758
7637,7639,7760
7620,7641,7640
7621,7638,7641
7622,7643,7642
7641,7761,7640
7640,7761,7785
7638,7759,7641
7639,7642,7762
7639,7762,7760
7641,7759,7761
7642,7643,7786
7642,7786,7762
7620,7654,7652
7652,7654,7656
7619,7653,7655
7653,7659,7655
7620,7640,7654
7654,7668,7658
7623,7655,7669
7654,7658,7656
7656,7658,7865
7653,7657,7659
7657,7868,7659
7658,7672,7867
7655,7659,7673
7659,7880,7673
7640,7668,7654
7623,7669,7643
7655,7673,7669
7640,7785,7668
7668,7785,7670
7643,7671,7786
7643,7669,7671
7658,7668,7672
7669,7673,7675
7668,7670,7672
7670,7674,7672
7669,7675,7671
7635,7758,7756
7634,7756,7755
7636,7755,7757
7638,7757,7759
7637,7760,7758
7755,7756,7772
7757,7755,7771
7756,7758,7774
7761,7788,7785
7759,7763,7761
7760,7762,7789
7757,7773,7759
7758,7760,7764
7759,7773,7763
7756,7774,7772
7755,7772,7771
7757,7771,7773
7758,7764,7774
7760,7789,7764
7761,7763,7788
7773,7771,7775
7771,7772,7776
7763,7773,7801
7764,7804,7774
7772,7774,7802
7774,7804,7802
7771,7776,7775
7772,7802,7776
7773,7775,7801
7670,7785,7787
7762,7786,7790
7671,7792,7786
7786,7792,7790
7785,7788,7787
7762,7790,7789
7670,7791,7674
7670,7787,7791
7674,7791,7963
7671,7675,7964
7671,7964,7792
7787,7807,7791
7791,7979,7963
7790,7792,7980
7788,7805,7787
7787,7805,7807
7763,7803,7788
7764,7789,7806
7763,7801,7803
7764,7806,7804
7788,7803,7805
7789,7790,7808
7789,7808,7806
7775,7776,8397
7775,8396,7801
7801,8398,7803
7776,7802,8399
7802,7804,8401
7803,8400,7805
7804,7806,8403
7791,7807,7979
7790,7980,7808
7805,8402,7807
7807,7981,7979
7807,8402,7981
7806,7808,7983
7806,7983,8403
7658,7867,7865
7865,7867,7869
7657,7866,7868
7866,7872,7868
7672,7879,7867
7867,7879,7871
7659,7868,7880
7868,7884,7880
7867,7871,7869
7866,7870,7872
7871,7879,7883
7868,7872,7884
7672,7674,7879
7673,7880,7882
7674,7881,7879
7674,7963,7881
7673,7882,7675
7675,7882,7968
7879,7881,7883
7881,7905,7883
7880,7884,7907
7880,7907,7882
7881,7967,7905
7905,7967,7906
7882,7907,7908
7882,7908,7968
7869,7871,7891
7871,7892,7891
7870,7893,7894
7870,7894,7872
7871,7883,7892
7883,7895,7892
7872,7896,7884
7872,7894,7896
7891,7892,8762
7892,8763,8762
7893,8765,7894
7893,8764,8765
7892,7895,8763
7895,8766,8763
7895,7909,8766
7894,8767,7896
7894,8765,8767
7896,8767,8784
7883,7905,7895
7895,7905,7909
7884,7910,7907
7884,7896,7910
7905,7906,7909
7907,7910,7912
7907,7912,7908
7909,7911,8782
7896,8784,7910
7906,7911,7909
7908,7912,7996
7910,8785,7912
7881,7963,7967
7675,7968,7964
7963,7979,7965
7963,7965,7967
7792,7964,7966
7792,7966,7980
7964,7970,7966
7906,7967,7969
7964,7968,7970
7968,7994,7970
7965,7969,7967
7966,7970,8006
7965,7979,7982
7965,7982,7985
7808,7980,7984
7966,7986,7980
7979,7981,7982
7808,7984,7983
7980,7986,7984
7965,7985,7969
7969,7985,8005
7966,8006,7986
7982,8444,7985
7985,8444,8476
7984,7986,8477
7906,7969,7993
7906,7993,7911
7908,7994,7968
7969,8005,7993
7993,8005,7997
7970,7998,8006
7970,7994,7998
7911,7993,7995
7908,7996,7994
7994,7996,8912
7993,7997,7995
7995,7997,8910
7997,8007,8910
7994,8912,7998
7997,8005,8009
7986,8006,8010
7985,8476,8005
8005,8476,8009
7986,8010,8477
7997,8009,8007
7998,8008,8006
8006,8008,8010
8007,8009,8481
8010,8483,8477
8008,8923,8010
8010,8923,8483
7775,8397,8396
7776,8399,8397
7801,8396,8398
7802,8401,8399
7803,8398,8400
7804,8403,8401
7981,8402,8441
7805,8400,8402
8400,8439,8402
8401,8403,8442
8398,8410,8400
8397,8399,8411
8398,8396,8408
8396,8397,8409
8399,8401,8440
8396,8409,8408
8397,8411,8409
8398,8408,8410
8402,8439,8441
8401,8442,8440
8400,8410,8439
8399,8440,8411
8408,8409,8457
7981,8441,8438
7981,8438,7982
7983,8443,8403
7983,7984,8445
7983,8445,8443
8441,8463,8438
8403,8443,8442
8440,8442,8464
7982,8438,8444
7984,8477,8445
8438,8460,8444
8438,8463,8460
8444,8460,8478
8442,8443,8465
8443,8445,8479
8443,8479,8465
8410,8458,8439
8409,8411,8459
8439,8461,8441
8411,8440,8462
8410,8408,8456
8408,8457,8456
8409,8459,8457
8410,8456,8458
8441,8461,8463
8440,8464,8462
8439,8458,8461
8411,8462,8459
8463,8497,8460
8442,8465,8464
8458,8560,8461
8459,8462,8496
8458,8456,8562
8456,8457,8563
8457,8459,8561
8457,8561,8563
8461,8495,8463
8462,8464,8498
8461,8560,8495
8458,8562,8560
8459,8496,8561
8462,8498,8496
8444,8478,8476
8009,8476,8480
8476,8478,8480
8445,8477,8482
8478,8500,8480
8445,8482,8479
8009,8480,8481
8480,8484,8481
8477,8483,8482
8482,8483,9435
8480,8500,8484
8479,8482,8485
8479,8485,8501
8482,9435,8485
8460,8494,8478
8460,8497,8494
8478,8494,8500
8464,8465,8499
8465,8479,8501
8465,8501,8499
8497,8574,8494
8464,8499,8498
8463,8495,8497
8484,8500,9450
8499,8501,9452
8494,9451,8500
8500,9451,9450
8494,8574,9451
8498,8499,9453
8499,9452,9453
8456,8563,8562
8495,8560,8576
8496,8573,8561
8560,8562,8578
8562,8563,8579
8561,8577,8563
8495,8572,8497
8496,8498,8575
8562,8579,8578
8563,8577,8579
8495,8576,8572
8560,8578,8576
8561,8573,8577
8497,8572,8574
8496,8575,8573
8498,9453,8575
8573,8575,9535
8572,8576,9538
8577,9539,8579
8572,9536,8574
8573,9537,8577
8578,8579,9549
8576,8578,9548
8762,8763,8768
8763,8766,8769
8764,8771,8765
8766,8782,8772
8765,8774,8767
8767,8775,8784
8763,8769,8768
8768,8769,8796
8764,8770,8771
8765,8771,8774
8766,8772,8769
8772,8782,8773
8767,8774,8775
7909,8782,8766
7911,8783,8782
7910,8784,8785
7911,7995,8783
7995,8786,8783
7912,8787,7996
7912,8785,8787
8773,8782,8783
8773,8783,8820
8784,8822,8785
8775,8822,8784
8785,8822,8823
8783,8786,8820
8786,8821,8820
8786,8914,8821
8785,8823,8787
8787,8825,8916
8769,8797,8796
8769,8772,8797
8772,8800,8797
8770,8799,8771
8770,8798,8799
8771,8802,8774
8771,8799,8802
8772,8773,8800
8772,8800,8800
8773,8820,8801
8773,8801,8800
8774,8802,8802
8774,8802,8803
8774,8803,8775
8775,8803,8830
8820,8826,8801
8820,8827,8826
8820,8821,8827
8821,8828,8827
8775,8830,8822
8822,8830,8831
8822,8831,8832
8822,8832,8823
8821,8914,8824
8821,8824,8828
8787,8823,8825
8825,8939,8916
8823,8833,8825
8823,8832,8833
8824,8829,8828
8824,8829,8829
8936,8834,8829
8824,8936,8829
8936,8937,8834
8937,9002,8834
8825,8833,8833
8825,8833,8835
8825,8835,8939
8939,8835,9003
7995,8910,8786
7996,8787,8916
7996,8916,8912
8007,8911,8910
8910,8911,8914
7998,8912,8913
8786,8910,8914
8912,8916,8917
8911,8915,8914
8911,8924,8915
8912,8917,8913
8913,8917,8935
8913,8935,8925
8007,8922,8911
7998,8913,8008
8008,8913,8925
8008,8925,8923
8007,8481,8922
8483,8923,9437
8911,8922,8924
8923,8925,8952
8922,9436,8924
8924,9436,8950
8950,9436,9462
8923,8952,9437
8824,8914,8915
8824,8915,8936
8915,8934,8936
8916,8939,8917
8917,8939,8940
8917,8940,8935
8915,8924,8934
8925,8935,8956
8934,8937,8936
8937,8938,9002
8935,8940,8941
8939,9003,8940
8934,8954,8937
8937,8954,8938
8938,8954,8955
8935,8941,8956
8941,9026,8956
8956,9026,8957
8924,8950,8934
8934,8950,8954
8950,8951,8954
8925,8956,8952
8952,8956,8957
8950,9462,8951
8952,8953,9437
8952,8957,8953
8951,8955,8954
8953,8957,9046
8951,9464,8955
8955,9464,9045
8953,9046,9465
8938,9023,9002
8938,9025,9023
9025,9027,9023
9025,9027,9027
8940,9003,9024
8940,9024,8941
8941,9031,9026
8941,9024,9031
9026,9031,9031
9026,9031,9032
8938,8955,9025
9025,9035,9027
9025,9045,9035
8957,9026,9037
9026,9032,9037
9035,9028,9027
9035,9036,9028
9036,9030,9028
9036,9029,9030
9036,9073,9029
9037,9032,9034
9037,9034,9038
9038,9034,9033
9038,9033,9059
8955,9045,9025
9035,9045,9047
8957,9037,9046
9037,9038,9046
9038,9049,9046
9045,9464,9646
9045,9646,9047
9046,9049,9465
9049,9647,9465
9035,9047,9036
9036,9047,9048
9036,9048,9073
9038,9075,9049
9049,9075,9050
9047,9652,9048
9049,9050,9647
9050,9078,9653
9073,9057,9029
9073,9074,9057
9074,9058,9057
9074,9058,9058
9038,9059,9075
9075,9059,9060
9075,9060,9076
9076,9060,9060
9074,9079,9058
9079,9061,9058
9079,17576,9061
17576,17554,9061
9076,9060,9062
9076,9062,9080
9080,9062,17556
9073,9077,9074
9050,9075,9076
9076,9080,9078
9048,9077,9073
9074,9077,9081
9050,9076,9078
9074,9081,9079
9079,17580,17576
9080,17556,17578
9080,17578,9082
9079,9081,17580
9078,9080,9082
9082,17578,17582
8481,9434,8922
8481,8484,9434
8922,9434,9436
8483,9437,9435
8484,9448,9434
8485,9435,9439
8485,9439,9449
9434,9438,9436
9436,9438,9462
9435,9437,9463
9434,9448,9438
9435,9463,9439
8484,9450,9448
8485,9449,8501
8501,9449,9452
9448,9450,9454
9450,9451,9540
9452,9455,9453
9438,9448,9478
9439,9477,9449
9449,9477,9479
9450,9540,9454
9448,9454,9478
9452,9479,9455
9449,9479,9452
8951,9462,9466
8953,9463,9437
8953,9465,9463
9463,9465,9467
9438,9476,9462
9462,9476,9466
9439,9463,9467
9439,9467,9477
8951,9466,9464
9464,9466,9648
9465,9647,9467
9466,9480,9648
9467,9650,9477
9467,9647,9650
9438,9478,9476
9477,9481,9479
9454,9562,9478
9476,9478,9482
9478,9562,9482
9455,9479,9483
9479,9481,9483
9466,9476,9480
9476,9482,9480
9477,9650,9481
9480,9482,9723
9481,9661,9483
8574,9534,9451
9451,9534,9540
8575,9453,9541
9453,9455,9541
8575,9541,9535
8574,9536,9534
8573,9535,9537
8576,9548,9538
8572,9538,9536
8577,9537,9539
8579,9539,9549
8578,9549,9548
9454,9540,9564
9455,9563,9541
9534,9566,9540
9540,9566,9564
9534,9536,9580
9537,9581,9539
9535,9567,9537
9535,9541,9565
9535,9565,9567
9534,9580,9566
9537,9567,9581
9539,9551,9549
9548,9549,9553
9538,9548,9552
9536,9538,9550
9538,9552,9550
9548,9553,9552
9549,9551,9553
9536,9550,9580
9539,9581,9551
9454,9564,9562
9541,9563,9565
9455,9483,9563
9564,9566,9584
9565,9569,9567
9482,9562,9725
9482,9725,9723
9483,9724,9563
9563,9726,9565
9563,9724,9726
9562,9564,9568
9564,9584,9568
9562,9568,9725
9565,9726,9569
9550,9586,9580
9552,9553,9589
9550,9552,9588
9551,9587,9553
9567,9585,9581
9566,9580,9582
9551,9581,9583
9580,9586,9582
9551,9583,9587
9552,9589,9588
9550,9588,9586
9553,9587,9589
9567,9569,9585
9566,9582,9584
9581,9585,9583
9582,9586,9743
9583,9742,9587
9588,9589,9745
9586,9588,9744
9587,9746,9589
9464,9648,9646
9047,9646,9652
9647,9653,9650
9646,9648,9649
9646,9649,9652
9650,9653,9651
9048,9652,9670
9050,9653,9647
9649,9662,9652
9652,9662,9670
9651,9653,9671
9651,9671,9663
9480,9660,9648
9648,9660,9649
9481,9650,9651
9481,9651,9661
9480,9723,9660
9660,9723,9727
9483,9661,9724
9661,9665,9724
9649,9660,9664
9649,9664,9662
9651,9663,9661
9661,9663,9665
9660,9727,9664
9665,9728,9724
9048,9670,9077
9077,9672,9081
9077,9670,9672
9078,9671,9653
9078,9082,9671
9082,9673,9671
9662,9678,9670
9670,9678,9672
9663,9671,9673
9663,9673,9679
9081,9672,18263
9081,18263,17580
9082,17582,9673
9673,17582,18265
9672,9678,18277
9672,18277,18263
9673,18265,9679
9679,18265,18278
9662,9680,9678
9663,9679,9665
9662,9664,9680
9664,9755,9680
9665,9681,9728
9665,9679,9681
9678,18279,18277
9679,18278,9681
9678,9680,18279
9680,18363,18279
9681,18280,9756
9681,18278,18280
9723,9725,9729
9726,9728,9730
9724,9728,9726
9568,9747,9725
9725,9747,9729
9569,9726,9730
9569,9730,9748
9723,9729,9727
9728,9756,9730
9727,9729,9757
9729,9747,9769
9730,9758,9748
9568,9584,9749
9568,9749,9747
9569,9748,9585
9583,9585,9750
9582,9741,9584
9585,9748,9750
9584,9741,9749
9583,9750,9742
9582,9743,9741
9586,9744,9743
9587,9742,9746
9588,9745,9744
9589,9746,9745
9747,9749,9771
9748,9770,9750
9742,9750,9772
9742,9774,9746
9741,9743,9775
9743,9744,9776
9746,9778,9745
9744,9745,9777
9741,9773,9749
9742,9772,9774
9741,9775,9773
9743,9776,9775
9746,9774,9778
9745,9778,9777
9744,9777,9776
9664,9727,9755
9727,9757,9755
9681,9756,9728
9729,9769,9757
9730,9756,9758
9748,9758,9770
9680,9755,18363
9755,18365,18363
9756,18364,9758
9756,18280,18364
9755,9757,18365
9757,18391,18365
9758,18366,9770
9758,18364,18366
9747,9771,9769
9750,9770,9772
9749,9773,9771
9773,9775,18397
9774,18396,9778
9775,9776,18398
9776,9777,18399
9778,18400,9777
9757,9769,18391
9769,9771,18393
9769,18393,18391
9770,18392,9772
9770,18366,18392
9772,18392,18394
9772,18394,9774
9771,9773,18395
9774,18394,18396
9773,18397,18395
9778,18396,18400
9775,18398,18397
9777,18400,18399
9776,18399,18398
9771,18395,18393
3852,3854,12500
3848,12493,3849
3849,12494,3851
3850,12495,3848
3850,3852,12497
3851,12496,3853
3853,12498,3855
3852,12500,12497
3855,12498,12501
3854,3856,12499
3854,12499,12500
3856,12507,12499
3855,12501,3857
3857,12502,3871
3857,12501,12502
3849,12493,12494
3848,12495,12493
3851,12494,12496
3850,12497,12495
3853,12496,12498
12497,12500,12522
12500,12499,12521
12501,12523,12502
3856,3870,12507
3870,12509,12507
3871,12508,3873
3871,12502,12508
3870,3872,12509
3872,12599,12509
3873,12510,3984
3873,12508,12510
12499,12507,12539
12502,12524,12508
12508,12540,12510
12507,12509,12541
12509,12617,12541
12510,12542,12600
12493,12525,12494
12494,12526,12496
12495,12527,12493
12496,12528,12498
12495,12497,12529
12498,12530,12501
12497,12522,12529
12494,12525,12526
12493,12527,12525
12495,12529,12527
12496,12526,12528
12498,12528,12530
12500,12521,12522
12501,12530,12523
12502,12523,12524
12526,12683,12528
12525,12682,12526
12527,12684,12525
12528,12685,12530
12527,12529,12688
12522,12521,12700
12522,12700,12686
12522,12686,12529
12523,12530,12689
12523,12687,12524
12529,12686,12688
12523,12689,12687
12524,12687,12701
12499,12539,12521
12507,12541,12539
12508,12524,12540
12539,12541,12545
12510,12540,12542
12521,12539,12543
12521,12543,12700
12524,12701,12540
12540,12701,12544
12539,12545,12543
12540,12544,12542
12542,12544,12546
3872,3983,12599
3983,12601,12599
3984,12600,3986
3984,12510,12600
3983,3985,12601
3986,12600,12602
12509,12599,12617
12599,12619,12617
12600,12618,12602
12542,12618,12600
12599,12601,12619
12602,12618,12620
3985,3996,12607
3985,12607,12601
3986,12602,3998
3998,12602,12608
3996,4672,13177
3996,13177,12607
3998,12608,4674
4674,12608,13178
12601,12607,12609
12601,12609,12619
12602,12620,12608
12608,12620,12610
12607,13181,12609
12607,13177,13181
12609,13181,13205
12608,12610,13178
12610,13182,13178
12610,12632,13182
12541,12617,12621
12542,12546,12618
12617,12619,12633
12617,12633,12621
12618,12622,12620
12620,12622,12635
12541,12621,12545
12545,12621,12794
12546,12622,12618
12546,12793,12622
12621,12633,12634
12621,12634,12794
12622,12795,12635
12635,12795,12636
12609,12631,12619
12619,12631,12633
12610,12620,12635
12610,12635,12632
12609,13205,12631
12632,12638,13207
12631,12637,12633
12633,12637,12634
12632,12635,12636
12631,13206,12637
12634,12637,12808
12632,12636,12638
12525,12684,12682
12526,12682,12683
12528,12683,12685
12527,12688,12684
12530,12685,12689
12687,12689,12691
12686,12703,12688
12687,12704,12701
12683,12715,12685
12684,12716,12682
12682,12714,12683
12684,12688,12690
12685,12717,12689
12689,12717,12691
12688,12703,12690
12687,12691,12704
12682,12716,12714
12683,12714,12715
12685,12715,12717
12684,12690,12716
12543,12706,12700
12686,12700,12702
12700,12706,12702
12544,12701,12705
12543,12545,12792
12543,12792,12706
12544,12707,12546
12544,12705,12707
12546,12707,12793
12686,12702,12703
12701,12704,12705
12702,12706,12820
12707,12821,12793
12705,12729,12707
12691,12717,12731
12690,12732,12716
12715,12719,12717
12714,12718,12715
12716,12730,12714
12716,12732,12730
12714,12730,12718
12715,12718,12719
12717,12719,12731
12703,12702,12728
12703,12728,12734
12690,12703,12734
12691,12733,12704
12704,12735,12705
12705,12735,12729
12704,12733,12735
12690,12734,12732
12691,12731,12733
12702,12820,12728
12707,12729,12821
12718,13818,12719
12719,13819,12731
12730,12732,13824
12718,12730,13820
12731,13821,12733
12733,13825,12735
12732,12734,13822
12728,12822,12734
12734,12822,13822
12729,12735,13823
12729,12824,12821
12729,13823,12824
12545,12794,12792
12622,12793,12795
12792,12794,12798
12794,12806,12798
12636,12795,12799
12706,12792,12796
12792,12798,12796
12706,12796,12820
12793,12797,12795
12793,12821,12797
12796,12798,12834
12795,12797,12799
12634,12806,12794
12636,12807,12638
12636,12799,12807
12634,12808,12806
12806,12808,13319
12638,12807,12809
12798,12806,12810
12798,12810,12834
12799,12835,12807
12807,12835,12811
12806,13319,12810
12807,12811,12809
12809,12811,13321
12811,12837,13321
12796,12826,12820
12728,12820,12823
12797,12821,12825
12797,12825,12827
12796,12834,12826
12797,12827,12799
12799,12827,12835
12728,12823,12822
12820,12826,12823
12821,12824,12825
12823,12826,13878
12825,13861,12827
12827,13861,13879
12826,12834,12838
12811,12835,12839
12810,12836,12834
12834,12836,12838
12811,12839,12837
12826,12838,13878
12827,13879,12835
12835,13879,12839
12836,13345,12838
12838,13880,13878
12838,13345,13880
12837,12839,13882
4672,13179,13177
4674,13178,4678
13178,13182,13180
4672,4676,13179
13177,13179,13183
4678,13178,13180
4678,13180,4694
13177,13183,13181
13181,13184,13205
13182,13207,13185
13181,13183,13184
13180,13182,13185
13185,13207,13186
4676,4692,13193
4676,13193,13179
13179,13193,13195
13179,13195,13183
13180,13194,4694
13180,13185,13194
13185,13197,13194
13183,13195,13195
13183,13195,13196
13183,13196,13184
13184,13196,13231
13185,13197,13197
13185,13186,13197
13186,13198,13197
13186,13229,13198
12631,13205,13206
12632,13207,13182
12638,13208,13207
13184,13227,13205
13205,13227,13206
13206,13227,13228
13186,13207,13208
13186,13208,13229
12637,13206,13209
12637,13209,12808
12638,12809,13208
12809,13210,13208
13206,13228,13209
13209,13239,13315
13208,13210,13229
13210,13230,13229
13210,13317,13230
13184,13231,13227
13227,13231,13232
13227,13232,13233
13227,13233,13228
13229,13235,13198
13229,13236,13235
13229,13230,13236
13230,13237,13236
13228,13233,13234
13209,13228,13239
13228,13234,13239
13239,13331,13315
13230,13240,13237
13230,13317,13240
13239,13234,13234
13239,13234,13241
13239,13241,13331
13331,13241,13302
13240,13238,13237
13240,13238,13238
13334,13242,13238
13240,13334,13238
13334,13335,13242
13335,13303,13242
12808,13209,13315
12808,13315,13319
12809,13321,13210
13315,13316,13319
13210,13321,13317
12810,13319,13320
13317,13321,13322
12837,13322,13321
13316,13320,13319
13316,13337,13320
13320,13337,13343
13317,13322,13318
13318,13322,13344
13315,13331,13316
13316,13331,13332
13316,13332,13337
13240,13317,13318
13240,13318,13334
13318,13338,13334
13331,13302,13332
13332,13333,13337
13335,13336,13303
13334,13338,13335
13337,13355,13343
13318,13344,13338
13333,13355,13337
13333,13431,13355
13355,13431,13356
13335,13338,13357
13335,13357,13336
13336,13357,13358
12810,13320,12836
12836,13320,13343
12836,13343,13345
12837,13346,13322
13343,13359,13345
13322,13346,13344
13345,14178,13880
12837,13882,13346
13345,13359,14178
13344,13346,14179
13344,14179,13361
13361,14179,14189
13343,13355,13359
13355,13356,13359
13338,13344,13361
13338,13361,13357
13357,13361,13362
13356,13455,13360
13357,13362,13358
13356,13360,13359
13359,13360,14178
13361,14189,13362
13360,13455,14190
13358,13362,14191
13358,14191,13456
13332,13302,13421
13332,13421,13333
13333,13423,13431
13333,13421,13423
13431,13423,13423
13431,13423,13424
13336,13422,13303
13336,13432,13422
13432,13427,13422
13432,13427,13427
13435,13428,13427
13431,13424,13433
13356,13431,13433
13432,13435,13427
13336,13358,13432
13432,13456,13435
13433,13424,13426
13433,13426,13434
13434,13426,13425
13434,13425,13443
13435,13436,13428
13436,13430,13428
13436,13429,13430
13436,13473,13429
13471,13443,13444
13434,13443,13471
13472,13444,13444
13471,13444,13472
13473,13445,13429
13473,13474,13445
13474,13446,13445
13474,13446,13446
13472,13444,13447
13472,13447,13475
13475,13447,17708
13476,13448,13446
13474,13476,13446
17764,17710,13448
13476,17764,13448
13356,13433,13455
13433,13434,13455
13434,13457,13455
13358,13456,13432
13435,13456,13459
13434,13471,13457
13457,13471,13458
13435,13459,13436
13436,13460,13473
13436,13459,13460
13455,13457,14190
13457,14276,14190
13456,14277,13459
13456,14191,14277
13457,13458,14276
13458,13477,14278
13459,14279,13460
13458,13471,13472
13472,13475,13477
13473,13478,13474
13475,17708,17762
13475,17762,13479
13474,13480,13476
13476,17772,17764
13458,13472,13477
13460,13478,13473
13474,13478,13480
13475,13479,13477
13479,17762,17770
13476,13480,17772
12718,13820,13818
12719,13818,13819
12732,13822,13824
12733,13821,13825
12730,13824,13820
12731,13819,13821
12735,13825,13823
12824,13823,13865
13822,13864,13824
13823,13825,13867
13820,13832,13818
13821,13833,13825
13820,13824,13866
13819,13831,13821
13818,13830,13819
13823,13867,13865
13824,13864,13866
13818,13832,13830
13819,13830,13831
13821,13831,13833
13820,13866,13832
13825,13833,13867
13830,13906,13831
12822,13862,13822
12822,12823,13860
12822,13860,13862
12824,13863,12825
12824,13865,13863
12823,13878,13860
12825,13863,13861
13822,13862,13864
13864,13900,13866
13863,13865,13901
13860,13884,13862
13862,13898,13864
13862,13884,13898
13861,13863,13899
13861,13899,13885
13863,13901,13899
13860,13878,13881
12839,13879,13883
13861,13885,13879
13879,13885,13883
13878,13880,13881
13880,14176,13881
12839,13883,13882
13882,13883,13887
13860,13881,13884
13883,13885,13917
13881,13886,13884
13881,14176,13886
13884,13886,13916
13883,13917,13887
13865,13867,13903
13832,13904,13830
13833,13905,13867
13832,13866,13902
13866,13900,13902
13865,13903,13901
13831,13907,13833
13830,13904,13906
13831,13906,13907
13833,13907,13905
13832,13902,13904
13867,13905,13903
13864,13898,13900
13899,13901,13921
13902,13922,13904
13903,13905,13983
13900,13920,13902
13901,13903,13923
13904,13982,13906
13905,13907,13985
13906,13984,13907
13906,13982,13984
13903,13983,13923
13902,13920,13922
13904,13922,13982
13905,13985,13983
13884,13916,13898
13898,13918,13900
13898,13916,13918
13885,13899,13919
13885,13919,13917
13899,13921,13919
13916,14204,13918
13887,13917,14206
13900,13918,13920
13901,13923,13921
13919,13921,13995
13918,14204,14205
13918,14205,13920
13917,13919,14207
13917,14207,14206
13919,13995,14207
13907,13984,13985
13922,13996,13982
13923,13983,13999
13921,13923,13997
13920,13994,13922
13982,13998,13984
13983,13985,14001
13984,14000,13985
13923,13999,13997
13984,13998,14000
13985,14000,14001
13982,13996,13998
13983,14001,13999
13920,14205,13994
13922,13994,13996
13921,13997,13995
13994,14355,13996
13996,14357,13998
13995,13997,14358
13998,14359,14000
13997,13999,14360
13999,14001,14384
14000,14383,14001
13880,14178,14176
13346,13882,14177
13346,14177,14179
13882,13887,14177
14176,14178,14188
14177,14181,14179
14179,14181,14189
13886,14176,14180
13886,14180,14202
13887,14203,14177
14176,14188,14180
14177,14203,14181
13360,14188,14178
13360,14190,14188
14188,14190,14192
13362,14189,14193
14190,14276,14192
13362,14193,14191
14191,14193,14282
14180,14188,14192
14180,14192,14218
14189,14219,14193
14181,14219,14189
14192,14276,14280
14192,14280,14218
14193,14221,14282
13886,14202,13916
13916,14202,14204
13887,14206,14203
14180,14218,14202
14202,14218,14222
14181,14203,14223
14204,14208,14205
14203,14206,14209
14206,14207,14354
14202,14222,14204
14204,14222,14208
14203,14209,14223
14206,14354,14209
14218,14220,14222
14181,14223,14219
14218,14280,14220
14193,14219,14221
14219,14225,14221
14220,14224,14222
14208,14222,14224
14219,14223,14225
14209,14370,14223
14223,14370,14225
14220,14300,14224
14221,14225,14466
14276,14278,14280
13459,14277,14279
14191,14282,14277
13458,14278,14276
13460,14279,14289
14278,14281,14280
14277,14282,14283
14277,14283,14279
14278,14288,14281
14281,14288,14298
14279,14299,14289
14279,14283,14299
13477,14288,14278
13477,13479,14288
13479,14290,14288
13460,14289,13478
13478,14291,13480
13478,14289,14291
13479,17770,14290
14290,17770,19069
13480,19071,17772
13480,14291,19071
14288,14290,14298
14290,14308,14298
14289,14309,14291
14289,14299,14309
14290,19069,14308
14308,19069,19097
14291,14309,19098
14291,19098,19071
14220,14280,14281
14220,14281,14300
14221,14301,14282
14282,14301,14283
14281,14298,14300
14298,14302,14300
14283,14301,14303
14283,14303,14299
14224,14300,14465
14300,14302,14465
14221,14466,14301
14301,14466,14468
14302,14467,14465
14301,14468,14303
14298,14308,14302
14299,14311,14309
14308,19097,14310
14309,19102,19098
14302,14308,14310
14302,14310,14467
14299,14303,14311
14303,14478,14311
14310,19097,19101
14310,19101,14477
14309,14311,19102
14311,19266,19102
13994,14205,14353
14205,14208,14353
13994,14353,14355
13995,14356,14207
14207,14356,14354
14208,14369,14353
14209,14354,14372
13995,14358,14356
13996,14355,14357
13998,14357,14359
13997,14360,14358
13999,14384,14360
14000,14359,14383
14001,14383,14384
14353,14371,14355
14355,14371,14373
14354,14356,14374
14354,14374,14372
14355,14373,14357
14357,14399,14359
14356,14358,14400
14357,14373,14399
14356,14400,14374
14208,14224,14369
14353,14369,14371
14209,14372,14370
14224,14465,14369
14369,14469,14371
14369,14465,14469
14225,14370,14470
14225,14470,14466
14371,14375,14373
14372,14374,14402
14371,14469,14375
14370,14372,14376
14370,14376,14470
14372,14402,14376
14359,14385,14383
14360,14384,14388
14383,14387,14384
14358,14360,14386
14360,14388,14386
14358,14386,14400
14359,14399,14385
14383,14385,14387
14384,14387,14388
14373,14401,14399
14374,14400,14404
14386,14406,14400
14385,14405,14387
14387,14407,14388
14386,14388,14408
14385,14399,14403
14385,14403,14405
14400,14406,14404
14373,14375,14401
14374,14404,14402
14399,14401,14403
14387,14405,14407
14388,14407,14408
14386,14408,14406
14403,14495,14405
14404,14406,14500
14405,14497,14407
14407,14498,14408
14406,14408,14499
14465,14467,14469
14467,14471,14469
14466,14470,14472
14467,14477,14471
14466,14472,14468
14375,14469,14471
14375,14471,14491
14470,14492,14472
14376,14492,14470
14471,14479,14491
14468,14472,14480
14472,14492,14512
14310,14477,14467
14303,14468,14478
14468,14480,14478
14477,19101,19265
14477,19265,14479
14311,14478,19266
14478,19270,19266
14471,14477,14479
14479,14511,14491
14472,14512,14480
14479,19265,19269
14479,19269,14511
14478,14480,19270
14480,19310,19270
14375,14491,14401
14401,14491,14493
14376,14402,14494
14376,14494,14492
14401,14493,14403
14402,14404,14496
14403,14493,14495
14402,14496,14494
14491,14511,14493
14492,14494,14514
14493,14513,14495
14404,14500,14496
14405,14495,14497
14406,14499,14500
14408,14498,14499
14407,14497,14498
14495,14515,14497
14494,14496,14516
14495,14513,14515
14496,14520,14516
14497,14517,14498
14500,14499,14519
14496,14500,14520
14498,14518,14499
14497,14515,14517
14500,14519,14520
14498,14517,14518
14499,14518,14519
14493,14511,14513
14492,14514,14512
14511,19269,19309
14511,19309,14513
14513,19309,19315
14480,14512,19310
14512,14514,19316
14512,19316,19310
14494,14516,14514
14515,19317,14517
14516,14520,19322
14517,19319,14518
14520,14519,19321
14518,19320,14519
14513,19315,14515
14514,14516,19318
14515,19315,19317
14514,19318,19316
14517,19317,19319
14516,19322,19318
14518,19319,19320
14519,19320,19321
14520,19321,19322
17577,17555,17554
17584,17558,17555
17577,17584,17555
17578,17556,17557
17578,17557,17579
17579,17557,17560
17579,17560,17586
17585,17559,17558
17584,17558,17558
17584,17585,17558
17585,17614,17559
17586,17560,17560
17586,17560,17561
17587,17561,17610
17586,17561,17587
17576,17577,17554
17576,17581,17577
17578,17579,17582
17579,17586,17583
17576,17580,17581
17577,17581,17588
17579,17583,17582
17577,17588,17584
17584,17628,17585
17586,17587,17589
17584,17588,17628
17583,17586,17589
17587,17630,17589
17617,17613,17612
17614,17606,17559
17614,17607,17606
17614,17615,17607
17615,17609,17607
17616,17610,17611
17616,17611,17613
17587,17610,17616
17616,17613,17617
17620,17608,17608
17620,17608,17609
17863,17618,17608
17862,17541,17618
17620,17863,17608
17862,17618,17863
17621,17612,17612
17621,17612,17619
17866,17619,17542
17621,17619,17866
17615,17620,17609
17615,17878,17620
17617,17612,17621
17617,17621,17633
17621,17866,17880
17585,17629,17614
17585,17628,17629
17587,17616,17630
17616,17617,17631
17616,17631,17630
17588,18293,17628
17628,18295,17629
17630,17631,18294
17614,17632,17615
17614,17629,17632
17615,17632,17878
17617,17633,17631
17621,17880,17633
17629,18522,17632
17629,18295,18522
17631,17633,18296
17633,18523,18296
17762,17708,17709
17762,17709,17763
17763,17709,17712
17763,17712,17766
17765,17711,17710
17768,17714,17711
17765,17768,17711
17767,17713,17733
17766,17712,17712
17766,17712,17713
17766,17713,17767
17769,17715,17714
17768,17714,17714
17768,17769,17714
17744,17715,17769
17743,17735,17732
17864,17740,17541
17746,17732,17732
17746,17732,17740
17746,17740,17864
17865,17542,17741
17747,17736,17736
17867,17741,17736
17747,17736,17739
17865,17741,17867
17747,17867,17736
17742,17734,17735
17742,17733,17734
17742,17735,17743
17742,17767,17733
17744,17737,17715
17744,17738,17737
17744,17745,17738
17745,17739,17738
17743,17732,17746
17743,17746,17782
17746,17864,17894
17745,17747,17739
17745,17896,17747
17762,17763,17770
17763,17766,17771
17764,17765,17710
17764,17773,17765
17766,17767,17774
17765,17775,17768
17768,17786,17769
17763,17771,17770
17764,17772,17773
17765,17773,17775
17766,17774,17771
17767,17784,17774
17768,17775,17786
17742,17784,17767
17742,17743,17785
17742,17785,17784
17744,17769,17787
17769,17786,17787
17746,17894,17782
17743,17782,17785
17744,17783,17745
17745,17783,17896
17744,17787,17783
17784,17785,19081
17775,19082,17786
17786,19084,17787
17782,19083,17785
17782,19165,19083
17783,17787,19166
17787,19084,19166
17862,17864,17541
17862,17863,17868
17865,17866,17542
17865,17867,17869
17620,17879,17863
17620,17878,17879
17863,17879,17868
17865,17881,17866
17866,17881,17880
17865,17869,17881
17862,17895,17864
17862,17868,17895
17864,17895,17894
17747,17897,17867
17867,17897,17869
17747,17896,17897
17868,17879,17906
17869,17897,17907
17632,17882,17878
17880,17881,17884
17632,18522,17882
17633,17880,18523
17880,17884,18523
17878,17883,17879
17879,17883,17906
17869,17885,17881
17881,17885,17884
17869,17907,17885
17878,17882,17883
17882,18550,17883
17884,17885,18527
17894,17895,17899
17783,17901,17896
17868,17898,17895
17868,17906,17898
17895,17898,17899
17896,17900,17897
17897,17900,17907
17782,17894,19165
17894,17899,19165
17783,19166,17901
17898,19167,17899
17896,17901,17900
17900,17901,19178
17883,17908,17906
17900,17909,17907
17883,18550,17908
17885,17907,18551
17885,18551,18527
17907,17909,18551
17898,17906,19177
17906,17908,19177
17898,19177,19167
17900,19178,17909
17908,18550,19875
17909,19178,19877
17580,18263,18264
17580,18264,17581
17582,17583,18265
17583,18266,18265
18263,18277,18281
18263,18281,18264
18265,18266,18278
18266,18282,18278
17581,18267,17588
17581,18264,18267
17588,18267,18293
17583,17589,18266
17589,18268,18266
17589,17630,18268
18264,18281,18307
18264,18307,18267
18266,18268,18282
18268,18308,18282
18277,18283,18281
18278,18282,18280
18277,18279,18283
18279,18367,18283
18280,18284,18364
18280,18282,18284
18281,18309,18307
18282,18308,18284
18281,18283,18309
18283,18419,18309
18284,18308,18310
18284,18310,18368
17628,18293,18295
17630,18294,18268
18267,18297,18293
18267,18307,18297
18268,18294,18308
18294,18299,18308
18293,18298,18295
17631,18296,18294
18296,18523,18300
18293,18297,18298
18294,18296,18299
18296,18300,18299
18297,18307,18311
18307,18309,18311
18299,18310,18308
18299,18312,18310
18309,18419,18423
18310,18312,18420
18297,18536,18298
18297,18311,18536
18299,18300,18312
18300,18537,18312
18309,18423,18311
18311,18423,18538
18312,18424,18420
18312,18537,18424
18279,18363,18367
18363,18369,18367
18364,18368,18366
18284,18368,18364
18363,18365,18369
18365,18401,18369
18366,18370,18392
18366,18368,18370
18283,18367,18419
18310,18420,18368
18368,18420,18370
18367,18369,18421
18369,18401,18437
18370,18422,18402
18365,18391,18401
18391,18393,18403
18391,18403,18401
18392,18402,18394
18370,18402,18392
18394,18402,18404
18394,18404,18396
18393,18395,18405
18393,18405,18403
18396,18404,18406
18395,18397,18407
18396,18406,18400
18397,18398,18408
18398,18399,18409
18400,18410,18399
18401,18403,18439
18402,18438,18404
18395,18407,18405
18400,18406,18410
18397,18408,18407
18399,18410,18409
18398,18409,18408
18404,18440,18406
18367,18421,18419
18420,18424,18422
18369,18437,18421
18370,18420,18422
18402,18422,18438
18419,18421,18425
18419,18425,18423
18422,18424,18426
18421,18437,18622
18421,18622,18425
18422,18426,18438
18426,18623,18438
18401,18439,18437
18404,18438,18440
18403,18441,18439
18403,18405,18441
18406,18442,18410
18406,18440,18442
18405,18407,18443
18410,18446,18409
18407,18408,18444
18408,18409,18445
18405,18443,18441
18407,18444,18443
18409,18446,18445
18410,18442,18446
18408,18445,18444
18437,18439,18640
18437,18640,18622
18438,18623,18440
18439,18441,18642
18440,18641,18442
18440,18623,18641
18439,18642,18640
18442,18641,18643
18442,18643,18446
18441,18443,18644
18446,18645,18445
18443,18444,18646
18444,18445,18647
18295,18524,18522
18300,18523,18525
17884,18525,18523
18295,18298,18524
18298,18540,18524
18300,18525,18537
17882,18522,18526
18522,18524,18526
17882,18526,18550
17884,18527,18525
18524,18552,18526
18524,18540,18552
18525,18527,18541
18527,18553,18541
18298,18536,18540
18525,18541,18537
18537,18541,18539
18311,18538,18536
18424,18537,18539
18536,18542,18540
18541,18553,18543
18536,18538,18542
18538,18564,18542
18539,18541,18543
18539,18543,18625
18543,18565,18625
18526,18554,18550
18527,18551,18553
18551,18555,18553
18526,18552,18554
18553,18555,18567
18550,18554,19875
17909,18555,18551
17909,19877,18555
18555,19877,19880
18552,19879,18554
18552,18566,19879
18555,19880,18567
18540,18566,18552
18540,18542,18566
18543,18553,18567
18542,18564,18568
18542,18568,18566
18543,18567,18565
18565,18570,18659
18566,19893,19879
18566,18568,19893
18567,19880,18570
18564,18569,18568
18565,18567,18570
18570,18571,18659
18423,18425,18624
18423,18624,18538
18425,18626,18624
18424,18539,18426
18426,18539,18625
18425,18622,18626
18426,18625,18623
18623,18625,18627
18623,18627,18641
18538,18624,18564
18624,18626,18658
18565,18627,18625
18622,18628,18626
18627,18629,18641
18622,18640,18628
18629,18643,18641
18640,18642,18648
18441,18644,18642
18446,18643,18645
18443,18646,18644
18445,18645,18647
18444,18647,18646
18628,18640,18648
18629,18649,18643
18642,18644,18672
18643,18649,18645
18642,18672,18648
18645,18649,18673
18644,18674,18672
18647,18673,18675
18646,18675,18674
18644,18646,18674
18646,18647,18675
18645,18673,18647
18564,18624,18658
18565,18659,18627
18626,18628,18660
18626,18660,18658
18627,18659,18629
18628,18648,18662
18629,18661,18649
18629,18659,18661
18628,18662,18660
18648,18664,18662
18649,18661,18663
18564,18658,18569
18658,18660,19999
18569,18658,19999
18571,18661,18659
18571,20000,18661
18661,20000,18663
18660,18662,20001
18662,18664,20003
18663,20002,18665
18665,20004,18677
18664,18676,20005
18676,18677,20006
18649,18663,18673
18648,18672,18664
18665,18675,18673
18663,18665,18673
18672,18674,18676
18674,18675,18677
18664,18672,18676
18665,18677,18675
18674,18677,18676
17770,17771,19069
17771,19070,19069
17772,19072,17773
17772,19071,19072
17771,17774,19070
17774,17784,19067
17774,19067,19070
17773,19068,17775
17775,19068,19082
17773,19072,19068
19069,19070,19097
19070,19099,19097
19071,19098,19100
19071,19100,19072
19067,19099,19070
19067,19111,19099
19068,19072,19112
19072,19100,19112
17784,19081,19067
17786,19082,19084
17785,19083,19081
19083,19165,19086
19082,19088,19084
19067,19081,19111
19081,19085,19111
19068,19087,19082
19068,19112,19087
19081,19083,19085
19083,19086,19085
19082,19087,19088
19097,19099,19101
19098,19104,19100
19099,19111,19103
19100,19114,19112
19099,19103,19101
19101,19103,19265
19098,19102,19104
19102,19268,19104
19103,19111,19113
19103,19113,19267
19100,19104,19114
19104,19282,19114
19085,19113,19111
19085,19115,19113
19087,19112,19116
19112,19114,19116
19085,19086,19115
19086,19191,19115
19087,19192,19088
19087,19116,19192
19113,19115,19281
19114,19282,19284
19115,19191,19283
19115,19283,19281
19114,19284,19116
19116,19284,19196
17899,19169,19165
19086,19165,19169
19084,19170,19166
17899,19167,19169
17901,19166,19168
17901,19168,19178
19166,19170,19168
19086,19169,19191
19084,19088,19170
19088,19194,19170
19167,19193,19169
19167,19181,19193
19168,19170,19182
19170,19194,19182
19167,19177,19181
19177,19179,19181
19168,19180,19178
17908,19179,19177
17908,19875,19179
19179,19875,19881
19178,19180,19877
19179,19207,19181
19168,19182,19180
19179,19881,19207
19180,19182,19882
19182,19208,19882
19169,19193,19191
19191,19193,19195
19088,19192,19194
19181,19197,19193
19192,19198,19194
19191,19195,19283
19116,19196,19192
19193,19197,19195
19195,19197,19426
19197,19209,19426
19192,19196,19198
19196,19210,19198
19181,19207,19197
19182,19194,19208
19194,19198,19208
19207,19881,19211
19208,19910,19882
19208,19213,19910
19197,19207,19209
19209,19211,19442
19198,19210,19213
19198,19213,19208
19207,19211,19209
19211,19212,19442
19210,19214,19213
19103,19267,19265
19265,19267,19269
19102,19266,19268
19266,19272,19268
19113,19281,19267
19267,19281,19271
19104,19268,19282
19267,19271,19269
19269,19271,19309
19266,19270,19272
19270,19312,19272
19271,19285,19311
19268,19272,19286
19272,19312,19340
19281,19283,19285
19268,19286,19282
19283,19287,19285
19282,19286,19288
19282,19288,19284
19271,19281,19285
19285,19339,19311
19272,19340,19286
19285,19287,19339
19287,19428,19339
19286,19429,19288
19286,19340,19429
19271,19311,19309
19309,19311,19315
19311,19313,19315
19270,19310,19312
19310,19316,19314
19310,19314,19312
19311,19339,19313
19312,19314,19342
19313,19317,19315
19314,19316,19324
19316,19318,19324
19313,19323,19317
19317,19323,19319
19318,19322,19328
19319,19325,19320
19322,19321,19327
19320,19326,19321
19313,19341,19323
19319,19323,19325
19318,19328,19324
19320,19325,19326
19321,19326,19327
19322,19327,19328
19313,19339,19341
19312,19342,19340
19314,19344,19342
19339,19428,19341
19341,19428,19460
19340,19342,19461
19340,19461,19429
19341,19460,19343
19342,19344,19463
19342,19463,19461
19343,19460,19462
19314,19324,19344
19323,19341,19343
19323,19343,19325
19324,19348,19344
19325,19345,19326
19324,19328,19348
19328,19327,19347
19326,19346,19327
19325,19343,19345
19326,19345,19346
19328,19347,19348
19327,19346,19347
19343,19462,19345
19345,19466,19346
19344,19348,19467
19348,19347,19469
19346,19468,19347
19195,19287,19283
19195,19426,19287
19196,19284,19427
19284,19288,19427
19288,19431,19427
19209,19430,19426
19196,19427,19210
19427,19431,19443
19287,19426,19428
19426,19430,19428
19428,19430,19460
19288,19429,19431
19430,19432,19460
19429,19433,19431
19209,19442,19430
19210,19427,19443
19212,19444,19442
19212,20041,19444
19210,19443,19214
19214,19443,20042
19443,19445,20042
19430,19442,19432
19432,19442,19444
19431,19445,19443
19431,19433,19445
19432,19444,19464
19433,19465,19447
19433,19447,19445
19444,19446,19464
19447,19465,19449
19444,20041,19446
19445,19447,20044
19446,20043,19448
19448,20045,19480
19447,19449,20046
19449,19481,20048
19480,20047,19481
19429,19461,19433
19432,19462,19460
19461,19463,19465
19433,19461,19465
19432,19464,19462
19463,19477,19465
19462,19464,19466
19463,19467,19477
19464,19476,19466
19468,19476,19478
19469,19478,19479
19467,19479,19477
19345,19462,19466
19344,19467,19463
19346,19466,19468
19347,19468,19469
19348,19469,19467
19466,19476,19468
19467,19469,19479
19468,19478,19469
19446,19476,19464
19449,19465,19477
19446,19448,19476
19448,19478,19476
19477,19479,19481
19478,19480,19479
19449,19477,19481
19448,19480,19478
19479,19480,19481
18554,19876,19875
19875,19876,19881
19877,19878,19880
19180,19878,19877
18554,19879,19876
19876,19879,19883
19879,19893,19883
19878,19894,19880
19876,19909,19881
19180,19882,19878
19878,19882,19884
19882,19910,19884
19876,19883,19909
19878,19884,19894
18568,19895,19893
18570,19880,19894
18568,18569,19895
18569,19897,19895
18570,19894,18571
18571,19896,20000
18571,19894,19896
19883,19893,19927
19893,19895,19927
19895,19929,19927
19884,19896,19894
19884,19928,19896
19896,19928,19898
19895,19897,19929
19896,19898,20000
19898,19930,19900
19211,19881,19909
19213,19912,19910
19883,19911,19909
19883,19927,19911
19911,19927,19913
19884,19910,19928
19910,19912,19928
19912,19930,19928
19211,19909,19212
19212,19909,19911
19212,19911,20041
19213,19214,19912
19214,19914,19912
19911,19913,20041
19912,19914,19930
19913,19929,19915
19913,19927,19929
19898,19928,19930
19897,19931,19929
19900,19930,19932
19897,19899,19931
19900,19932,20012
19899,20011,19933
19934,20014,20012
19899,19933,19931
19932,19934,20012
19935,20011,20013
19933,20011,19935
19934,19936,20014
19935,20013,19936
19915,19929,19931
19914,19932,19930
19931,19933,20053
19916,19934,19932
19914,19916,19932
19915,19931,20053
19933,20055,20053
19916,20054,19934
19933,19935,20055
19935,19936,20056
19934,20054,19936
19936,20054,20056
18569,19999,19897
18660,20001,19999
19899,19999,20001
19898,20002,20000
18662,20003,20001
18663,20000,20002
18664,20005,20003
18665,20002,20004
18677,20004,20006
18676,20006,20005
19897,19999,19899
19898,19900,20002
19900,20004,20002
20001,20003,20011
20004,20012,20006
20003,20005,20013
20005,20006,20014
19899,20001,20011
19900,20012,20004
20003,20013,20011
20006,20012,20014
20005,20014,20013
19936,20013,20014
19214,20042,19914
19913,20043,20041
19916,20042,20044
19445,20044,20042
19914,20042,19916
19913,19915,20043
19915,20053,20045
19916,20044,20054
19915,20045,20043
20045,20053,20047
20044,20046,20054
20046,20048,20056
20047,20055,20048
20047,20053,20055
20048,20055,20056
20046,20056,20054
19446,20041,20043
19447,20046,20044
19448,20043,20045
19449,20048,20046
19480,20045,20047
19481,20047,20048
19935,20056,20055
2552,2684,2553
2558,2952,2560
2558,2559,2953
2559,2561,2977
2560,2976,2564
2564,2978,2566
2561,2565,2979
2552,2558,2554
2552,2553,2559
2553,2555,2561
2552,2559,2558
2553,2561,2559
2554,2558,2560
2555,2565,2561
2560,2564,2699
2554,2560,2699
2555,2701,2565
2564,2700,2699
2567,2701,2702
2565,2567,2981
2564,2566,2700
2565,2701,2567
2567,2702,3169
2594,2595,2685
2594,2600,2595
2595,2601,2597
2594,2596,2602
2596,2711,2606
2597,2603,2713
2594,2602,2600
2600,2601,2595
2597,2601,2603
2596,2606,2602
2603,2607,2713
2608,2711,2712
2607,2714,2713
2600,3636,2601
2601,3637,2603
2600,2602,3645
2603,3646,2607
2602,2606,3647
2607,3648,2609
2606,2711,2608
2608,2712,3740
2607,2609,2714
2606,2608,3649
2553,2685,2555
2552,2686,2684
2684,2685,2553
2555,2685,2687
2552,2554,2686
2555,2687,2701
2554,2699,2690
2692,2702,2701
2554,2690,2686
2687,2692,2701
2690,2699,2691
2692,2693,2702
2594,2685,2684
2595,2687,2685
2596,2684,2686
2594,2684,2596
2686,2690,2711
2597,2692,2687
2595,2597,2687
2596,2686,2711
2690,2712,2711
2597,2713,2692
2690,2691,2712
2692,2713,2693
2691,2700,2694
2693,2714,2695
2566,2703,2700
2691,2699,2700
2693,2704,2702
2702,2704,3169
2566,3168,2703
2703,3168,2708
2708,3168,3170
2704,3171,3169
2694,2700,2703
2693,2695,2704
2695,2709,2704
2694,2703,2723
2703,2708,2723
2695,2724,2709
2708,3170,2726
2704,2709,3171
2691,2715,2712
2693,2713,2714
2609,2716,2714
2691,2694,2715
2695,2714,2716
2695,2716,2724
2694,2720,2715
2694,2723,2720
2716,2721,2724
2712,2715,3740
2716,3741,2721
2609,3741,2716
2715,3742,3740
2721,3741,3743
2715,2720,3742
2721,3743,2730
2708,2732,2723
2721,2733,2724
2708,2726,2732
2709,2724,2727
2724,2733,2727
2727,2733,3197
2720,2723,2729
2721,2730,2733
2723,2732,2729
2729,2732,3753
2726,2734,2732
2733,2735,3197
2732,2734,3753
2730,2735,2733
2952,2955,2976
2952,2953,2956
2953,2977,2958
2952,2956,2955
2953,2958,2956
2955,2957,2976
2957,2978,2976
2958,2977,2968
2957,2967,2978
2955,2962,2961
2957,2961,2963
2956,2964,2962
2961,2962,3065
2961,3064,2963
2962,2964,3067
2963,3066,2970
2964,2971,3069
2955,2956,2962
2955,2961,2957
2956,2958,2964
2957,2963,2967
2958,2971,2964
2963,2970,2967
2958,2968,2971
2967,2970,2988
2968,2989,2973
2968,2973,2971
2970,2972,2988
2973,2989,2995
2558,2953,2952
2559,2977,2953
2560,2952,2976
2564,2976,2978
2561,2979,2977
2566,2978,2980
2565,2981,2979
2967,2980,2978
2968,2977,2979
2979,2981,2989
2967,2988,2980
2968,2979,2989
2980,2988,2985
2985,2988,2990
2981,2991,2989
2981,2986,2991
2566,2980,3168
2980,2985,3168
2567,2986,2981
2567,3169,2986
2986,3169,3175
2985,2990,3174
2986,3175,2998
2972,2990,2988
2989,2991,2995
2972,2994,2990
2990,2994,2997
2991,3095,2995
2994,3094,2997
2990,2997,3174
2986,2998,2991
2998,3175,3184
2991,2998,3095
2998,3101,3095
2997,3094,3183
2998,3184,3101
3094,3100,3183
2961,3065,3064
2962,3067,3065
2963,3064,3066
2964,3069,3067
2970,3066,3068
3064,3065,3080
3064,3079,3066
3065,3067,3082
3066,3081,3068
3064,3080,3079
3065,3082,3080
3066,3079,3081
3067,3084,3082
3067,3069,3084
3068,3081,3083
3068,3083,3073
3069,3089,3084
2970,3068,2972
2971,2973,3074
2972,3068,3073
2971,3074,3069
2972,3073,2994
2973,2995,3076
2994,3073,3075
2973,3076,3074
3073,3088,3075
3069,3074,3089
3074,3076,3091
3079,7676,3081
3079,3080,7677
3080,3082,7679
3081,7678,3083
3082,3084,7681
3073,3083,3088
3079,7677,7676
3080,7679,7677
3081,7676,7678
3082,7681,7679
3083,7678,7680
3083,7680,3088
3084,7683,7681
3084,3089,7683
3088,7680,7682
3074,3091,3089
3075,3088,3090
3088,7682,3090
3089,3091,7698
3090,7682,7697
3089,7698,7683
3090,7697,3106
3091,7722,7698
2994,3075,3094
2995,3098,3076
2995,3095,3098
3075,3097,3094
3075,3090,3097
3076,3098,3107
3097,3106,3103
3094,3097,3100
3095,3104,3098
3095,3101,3104
3097,3103,3100
3098,3104,3110
3090,3106,3097
3076,3107,3091
3098,3110,3107
3091,3107,7722
3106,7697,7721
3106,7721,3109
3107,7728,7722
3103,3106,3109
3103,3109,3258
3104,3265,3110
3107,3110,7728
3109,7721,7727
3109,7727,3264
3110,7916,7728
2985,3170,3168
3169,3171,3175
3170,3174,3177
2985,3174,3170
3171,3181,3175
3171,3178,3181
3174,3180,3177
2726,3170,3177
2709,3178,3171
2709,2727,3178
3178,3187,3181
3177,3180,3193
3178,3194,3187
2997,3180,3174
3175,3181,3184
2997,3183,3180
3180,3183,3186
3181,3190,3184
3100,3189,3183
3184,3190,3256
3181,3187,3190
3180,3186,3193
3183,3189,3186
3186,3189,3201
3187,3273,3190
2726,3177,3196
2727,3194,3178
2727,3197,3194
3177,3193,3196
3194,3197,3206
2726,3196,2734
2734,3196,4432
3196,3192,4432
2735,3199,3197
3193,3192,3196
3197,3199,3206
3193,3202,3192
3201,4438,3202
3201,3269,3203
3201,3203,4438
3186,3202,3193
3187,3194,3204
3194,3206,3204
3186,3201,3202
3187,3204,3273
3189,3269,3201
3204,3277,3273
3204,3206,3208
3199,4442,3206
3206,4442,3208
3204,3208,3277
3101,3184,3256
3100,3103,3255
3101,3256,3259
3100,3255,3189
3103,3258,3255
3101,3259,3104
3190,3274,3256
3189,3255,3269
3190,3273,3274
3255,3270,3269
3255,3258,3270
3256,3261,3259
3258,3254,3270
3256,3274,3261
3109,3264,3258
3104,3259,3265
3258,3264,3254
3259,3267,3265
3110,3265,7916
3264,7727,7915
3264,7915,3263
3265,7921,7916
3259,3261,3267
3254,3264,3263
3265,3267,7921
3263,7915,7913
3269,3270,3271
3270,3272,3271
3254,3272,3270
3254,3282,3272
3203,3269,3271
3271,3272,4550
3272,3282,4551
3273,3279,3274
3261,3274,3285
3274,3279,3285
3273,3277,3279
3277,4554,3279
3254,3263,3282
3263,3281,3282
3263,7913,3281
3281,7913,7934
3281,4559,3282
3282,4559,4551
3281,4560,4559
3281,7934,4560
4560,7934,8836
3261,3283,3267
3261,3285,3283
3267,3283,7937
3267,7937,7921
3283,3285,4566
3279,4564,3285
3285,4564,4566
3283,8843,7937
3283,4566,8843
3636,3639,3637
3637,3640,3646
3636,3645,3641
3636,3641,3639
3639,3640,3637
3642,3648,3646
3640,3642,3646
3641,3645,3657
3642,3658,3648
2600,3645,3636
2601,3636,3637
2603,3637,3646
2602,3647,3645
2607,3646,3648
2606,3649,3647
2609,3648,3650
2609,3650,3741
2608,3740,3654
2608,3654,3649
3650,3655,3741
3654,3740,3749
3645,3647,3657
3647,3649,3672
3648,3658,3650
3650,3673,3655
3647,3672,3657
3650,3658,3673
3649,3654,3674
3649,3674,3672
3655,3673,3675
3655,3675,3750
3654,3749,3678
3660,3661,3640
3639,3662,3660
3642,3661,3663
3639,3660,3640
3640,3661,3642
3639,3641,3662
3642,3663,3658
3641,3657,3666
3641,3666,3662
3658,3663,3667
3657,3672,3668
3658,3667,3673
3660,3874,3661
3661,3875,3663
3660,3662,3876
3663,3877,3667
3662,3666,3878
3657,3668,3666
3668,3672,3681
3667,3669,3673
3672,3674,3681
3669,3675,3673
3654,3678,3674
3675,3679,3750
3678,3749,3767
3669,3682,3675
3674,3889,3681
3675,3682,3679
3679,3682,3890
3674,3678,3889
3678,3767,3892
3679,3890,3768
3678,3892,3889
3768,3890,3893
3740,3742,3749
3655,3743,3741
3743,3750,3747
2720,3746,3742
2730,3743,3747
2720,2729,3746
3655,3750,3743
3742,3746,3761
3742,3761,3749
3747,3750,3762
3746,3764,3761
3746,3756,3764
3747,3762,3757
2729,3756,3746
2730,3747,3754
2729,3753,3756
2730,3754,2735
2735,3754,4434
2734,3752,3753
3754,3759,4434
3747,3757,3754
3753,3773,3756
3753,3752,3773
3754,3757,3759
3757,3776,3759
3749,3761,3767
3679,3762,3750
3679,3768,3762
3761,3770,3767
3762,3768,3765
3757,3762,3765
3761,3764,3770
3768,3893,3771
3767,3770,4000
3765,3768,3771
3764,4008,3770
3765,3771,3778
3752,4451,3773
3773,3775,3774
3773,4451,3775
3774,4010,4008
3774,3775,4010
3756,3774,3764
3757,3765,3776
3756,3773,3774
3765,3778,3776
3776,3778,4455
3764,3774,4008
3771,4012,3778
3778,3780,4455
3778,4012,3780
3874,3875,3661
3660,3876,3874
3663,3875,3877
3662,3878,3876
3667,3877,3879
3666,3668,3883
3667,3879,3669
3668,3681,3885
3669,3884,3682
3666,3883,3878
3669,3879,3884
3668,3885,3883
3682,3884,3886
3874,3901,3875
3874,3876,3903
3875,3902,3877
3877,3904,3879
3876,3878,3905
3874,3903,3901
3901,3902,3875
3877,3902,3904
3876,3905,3903
3878,3910,3905
3879,3906,3884
3879,3904,3906
3878,3883,3910
3884,3911,3886
3883,3885,3912
3682,3886,3890
3681,3889,3895
3681,3895,3885
3886,3896,3890
3889,3892,3898
3889,3898,3895
3890,3896,3893
3885,3895,3931
3886,3913,3896
3896,3932,3899
3893,3896,3899
3895,3898,3934
3884,3906,3911
3901,3916,3902
3902,3917,3904
3901,3903,3918
3904,3919,3906
3903,3905,3920
3883,3912,3910
3886,3911,3913
3901,3918,3916
3916,3917,3902
3904,3917,3919
3903,3920,3918
3906,3919,3921
3905,3910,3922
3905,3922,3920
3906,3921,3911
3911,3921,3923
3910,3912,3928
3911,3923,3913
3913,3929,3932
3910,3928,3922
3913,3923,3929
3912,3937,3928
3885,3931,3912
3896,3913,3932
3895,3934,3931
3899,3932,3935
3898,4022,3934
3899,3935,4004
3912,3931,3937
3932,3938,3935
3929,3938,3932
3931,3940,3937
3931,3934,3940
3935,3941,4023
3935,3938,3941
3934,4027,3940
3767,4000,3892
3771,3893,4001
3892,4000,4003
3893,3899,4001
3770,4009,4000
3770,4008,4009
3771,4001,4012
4001,4013,4012
3892,4003,3898
3899,4004,4001
4000,3999,4003
4001,4004,4013
4000,4009,3999
4004,4006,4013
4008,4011,4009
4008,4010,4011
3999,4009,4032
4009,4011,4032
4010,4697,4011
4012,4013,4016
4013,4018,4016
3780,4012,4016
4016,4018,4700
4006,4018,4013
4006,4035,4018
4018,4035,4701
3898,4003,4022
3935,4023,4004
4004,4023,4006
4003,4020,4022
4003,3999,4020
4006,4023,4025
3934,4022,4027
4023,4028,4025
3941,4028,4023
4022,4021,4027
4022,4020,4021
4025,4028,4030
3999,4032,4033
3999,4033,4020
4011,4728,4032
4032,4731,4033
4032,4728,4731
4020,4033,4034
4020,4034,4021
4033,4731,4732
4033,4732,4034
4006,4025,4035
4025,4037,4035
4035,4735,4701
4035,4037,4735
4037,4741,4735
4025,4030,4037
4030,4038,4037
4037,4038,4741
4038,4742,4741
3192,3202,4439
3192,4433,4432
3192,4439,4433
3752,4432,4450
4432,4433,4450
2735,4434,3199
2734,4432,3752
3199,4434,4443
3759,4436,4434
3759,3776,4454
3759,4454,4436
4434,4436,4443
3202,4438,4439
3203,4441,4438
3203,4552,4441
4438,4440,4439
4433,4439,4462
4439,4440,4462
4438,4441,4440
3199,4443,4442
4442,4443,4447
3208,4442,4557
4436,4446,4443
4443,4446,4447
4442,4447,4557
3752,4450,4451
4450,4453,4451
4433,4452,4450
4450,4452,4453
3775,4451,4695
4451,4453,4695
3776,4455,4454
4436,4454,4466
4454,4455,4458
4454,4458,4466
3780,4459,4455
3780,4698,4459
4455,4459,4458
4433,4462,4452
4440,4441,4463
4440,4465,4462
4440,4463,4465
4452,4462,4464
4452,4704,4453
4452,4464,4704
4462,4465,4464
4463,4765,4465
4436,4466,4446
4446,4582,4447
4446,4466,4468
4446,4468,4582
4458,4470,4466
4458,4459,4469
4458,4469,4470
4466,4470,4468
4469,4766,4470
3203,3271,4552
3271,4550,4552
3272,4551,4550
4550,4575,4552
4441,4552,4574
4550,4551,4576
4550,4576,4575
4551,4561,4576
3208,4553,3277
3208,4557,4553
3277,4553,4554
3279,4554,4564
4553,4557,4585
4447,4584,4557
4557,4584,4585
4553,4568,4554
4553,4585,4568
4551,4559,4561
4559,4560,4562
4560,8836,4563
4559,4562,4561
4560,4563,4562
4563,8836,8839
4554,4569,4564
4564,4572,4566
4566,8849,8843
4554,4568,4569
4564,4569,4572
4566,4572,8849
4572,8870,8849
4441,4574,4463
4552,4575,4574
4574,4575,4581
4561,4579,4576
4575,4576,4578
4576,4579,4580
4576,4580,4578
4463,4574,4577
4574,4581,4577
4574,4581,4581
4463,4577,4765
4575,4578,4581
4447,4582,4584
4582,4590,4584
4584,4590,4592
4584,4592,4585
4585,4592,4591
4585,4591,4601
4468,4593,4582
4468,4470,4588
4582,4593,4590
4468,4588,4593
4582,4593,4593
4470,4766,4588
4561,4562,4598
4562,4599,4598
4562,4599,4599
4561,4598,4579
4562,4563,4599
4563,4600,4599
4563,8839,4600
8839,8866,4600
4568,4585,4601
4568,4602,4569
4569,4602,4602
4568,4601,4602
4569,4605,4572
4569,4602,4605
4572,4605,8870
3775,4696,4010
3775,4695,4696
4453,4706,4695
4695,4707,4696
4695,4706,4707
4010,4696,4697
4011,4697,4728
4696,4729,4697
4696,4707,4729
3780,4016,4698
4016,4700,4698
4459,4698,4712
4698,4700,4716
4018,4701,4700
4700,4701,4717
4700,4717,4716
4701,4737,4717
4453,4704,4706
4704,4708,4706
4464,4465,4705
4464,4709,4704
4465,4765,4705
4464,4705,4709
4704,4709,4708
4704,4709,4709
4706,4708,4711
4706,4711,4707
4707,4711,4710
4707,4710,4749
4459,4712,4469
4698,4716,4712
4712,4716,4721
4469,4712,4714
4469,4714,4766
4712,4721,4714
4712,4721,4721
4716,4717,4720
4717,4737,4722
4717,4723,4720
4717,4722,4723
4716,4720,4721
4697,4730,4728
4697,4729,4730
4728,4730,4733
4728,4733,4731
4731,4734,4732
4731,4733,4734
4733,4752,4734
4701,4735,4737
4735,4741,4738
4735,4738,4737
4741,4742,4745
4738,4741,4745
4742,4746,4745
4707,4749,4729
4729,4750,4730
4730,4750,4750
4729,4749,4750
4730,4751,4733
4730,4750,4751
4733,4751,4752
4737,4738,4753
4737,4753,4722
4738,4754,4753
4738,4754,4754
4738,4745,4754
4745,4757,4754
4745,4746,4757
4746,4758,4757
7676,7688,7678
7676,7677,7689
7677,7679,7691
7678,7690,7680
7679,7681,7693
7681,7683,7701
7680,7692,7682
7682,7692,7700
7681,7701,7693
7676,7689,7688
7677,7691,7689
7678,7688,7690
7679,7693,7691
7680,7690,7692
7693,7701,7716
7682,7700,7697
7683,7698,7703
7697,7700,7702
7683,7703,7701
7697,7702,7721
7698,7725,7703
7700,7715,7702
7701,7703,7718
7688,7706,7690
7688,7689,7707
7689,7691,7709
7690,7708,7692
7688,7707,7706
7690,7706,7708
7689,7709,7707
7691,7711,7709
7692,7710,7700
7691,7693,7711
7693,7716,7711
7692,7708,7710
7706,7809,7708
7706,7707,7810
7707,7709,7812
7708,7811,7710
7709,7711,7816
7700,7710,7715
7701,7718,7716
7702,7715,7717
7710,7815,7715
7711,7716,7818
7715,7815,7817
7711,7818,7816
7715,7817,7717
7716,7718,7834
7717,7817,7833
7716,7834,7818
7698,7722,7725
7702,7724,7721
7721,7724,7727
7722,7731,7725
7702,7717,7724
7703,7725,7734
7724,7733,7730
7722,7728,7731
7724,7730,7727
7727,7730,7915
7728,7919,7731
7725,7731,7740
7730,7739,7918
7731,7927,7740
7717,7733,7724
7703,7734,7718
7725,7740,7734
7717,7833,7733
7718,7737,7834
7718,7734,7737
7733,7833,7736
7730,7733,7739
7734,7740,7743
7733,7736,7739
7736,7742,7739
7734,7743,7737
7707,7812,7810
7706,7810,7809
7708,7809,7811
7709,7816,7812
7710,7811,7815
7809,7810,7825
7809,7824,7811
7810,7812,7827
7815,7821,7817
7817,7836,7833
7816,7818,7837
7811,7826,7815
7815,7826,7821
7812,7816,7822
7810,7827,7825
7809,7825,7824
7811,7824,7826
7812,7822,7827
7817,7821,7836
7816,7837,7822
7824,7830,7826
7824,7825,7831
7821,7826,7845
7822,7848,7827
7825,7827,7846
7827,7848,7846
7824,7831,7830
7825,7846,7831
7826,7830,7845
7818,7834,7839
7737,7843,7834
7736,7833,7838
7834,7843,7839
7833,7836,7838
7818,7839,7837
7736,7842,7742
7736,7838,7842
7737,7743,8012
7742,7842,8011
7737,8012,7843
7838,7854,7842
7839,7843,8024
7842,8023,8011
7821,7847,7836
7822,7837,7850
7821,7845,7847
7836,7847,7849
7822,7850,7848
7836,7849,7838
7838,7849,7854
7837,7839,7855
7837,7855,7850
7830,8412,7845
7830,7831,8413
7831,7846,8415
7845,8414,7847
7846,7848,8419
7847,8418,7849
7848,7850,8421
7839,8024,7855
7842,7854,8023
7849,8420,7854
7850,7855,8027
7850,8027,8421
7854,8026,8023
7854,8420,8026
7728,7916,7919
7730,7918,7915
7915,7918,7913
7916,7923,7919
7739,7926,7918
7731,7919,7927
7918,7926,7914
7919,7932,7927
7916,7921,7923
7918,7914,7913
7919,7923,7932
7914,7926,7925
7739,7742,7926
7740,7927,7930
7742,7929,7926
7740,7930,7743
7742,8011,7929
7743,7930,8018
7927,7932,7947
7926,7929,7925
7927,7947,7930
7929,7943,7925
7929,8017,7943
7930,7947,7948
7943,8017,7944
7930,7948,8018
7913,7914,7934
7914,7935,7934
7914,7925,7935
7925,7936,7935
7934,7935,8836
7935,8837,8836
7935,7936,8837
7936,8838,8837
7936,7945,8838
7921,7937,7938
7921,7938,7923
7923,7941,7932
7923,7938,7941
7937,8844,7938
7937,8843,8844
7938,8847,7941
7938,8844,8847
7941,8847,8860
7925,7943,7936
7936,7943,7945
7943,7944,7945
7945,7946,8857
7944,7946,7945
7932,7951,7947
7932,7941,7951
7947,7951,7953
7947,7953,7948
7941,8860,7951
7948,7953,8040
7951,8861,7953
7743,8018,8012
7929,8011,8017
7843,8012,8015
8011,8023,8014
7843,8015,8024
8011,8014,8017
8012,8021,8015
8012,8018,8021
7944,8017,8020
8018,8038,8021
8014,8020,8017
8015,8021,8046
7855,8024,8029
8015,8033,8024
8014,8023,8028
8014,8028,8032
8023,8026,8028
7855,8029,8027
8024,8033,8029
8014,8032,8020
8020,8032,8045
8015,8046,8033
8028,8511,8032
8029,8033,8530
8032,8511,8529
7944,8035,7946
7946,8035,8036
8035,8037,8036
8036,8037,8958
8037,8044,8958
7948,8038,8018
7944,8020,8035
8020,8045,8035
8021,8042,8046
8021,8038,8042
8035,8045,8037
7948,8040,8038
8038,8040,8962
8038,8962,8042
8033,8046,8051
8037,8045,8050
8032,8529,8045
8033,8051,8530
8045,8529,8050
8042,8048,8046
8037,8050,8044
8046,8048,8051
8051,8538,8530
8044,8050,8537
8048,8972,8051
8051,8972,8538
7830,8413,8412
7831,8415,8413
7845,8412,8414
7846,8419,8415
7847,8414,8418
7848,8421,8419
7849,8418,8420
8418,8502,8420
8026,8420,8503
8419,8421,8505
8413,8415,8427
8414,8426,8418
8412,8424,8414
8412,8413,8425
8415,8419,8504
8412,8425,8424
8413,8427,8425
8414,8424,8426
8420,8502,8503
8419,8505,8504
8418,8426,8502
8415,8504,8427
8424,8425,8515
8027,8507,8421
8026,8503,8506
8026,8506,8028
8027,8029,8512
8027,8512,8507
8421,8507,8505
8503,8521,8506
8504,8505,8523
8028,8506,8511
8029,8530,8512
8506,8524,8511
8506,8521,8524
8505,8507,8525
8511,8524,8532
8507,8512,8533
8507,8533,8525
8425,8427,8517
8426,8516,8502
8502,8520,8503
8427,8504,8522
8424,8514,8426
8424,8515,8514
8425,8517,8515
8426,8514,8516
8503,8520,8521
8504,8523,8522
8502,8516,8520
8427,8522,8517
8505,8525,8523
8521,8545,8524
8516,8580,8520
8517,8522,8546
8514,8582,8516
8514,8515,8583
8515,8517,8581
8515,8581,8583
8520,8544,8521
8522,8523,8547
8520,8580,8544
8516,8582,8580
8517,8546,8581
8522,8547,8546
8511,8532,8529
8512,8530,8536
8050,8529,8535
8529,8532,8535
8512,8536,8533
8532,8553,8535
8050,8535,8537
8530,8538,8536
8535,8541,8537
8536,8538,9486
8533,8536,8542
8535,8553,8541
8533,8542,8554
8536,9486,8542
8524,8548,8532
8524,8545,8548
8523,8525,8549
8532,8548,8553
8525,8533,8554
8525,8554,8549
8521,8544,8545
8523,8549,8547
8545,8588,8548
8541,8553,9496
8549,8554,9497
8548,9498,8553
8547,8549,9499
8553,9498,9496
8549,9497,9499
8548,8588,9498
8514,8583,8582
8544,8580,8592
8546,8587,8581
8581,8593,8583
8580,8582,8594
8582,8583,8595
8544,8586,8545
8546,8547,8589
8582,8595,8594
8583,8593,8595
8544,8592,8586
8581,8587,8593
8580,8594,8592
8545,8586,8588
8546,8589,8587
8547,9499,8589
8587,8589,9591
8593,9594,8595
8586,8592,9593
8586,9592,8588
8587,9595,8593
8592,8594,9602
8594,8595,9603
8836,8837,8839
8837,8838,8840
8838,8857,8841
8837,8840,8839
8839,8840,8866
8838,8841,8840
8841,8857,8842
8843,8850,8844
8844,8853,8847
8847,8854,8860
8843,8849,8850
8844,8850,8853
8847,8853,8854
7945,8857,8838
7946,8858,8857
7946,8036,8858
8036,8859,8858
8842,8857,8858
8842,8858,8878
8858,8859,8878
8859,8879,8878
8859,8960,8879
7951,8860,8861
7953,8864,8040
7953,8861,8864
8860,8886,8861
8854,8886,8860
8861,8886,8887
8861,8887,8864
8864,8890,8966
8840,8867,8866
8840,8841,8867
8841,8868,8867
8841,8842,8868
8841,8868,8868
8842,8878,8869
8842,8869,8868
8849,8871,8850
8849,8870,8871
8850,8874,8853
8850,8871,8874
8853,8874,8874
8853,8874,8875
8853,8875,8854
8854,8875,8892
8878,8881,8869
8878,8882,8881
8878,8879,8882
8879,8883,8882
8879,8960,8880
8879,8880,8883
8880,8884,8883
8880,8884,8884
8977,8885,8884
8880,8977,8884
8977,8978,8885
8978,9004,8885
8854,8892,8886
8886,8892,8893
8886,8893,8894
8886,8894,8887
8864,8887,8890
8890,8982,8966
8887,8895,8890
8887,8894,8895
8890,8895,8895
8890,8895,8900
8890,8900,8982
8982,8900,9005
8036,8958,8859
8044,8959,8958
8958,8959,8960
8859,8958,8960
8959,8961,8960
8959,8971,8961
8040,8864,8966
8040,8966,8962
8042,8962,8963
8962,8966,8967
8962,8967,8963
8963,8967,8980
8963,8980,8974
8044,8970,8959
8959,8970,8971
8970,9484,8971
8971,9484,8988
8988,9484,9505
8042,8963,8048
8048,8963,8974
8048,8974,8972
8044,8537,8970
8538,8972,9488
8972,8974,8992
8972,8992,9488
8880,8960,8961
8880,8961,8977
8961,8976,8977
8961,8971,8976
8976,8978,8977
8978,8979,9004
8976,8990,8978
8978,8990,8979
8979,8990,8991
8966,8982,8967
8967,8982,8983
8967,8983,8980
8974,8980,8996
8980,8983,8984
8982,9005,8983
8980,8984,8996
8984,9093,8996
8996,9093,8997
8971,8988,8976
8976,8988,8990
8988,8989,8990
8988,9505,8989
8989,8991,8990
8989,9506,8991
8991,9506,9107
8974,8996,8992
8992,8996,8997
8992,8993,9488
8992,8997,8993
8993,8997,9110
8993,9110,9510
8979,9083,9004
8979,9084,9083
9084,9085,9083
9084,9085,9085
8979,8991,9084
9084,9089,9085
9084,9107,9089
9089,9086,9085
9089,9090,9086
9090,9088,9086
9090,9087,9088
9090,9125,9087
8983,9005,9091
8983,9091,8984
8984,9095,9093
8984,9091,9095
9093,9095,9095
9093,9095,9096
8997,9093,9103
9093,9096,9103
9103,9096,9098
9103,9098,9104
9104,9098,9097
9104,9097,9119
8991,9107,9084
9089,9107,9108
9107,9506,9682
9107,9682,9108
9089,9108,9090
9090,9108,9109
9090,9109,9125
9108,9685,9109
8997,9103,9110
9103,9104,9110
9104,9112,9110
9110,9112,9510
9112,9686,9510
9104,9130,9112
9112,9130,9113
9112,9113,9686
9113,9134,9692
9125,9116,9087
9125,9126,9116
9126,9117,9116
9126,9117,9117
9126,9128,9117
9128,9118,9117
9128,17646,9118
17646,17634,9118
9104,9119,9130
9130,9119,9120
9130,9120,9131
9131,9120,9120
9131,9120,9123
9131,9123,9136
9136,9123,17638
9125,9127,9126
9109,9127,9125
9126,9127,9129
9126,9129,9128
9128,17648,17646
9128,9129,17648
9113,9130,9131
9131,9136,9134
9113,9131,9134
9136,17638,17653
9136,17653,9138
9134,9136,9138
9138,17653,17657
8537,9485,8970
8537,8541,9485
8970,9485,9484
8538,9488,9486
8542,9486,9491
8541,9493,9485
8542,9491,9494
9485,9490,9484
9486,9488,9508
9484,9490,9505
9486,9508,9491
9485,9493,9490
8542,9494,8554
8541,9496,9493
8554,9494,9497
9493,9496,9502
9496,9498,9599
9497,9503,9499
9490,9493,9517
9491,9515,9494
9494,9515,9518
9494,9518,9497
9497,9518,9503
9496,9599,9502
9493,9502,9517
8989,9505,9507
8989,9507,9506
9506,9507,9683
8993,9508,9488
8993,9510,9508
9508,9510,9512
9491,9508,9512
9490,9514,9505
9491,9512,9515
9505,9514,9507
9510,9686,9512
9512,9688,9515
9512,9686,9688
9507,9520,9683
9490,9517,9514
9515,9521,9518
9502,9611,9517
9503,9518,9524
9514,9517,9523
9518,9521,9524
9517,9611,9523
9507,9514,9520
9515,9688,9521
9514,9523,9520
9521,9696,9524
9520,9523,9779
8589,9499,9600
8588,9590,9498
9499,9503,9600
9498,9590,9599
8589,9600,9591
8588,9592,9590
8587,9591,9595
8592,9602,9593
8586,9593,9592
8593,9595,9594
8595,9594,9603
8594,9603,9602
9503,9612,9600
9502,9599,9614
9590,9616,9599
9590,9592,9623
9595,9624,9594
9591,9617,9595
9599,9616,9614
9591,9600,9615
9591,9615,9617
9590,9623,9616
9595,9617,9624
9594,9606,9603
9593,9602,9607
9602,9603,9608
9592,9593,9605
9593,9607,9605
9602,9608,9607
9603,9606,9608
9592,9605,9623
9594,9624,9606
9502,9614,9611
9600,9612,9615
9503,9524,9612
9614,9616,9628
9615,9621,9617
9523,9611,9782
9524,9780,9612
9612,9783,9615
9523,9782,9779
9612,9780,9783
9611,9614,9620
9615,9783,9621
9614,9628,9620
9611,9620,9782
9605,9632,9623
9607,9608,9635
9606,9633,9608
9605,9607,9634
9616,9623,9626
9617,9629,9624
9623,9632,9626
9606,9627,9633
9606,9624,9627
9607,9635,9634
9605,9634,9632
9608,9633,9635
9616,9626,9628
9617,9621,9629
9624,9629,9627
9626,9632,9793
9634,9635,9796
9633,9794,9635
9632,9634,9795
9627,9792,9633
9506,9683,9682
9108,9682,9685
9682,9683,9684
9682,9684,9685
9109,9685,9703
9684,9694,9685
9685,9694,9703
9686,9692,9688
9688,9692,9689
9113,9692,9686
9689,9692,9705
9689,9705,9698
9520,9695,9683
9521,9688,9689
9521,9689,9696
9683,9695,9684
9520,9779,9695
9524,9696,9780
9695,9779,9785
9696,9701,9780
9689,9698,9696
9684,9695,9700
9696,9698,9701
9684,9700,9694
9695,9785,9700
9701,9786,9780
9109,9703,9127
9127,9704,9129
9127,9703,9704
9694,9709,9703
9703,9709,9704
9129,9704,18313
9129,18313,17648
9704,9709,18322
9704,18322,18313
9134,9705,9692
9134,9138,9705
9138,9707,9705
9698,9705,9707
9698,9707,9710
9138,17657,9707
9707,17657,18316
9707,18316,9710
9710,18316,18324
9698,9710,9701
9694,9712,9709
9694,9700,9712
9700,9806,9712
9701,9713,9786
9701,9710,9713
9710,18324,9713
9709,18326,18322
9709,9712,18326
9713,18327,9807
9713,18324,18327
9712,18447,18326
9779,9782,9788
9780,9786,9783
9783,9786,9789
9621,9783,9789
9620,9800,9782
9782,9800,9788
9621,9789,9801
9779,9788,9785
9786,9807,9789
9785,9788,9809
9788,9800,9812
9789,9810,9801
9620,9628,9802
9621,9801,9629
9626,9791,9628
9627,9629,9803
9620,9802,9800
9629,9801,9803
9628,9791,9802
9627,9803,9792
9626,9793,9791
9633,9792,9794
9632,9795,9793
9634,9796,9795
9635,9794,9796
9801,9813,9803
9800,9802,9814
9792,9803,9815
9792,9819,9794
9791,9793,9820
9793,9795,9822
9794,9821,9796
9795,9796,9823
9791,9818,9802
9791,9820,9818
9792,9815,9819
9794,9819,9821
9793,9822,9820
9796,9821,9823
9795,9823,9822
9700,9785,9806
9713,9807,9786
9785,9809,9806
9789,9807,9810
9788,9812,9809
9801,9810,9813
9712,9806,18447
9807,18448,9810
9807,18327,18448
9806,18450,18447
9806,9809,18450
9810,18451,9813
9810,18448,18451
9809,18459,18450
9800,9814,9812
9803,9813,9815
9802,9818,9814
9818,9820,18465
9821,18466,9823
9820,9822,18467
9822,9823,18468
9819,18469,9821
9809,9812,18459
9812,9814,18462
9813,18460,9815
9813,18451,18460
9812,18462,18459
9815,18460,18463
9814,9818,18464
9815,18463,9819
9819,18463,18469
9818,18465,18464
9821,18469,18466
9820,18467,18465
9823,18466,18468
9822,18468,18467
9814,18464,18462
3920,3922,12556
3916,12547,3917
3917,12548,3919
3916,3918,12549
3919,12550,3921
3918,3920,12551
3920,12556,12551
3921,12552,3923
3923,12552,12557
3922,3928,12558
3923,12557,3929
3929,12559,3938
3922,12558,12556
3929,12557,12559
3928,12562,12558
3916,12549,12547
3917,12547,12548
3919,12548,12550
3918,12551,12549
3921,12550,12552
12551,12556,12568
12557,12569,12559
12556,12558,12570
3928,3937,12562
3938,12563,3941
3938,12559,12563
3937,12565,12562
3937,3940,12565
3941,12566,4028
3941,12563,12566
3940,12640,12565
12558,12562,12583
12559,12571,12563
12563,12584,12566
12562,12565,12586
12565,12652,12586
12566,12587,12641
12547,12574,12548
12548,12575,12550
12547,12549,12576
12550,12577,12552
12549,12551,12578
12551,12568,12578
12552,12579,12557
12574,12575,12548
12547,12576,12574
12550,12575,12577
12549,12578,12576
12552,12577,12579
12556,12570,12568
12557,12579,12569
12559,12569,12571
12575,12737,12577
12574,12736,12575
12574,12576,12738
12577,12739,12579
12576,12578,12744
12568,12742,12578
12569,12579,12745
12568,12570,12751
12569,12743,12571
12578,12742,12744
12569,12745,12743
12568,12751,12742
12571,12743,12752
12558,12583,12570
12563,12571,12584
12562,12586,12583
12566,12584,12587
12583,12586,12592
12571,12752,12584
12570,12583,12589
12570,12589,12751
12584,12752,12590
12583,12592,12589
12584,12590,12587
12587,12590,12593
3940,4027,12640
4028,12641,4030
4028,12566,12641
4027,12639,12640
4027,4021,12639
4030,12641,12643
12641,12653,12643
12565,12640,12652
12587,12653,12641
12640,12651,12652
12640,12639,12651
12643,12653,12655
4021,4034,12645
4021,12645,12639
4034,4732,13243
4034,13243,12645
12639,12645,12646
12639,12646,12651
12645,13245,12646
12645,13243,13245
12646,13245,13267
4030,12643,4038
4038,12643,12647
4038,12647,4742
4742,12647,13248
12643,12655,12647
12647,12655,12649
12647,12649,13248
12649,13252,13248
12649,12664,13252
12586,12652,12657
12587,12593,12653
12652,12651,12661
12652,12661,12657
12653,12658,12655
12655,12658,12666
12586,12657,12592
12593,12658,12653
12593,12841,12658
12592,12657,12843
12657,12661,12662
12658,12844,12666
12657,12662,12843
12666,12844,12667
12646,12660,12651
12651,12660,12661
12646,13267,12660
12660,12663,12661
12661,12663,12662
12660,13268,12663
12662,12663,12853
12649,12655,12666
12649,12666,12664
12664,12670,13270
12664,12666,12667
12664,12667,12670
12574,12738,12736
12577,12737,12739
12736,12737,12575
12576,12744,12738
12579,12739,12745
12743,12745,12749
12742,12754,12744
12743,12755,12752
12736,12738,12765
12737,12764,12739
12736,12763,12737
12739,12766,12745
12738,12744,12748
12745,12766,12749
12744,12754,12748
12743,12749,12755
12736,12765,12763
12739,12764,12766
12763,12764,12737
12738,12748,12765
12589,12760,12751
12742,12751,12756
12751,12760,12756
12590,12752,12757
12590,12761,12593
12589,12592,12840
12590,12757,12761
12589,12840,12760
12593,12761,12841
12742,12756,12754
12752,12755,12757
12761,12862,12841
12756,12760,12861
12757,12773,12761
12749,12766,12776
12748,12777,12765
12763,12769,12764
12764,12770,12766
12763,12765,12775
12765,12777,12775
12763,12775,12769
12769,12770,12764
12766,12770,12776
12748,12754,12779
12749,12778,12755
12754,12756,12772
12755,12780,12757
12757,12780,12773
12748,12779,12777
12755,12778,12780
12749,12776,12778
12754,12772,12779
12756,12861,12772
12761,12773,12862
12769,13834,12770
12770,13835,12776
12775,12777,13842
12776,13837,12778
12769,12775,13836
12777,12779,13840
12778,13843,12780
12772,12864,12779
12773,12780,13841
12773,12865,12862
12779,12864,13840
12773,13841,12865
12592,12843,12840
12658,12841,12844
12840,12843,12849
12843,12852,12849
12667,12844,12850
12760,12840,12846
12840,12849,12846
12841,12847,12844
12760,12846,12861
12841,12862,12847
12844,12847,12850
12846,12849,12874
12662,12853,12852
12852,12853,13365
12852,13365,12854
12662,12852,12843
12667,12855,12670
12667,12850,12855
12670,12855,12857
12849,12852,12854
12849,12854,12874
12850,12875,12855
12855,12875,12859
12855,12859,12857
12857,12859,13371
12859,12877,13371
12846,12870,12861
12772,12861,12866
12847,12862,12867
12847,12867,12871
12847,12871,12850
12846,12874,12870
12850,12871,12875
12772,12866,12864
12862,12865,12867
12861,12870,12866
12866,12870,13936
12867,13925,12871
12871,13925,13937
12870,12874,12879
12859,12875,12880
12854,12873,12874
12874,12873,12879
12859,12880,12877
12870,12879,13936
12871,13937,12875
12875,13937,12880
12873,13388,12879
12877,12880,13940
12879,13939,13936
12879,13388,13939
4732,13244,13243
4732,4734,13244
13243,13244,13246
13243,13246,13245
13245,13247,13267
13245,13246,13247
4742,13248,4746
13248,13252,13250
4746,13248,13250
4746,13250,4758
13252,13270,13254
13250,13252,13254
13254,13270,13255
4734,4752,13258
4734,13258,13244
13244,13258,13259
13244,13259,13246
13246,13259,13259
13246,13259,13260
13246,13260,13247
13247,13260,13278
13250,13261,4758
13250,13254,13261
13254,13263,13261
13254,13263,13263
13254,13255,13263
13255,13264,13263
13255,13284,13264
12660,13267,13268
13247,13276,13267
13267,13276,13268
13268,13276,13277
12663,13268,13269
12663,13269,12853
13268,13277,13269
13269,13282,13363
12664,13270,13252
12670,13271,13270
13255,13270,13271
13255,13271,13284
12670,12857,13271
12857,13274,13271
13271,13274,13284
13274,13285,13284
13274,13367,13285
13247,13278,13276
13276,13278,13279
13276,13279,13280
13276,13280,13277
13277,13280,13281
13269,13277,13282
13277,13281,13282
13282,13375,13363
13282,13281,13281
13282,13281,13283
13282,13283,13375
13375,13283,13304
13284,13288,13264
13284,13289,13288
13284,13285,13289
13285,13290,13289
13285,13296,13290
13285,13367,13296
13296,13291,13290
13296,13291,13291
13379,13298,13291
13296,13379,13291
13379,13380,13298
13380,13305,13298
12853,13269,13363
12853,13363,13365
13363,13364,13365
12854,13365,13366
13364,13366,13365
13364,13378,13366
13366,13378,13387
12857,13371,13274
13274,13371,13367
13367,13371,13372
12877,13372,13371
13367,13372,13368
13368,13372,13389
13363,13375,13364
13364,13375,13376
13364,13376,13378
13375,13304,13376
13376,13377,13378
13378,13393,13387
13377,13393,13378
13377,13486,13393
13393,13486,13394
13296,13367,13368
13296,13368,13379
13368,13385,13379
13380,13381,13305
13379,13385,13380
13368,13389,13385
13380,13385,13397
13380,13397,13381
13381,13397,13398
12854,13366,12873
12873,13366,13387
12873,13387,13388
13387,13395,13388
13388,13395,14226
12877,13391,13372
13372,13391,13389
12877,13940,13391
13388,14226,13939
13389,13391,14230
13389,14230,13401
13401,14230,14238
13387,13393,13395
13393,13394,13395
13394,13514,13396
13394,13396,13395
13395,13396,14226
13396,13514,14236
13385,13389,13401
13385,13401,13397
13397,13401,13402
13397,13402,13398
13401,14238,13402
13398,13402,14240
13398,14240,13517
13376,13304,13481
13376,13481,13377
13377,13482,13486
13377,13481,13482
13486,13482,13482
13486,13482,13483
13486,13483,13487
13394,13486,13487
13487,13483,13485
13487,13485,13488
13488,13485,13484
13488,13484,13505
13381,13489,13305
13381,13499,13489
13499,13491,13489
13499,13491,13491
13501,13492,13491
13499,13501,13491
13381,13398,13499
13499,13517,13501
13501,13502,13492
13502,13494,13492
13502,13493,13494
13502,13528,13493
13523,13505,13506
13488,13505,13523
13524,13506,13506
13523,13506,13524
13524,13506,13507
13524,13507,13525
13525,13507,17788
13528,13508,13493
13528,13529,13508
13529,13509,13508
13529,13509,13509
13532,13512,13509
13529,13532,13509
17831,17792,13512
13532,17831,13512
13394,13487,13514
13487,13488,13514
13488,13515,13514
13488,13523,13515
13515,13523,13516
13514,13515,14236
13515,14312,14236
13515,13516,14312
13516,13526,14313
13398,13517,13499
13501,13517,13519
13501,13519,13502
13502,13520,13528
13502,13519,13520
13517,14316,13519
13517,14240,14316
13519,14318,13520
13516,13523,13524
13524,13525,13526
13525,17788,17824
13525,17824,13527
13516,13524,13526
13525,13527,13526
13527,17824,17828
13528,13534,13529
13529,13536,13532
13532,17839,17831
13520,13534,13528
13529,13534,13536
13532,13536,17839
12769,13836,13834
12770,13834,13835
12777,13840,13842
12775,13842,13836
12776,13835,13837
12778,13837,13843
12780,13843,13841
13840,13929,13842
12865,13841,13931
13841,13843,13932
13834,13836,13848
13837,13849,13843
13836,13842,13930
13834,13846,13835
13835,13847,13837
13842,13929,13930
13841,13932,13931
13834,13848,13846
13846,13847,13835
13837,13847,13849
13836,13930,13848
13843,13849,13932
13846,13962,13847
12864,13927,13840
12864,12866,13924
12865,13928,12867
12865,13931,13928
12864,13924,13927
12866,13936,13924
12867,13928,13925
13840,13927,13929
13929,13953,13930
13928,13931,13955
13925,13928,13952
13924,13945,13927
13925,13952,13946
13927,13951,13929
13928,13955,13952
13927,13945,13951
12880,13937,13942
13924,13936,13941
13925,13946,13937
13937,13946,13942
13936,13939,13941
12880,13942,13940
13939,14227,13941
13940,13942,13949
13924,13941,13945
13942,13946,13967
13941,13948,13945
13941,14227,13948
13945,13948,13966
13942,13967,13949
13849,13961,13932
13846,13848,13960
13848,13930,13954
13931,13932,13956
13930,13953,13954
13931,13956,13955
13847,13963,13849
13849,13963,13961
13846,13960,13962
13962,13963,13847
13848,13954,13960
13932,13961,13956
13929,13951,13953
13952,13955,13973
13954,13972,13960
13956,13961,14003
13953,13971,13954
13955,13956,13974
13960,14002,13962
13962,14004,13963
13961,13963,14005
13962,14002,14004
13954,13971,13972
13960,13972,14002
13961,14005,14003
13956,14003,13974
13946,13952,13970
13945,13966,13951
13946,13970,13967
13951,13969,13953
13952,13973,13970
13951,13966,13969
13966,14247,13969
13949,13967,14248
13953,13969,13971
13955,13974,13973
13970,13973,14009
13967,13970,14250
13969,14247,14249
13967,14250,14248
13969,14249,13971
13970,14009,14250
14004,14005,13963
13972,14010,14002
13974,14003,14015
13971,14008,13972
13973,13974,14011
14002,14014,14004
14004,14016,14005
14003,14005,14017
14004,14014,14016
14016,14017,14005
14002,14010,14014
14003,14017,14015
13974,14015,14011
13971,14249,14008
13972,14008,14010
13973,14011,14009
14008,14412,14010
14010,14414,14014
14011,14015,14416
14014,14415,14016
14009,14011,14417
14015,14017,14434
14016,14433,14017
13391,13940,14228
13939,14226,14227
13391,14228,14230
13940,13949,14228
14227,14226,14235
14228,14233,14230
14230,14233,14238
13948,14227,14232
13948,14232,14244
13949,14245,14228
14227,14235,14232
14228,14245,14233
13396,14235,14226
13396,14236,14235
14235,14236,14237
14236,14312,14237
14237,14312,14314
13402,14238,14242
13402,14242,14240
14240,14242,14320
14232,14235,14237
14238,14257,14242
14232,14237,14256
14233,14257,14238
14237,14314,14256
14242,14260,14320
13948,14244,13966
13966,14244,14247
13949,14248,14245
14232,14256,14244
14233,14245,14263
14244,14256,14262
14245,14248,14254
14247,14253,14249
14248,14250,14410
14244,14262,14247
14247,14262,14253
14245,14254,14263
14248,14410,14254
14233,14263,14257
14256,14259,14262
14256,14314,14259
14242,14257,14260
14257,14266,14260
14259,14265,14262
14257,14263,14266
14253,14262,14265
14254,14422,14263
14263,14422,14266
14259,14333,14265
14260,14266,14522
14312,14313,14314
13516,14313,14312
14313,14315,14314
14313,14324,14315
14315,14324,14330
13519,14316,14318
14240,14320,14316
13520,14318,14326
14316,14320,14321
14316,14321,14318
14318,14331,14326
14318,14321,14331
13526,14324,14313
13526,13527,14324
13527,14325,14324
13527,17828,14325
14325,17828,19118
14324,14325,14330
14325,14339,14330
14325,19118,14339
14339,19118,19138
13520,14326,13534
13534,14328,13536
13534,14326,14328
13536,19122,17839
13536,14328,19122
14326,14340,14328
14326,14331,14340
14328,14340,19140
14328,19140,19122
14259,14314,14315
14260,14334,14320
14320,14334,14321
14259,14315,14333
14315,14330,14333
14330,14336,14333
14321,14334,14337
14321,14337,14331
14260,14522,14334
14265,14333,14521
14333,14336,14521
14334,14522,14525
14336,14524,14521
14334,14525,14337
14330,14339,14336
14331,14343,14340
14339,19138,14342
14340,19145,19140
14331,14337,14343
14336,14339,14342
14336,14342,14524
14337,14534,14343
14340,14343,19145
14342,19138,19144
14342,19144,14533
14343,19350,19145
14008,14249,14409
14249,14253,14409
14009,14413,14250
14008,14409,14412
14250,14413,14410
14253,14421,14409
14254,14410,14425
14010,14412,14414
14009,14417,14413
14014,14414,14415
14015,14434,14416
14016,14415,14433
14017,14433,14434
14011,14416,14417
14410,14413,14427
14409,14424,14412
14412,14424,14426
14410,14427,14425
14412,14426,14414
14414,14442,14415
14413,14417,14443
14414,14426,14442
14413,14443,14427
14253,14265,14421
14409,14421,14424
14254,14425,14422
14265,14521,14421
14266,14422,14528
14266,14528,14522
14421,14527,14424
14421,14521,14527
14424,14430,14426
14425,14427,14446
14424,14527,14430
14422,14425,14431
14422,14431,14528
14425,14446,14431
14415,14436,14433
14416,14434,14439
14433,14438,14434
14417,14416,14437
14416,14439,14437
14415,14442,14436
14417,14437,14443
14433,14436,14438
14438,14439,14434
14426,14445,14442
14427,14443,14448
14437,14452,14443
14436,14451,14438
14438,14453,14439
14437,14439,14454
14436,14442,14447
14436,14447,14451
14443,14452,14448
14426,14430,14445
14427,14448,14446
14442,14445,14447
14438,14451,14453
14437,14454,14452
14453,14454,14439
14447,14545,14451
14448,14452,14548
14451,14547,14453
14453,14549,14454
14452,14454,14550
14521,14524,14527
14524,14530,14527
14522,14528,14531
14522,14531,14525
14524,14533,14530
14430,14527,14530
14528,14540,14531
14431,14540,14528
14430,14530,14539
14525,14531,14537
14530,14536,14539
14531,14540,14555
14342,14533,14524
14337,14525,14534
14525,14537,14534
14343,14534,19350
14533,19144,19349
14533,19349,14536
14534,19356,19350
14530,14533,14536
14536,14554,14539
14531,14555,14537
14534,14537,19356
14536,19349,19355
14536,19355,14554
14537,19374,19356
14430,14539,14445
14431,14446,14542
14445,14539,14541
14431,14542,14540
14445,14541,14447
14446,14448,14546
14447,14541,14545
14446,14546,14542
14539,14554,14541
14541,14556,14545
14540,14542,14557
14451,14545,14547
14452,14550,14548
14448,14548,14546
14549,14550,14454
14453,14547,14549
14545,14560,14547
14545,14556,14560
14542,14546,14561
14546,14563,14561
14546,14548,14563
14547,14562,14549
14548,14550,14565
14549,14564,14550
14547,14560,14562
14548,14565,14563
14549,14562,14564
14564,14565,14550
14540,14557,14555
14541,14554,14556
14537,14555,19374
14554,19355,19373
14554,19373,14556
14555,14557,19383
14556,19373,19382
14555,19383,19374
14542,14561,14557
14560,19384,14562
14561,14563,19386
14562,19385,14564
14563,14565,19388
14564,19387,14565
14556,19382,14560
14560,19382,19384
14557,14561,19389
14557,19389,19383
14562,19384,19385
14563,19388,19386
14564,19385,19387
14565,19387,19388
14561,19386,19389
17647,17635,17634
17650,17636,17635
17647,17650,17635
17651,17637,17636
17650,17636,17636
17650,17651,17636
17651,17671,17637
17653,17638,17639
17653,17639,17654
17654,17639,17642
17654,17642,17661
17661,17642,17642
17661,17642,17643
17662,17643,17675
17661,17643,17662
17646,17647,17634
17646,17649,17647
17646,17648,17649
17647,17649,17652
17647,17652,17650
17650,17691,17651
17650,17652,17691
17653,17654,17657
17654,17661,17658
17654,17658,17657
17661,17662,17665
17658,17661,17665
17662,17694,17665
17671,17667,17637
17671,17668,17667
17671,17672,17668
17672,17670,17668
17674,17669,17669
17674,17669,17670
17911,17673,17669
17910,17543,17673
17674,17911,17669
17910,17673,17911
17672,17674,17670
17672,17922,17674
17684,17678,17677
17683,17675,17676
17683,17676,17678
17662,17675,17683
17683,17678,17684
17689,17677,17677
17689,17677,17687
17915,17687,17544
17689,17687,17915
17684,17677,17689
17684,17689,17698
17689,17915,17926
17651,17692,17671
17651,17691,17692
17652,18334,17691
17691,18335,17692
17671,17693,17672
17671,17692,17693
17672,17693,17922
17692,18572,17693
17692,18335,18572
17662,17683,17694
17683,17684,17695
17683,17695,17694
17694,17695,18338
17684,17698,17695
17689,17926,17698
17695,17698,18340
17698,18575,18340
17824,17788,17789
17824,17789,17825
17825,17789,17790
17825,17790,17826
17827,17791,17801
17826,17790,17790
17826,17790,17791
17826,17791,17827
17832,17793,17792
17835,17796,17793
17832,17835,17793
17836,17797,17796
17835,17796,17796
17835,17836,17796
17818,17797,17836
17806,17803,17800
17912,17804,17543
17807,17800,17800
17807,17800,17804
17807,17804,17912
17805,17802,17803
17805,17801,17802
17805,17803,17806
17805,17827,17801
17806,17800,17807
17806,17807,17845
17807,17912,17934
17914,17544,17816
17822,17808,17808
17916,17816,17808
17822,17808,17811
17914,17816,17916
17822,17916,17808
17818,17809,17797
17818,17810,17809
17818,17819,17810
17819,17811,17810
17819,17822,17811
17819,17938,17822
17824,17825,17828
17825,17826,17829
17826,17827,17830
17825,17829,17828
17826,17830,17829
17827,17846,17830
17831,17832,17792
17831,17840,17832
17832,17843,17835
17835,17850,17836
17831,17839,17840
17832,17840,17843
17835,17843,17850
17805,17846,17827
17805,17806,17847
17805,17847,17846
17807,17934,17845
17806,17845,17847
17846,17847,19126
17845,19127,17847
17845,19215,19127
17818,17836,17851
17836,17850,17851
17818,17848,17819
17819,17848,17938
17818,17851,17848
17843,19130,17850
17850,19132,17851
17848,17851,19218
17851,19132,19218
17910,17912,17543
17910,17911,17913
17674,17923,17911
17674,17922,17923
17911,17923,17913
17910,17935,17912
17910,17913,17935
17912,17935,17934
17913,17923,17946
17914,17915,17544
17914,17916,17920
17914,17927,17915
17915,17927,17926
17914,17920,17927
17822,17939,17916
17916,17939,17920
17822,17938,17939
17920,17939,17948
17693,17924,17922
17693,18572,17924
17922,17925,17923
17923,17925,17946
17922,17924,17925
17924,18593,17925
17926,17927,17930
17698,17926,18575
17926,17930,18575
17920,17931,17927
17927,17931,17930
17920,17948,17931
17930,17931,18579
17934,17935,17937
17913,17936,17935
17913,17946,17936
17935,17936,17937
17845,17934,19215
17934,17937,19215
17936,19216,17937
17848,17943,17938
17938,17942,17939
17939,17942,17948
17848,19218,17943
17938,17943,17942
17942,17943,19225
17925,17947,17946
17925,18593,17947
17936,17946,19224
17946,17947,19224
17936,19224,19216
17942,17950,17948
17931,17948,18594
17931,18594,18579
17948,17950,18594
17942,19225,17950
17947,18593,19937
17950,19225,19938
17648,18313,18314
17648,18314,17649
18313,18322,18323
18313,18323,18314
17649,18315,17652
17649,18314,18315
17652,18315,18334
18314,18323,18346
18314,18346,18315
17657,17658,18316
17658,18317,18316
18316,18317,18324
18317,18329,18324
17658,17665,18317
17665,18320,18317
17665,17694,18320
18317,18320,18329
18320,18347,18329
18324,18329,18327
18322,18331,18323
18322,18326,18331
18327,18332,18448
18327,18329,18332
18326,18453,18331
18329,18347,18332
18323,18349,18346
18323,18331,18349
18332,18347,18350
18331,18489,18349
18332,18350,18454
17691,18334,18335
18315,18336,18334
18315,18346,18336
18334,18337,18335
18334,18336,18337
17694,18338,18320
18320,18338,18347
18338,18342,18347
17695,18340,18338
18340,18575,18343
18338,18340,18342
18340,18343,18342
18342,18350,18347
18336,18346,18352
18346,18349,18352
18342,18353,18350
18349,18489,18495
18350,18353,18490
18342,18343,18353
18336,18581,18337
18343,18582,18353
18336,18352,18581
18349,18495,18352
18353,18496,18490
18353,18582,18496
18352,18495,18584
18326,18447,18453
18448,18454,18451
18332,18454,18448
18447,18456,18453
18447,18450,18456
18451,18457,18460
18451,18454,18457
18450,18474,18456
18331,18453,18489
18350,18490,18454
18454,18490,18457
18453,18456,18492
18456,18474,18501
18457,18493,18475
18450,18459,18474
18459,18462,18476
18460,18475,18463
18457,18475,18460
18459,18476,18474
18463,18475,18477
18463,18477,18469
18462,18464,18480
18462,18480,18476
18469,18477,18481
18464,18465,18482
18466,18483,18468
18465,18467,18484
18467,18468,18485
18469,18481,18466
18475,18502,18477
18474,18476,18503
18464,18482,18480
18466,18481,18483
18465,18484,18482
18468,18483,18485
18467,18485,18484
18477,18504,18481
18453,18492,18489
18490,18496,18493
18457,18490,18493
18456,18501,18492
18475,18493,18502
18489,18492,18498
18489,18498,18495
18493,18496,18499
18493,18499,18502
18492,18501,18678
18492,18678,18498
18499,18679,18502
18474,18503,18501
18476,18507,18503
18477,18502,18504
18476,18480,18507
18481,18508,18483
18481,18504,18508
18480,18482,18509
18483,18510,18485
18482,18484,18511
18484,18485,18512
18480,18509,18507
18483,18508,18510
18482,18511,18509
18485,18510,18512
18484,18512,18511
18501,18503,18690
18502,18679,18504
18503,18507,18692
18504,18691,18508
18501,18690,18678
18504,18679,18691
18503,18692,18690
18508,18691,18693
18507,18509,18696
18510,18697,18512
18508,18693,18510
18509,18511,18698
18511,18512,18699
18335,18573,18572
18335,18337,18573
17924,18572,18574
18572,18573,18574
17924,18574,18593
18343,18575,18577
17930,18577,18575
18343,18577,18582
18337,18587,18573
17930,18579,18577
18577,18579,18588
18573,18596,18574
18573,18587,18596
18579,18597,18588
18337,18581,18587
18577,18588,18582
18582,18588,18585
18352,18584,18581
18496,18582,18585
18581,18590,18587
18588,18597,18591
18581,18584,18590
18585,18588,18591
18585,18591,18682
18584,18602,18590
18591,18603,18682
18579,18594,18597
18574,18599,18593
18594,18600,18597
18574,18596,18599
18597,18600,18606
18593,18599,19937
17950,18600,18594
17950,19938,18600
18600,19938,19944
18596,19943,18599
18596,18605,19943
18600,19944,18606
18587,18605,18596
18591,18597,18606
18587,18590,18605
18591,18606,18603
18590,18602,18608
18590,18608,18605
18603,18609,18706
18605,19952,19943
18605,18608,19952
18606,19944,18609
18603,18606,18609
18602,18610,18608
18609,18611,18706
18496,18585,18499
18495,18498,18681
18495,18681,18584
18499,18585,18682
18498,18684,18681
18499,18682,18679
18498,18678,18684
18679,18682,18685
18679,18685,18691
18584,18681,18602
18681,18684,18705
18603,18685,18682
18678,18686,18684
18685,18687,18691
18678,18690,18686
18687,18693,18691
18690,18692,18702
18507,18696,18692
18510,18693,18697
18509,18698,18696
18512,18697,18699
18511,18699,18698
18686,18690,18702
18687,18703,18693
18692,18696,18717
18692,18717,18702
18693,18703,18697
18697,18703,18718
18696,18719,18717
18699,18718,18720
18698,18720,18719
18696,18698,18719
18697,18718,18699
18698,18699,18720
18602,18681,18705
18603,18706,18685
18684,18686,18708
18684,18708,18705
18685,18706,18687
18686,18702,18710
18687,18709,18703
18687,18706,18709
18686,18710,18708
18702,18711,18710
18703,18709,18713
18602,18705,18610
18705,18708,20015
18611,18709,18706
18610,18705,20015
18611,20016,18709
18708,18710,20017
18709,20016,18713
18710,18711,20021
18712,20022,18724
18711,18723,20023
18723,18724,20024
18713,20018,18712
18702,18717,18711
18703,18713,18718
18712,18720,18718
18713,18712,18718
18717,18719,18723
18719,18720,18724
18711,18717,18723
18712,18724,18720
18719,18724,18723
17828,17829,19118
17829,19119,19118
17829,17830,19119
17830,17846,19117
17830,19117,19119
19118,19119,19138
19119,19139,19138
19117,19139,19119
19117,19150,19139
17839,19123,17840
17839,19122,19123
17840,19120,17843
17843,19120,19130
17840,19123,19120
19122,19140,19142
19122,19142,19123
19120,19123,19151
19123,19142,19151
17846,19126,19117
17847,19127,19126
19127,19215,19129
19117,19126,19150
19126,19128,19150
19126,19127,19128
19127,19129,19128
17850,19130,19132
19130,19135,19132
19120,19134,19130
19120,19151,19134
19130,19134,19135
19138,19139,19144
19140,19148,19142
19139,19150,19147
19142,19154,19151
19140,19145,19148
19139,19147,19144
19144,19147,19349
19145,19353,19148
19142,19148,19154
19147,19150,19153
19147,19153,19352
19148,19362,19154
19134,19151,19157
19128,19153,19150
19128,19156,19153
19151,19154,19157
19128,19129,19156
19129,19233,19156
19134,19234,19135
19134,19157,19234
19153,19156,19361
19154,19362,19365
19156,19233,19364
19156,19364,19361
19154,19365,19157
19157,19365,19240
17937,19217,19215
19129,19215,19217
17937,19216,19217
19132,19222,19218
17943,19218,19220
17943,19220,19225
19218,19222,19220
19132,19135,19222
19129,19217,19233
19135,19237,19222
19216,19236,19217
19220,19222,19231
19216,19230,19236
19222,19237,19231
19216,19224,19230
19224,19227,19230
19220,19228,19225
17947,19227,19224
19225,19228,19938
17947,19937,19227
19227,19937,19946
19220,19231,19228
19227,19245,19230
19228,19231,19947
19227,19946,19245
19231,19246,19947
19217,19236,19233
19135,19234,19237
19233,19236,19239
19230,19242,19236
19234,19243,19237
19157,19240,19234
19233,19239,19364
19236,19242,19239
19234,19240,19243
19239,19242,19482
19242,19248,19482
19240,19249,19243
19230,19245,19242
19231,19237,19246
19237,19243,19246
19246,19965,19947
19245,19946,19251
19246,19252,19965
19242,19245,19248
19243,19252,19246
19243,19249,19252
19248,19251,19494
19245,19251,19248
19251,19253,19494
19249,19254,19252
19145,19350,19353
19147,19352,19349
19349,19352,19355
19350,19359,19353
19153,19361,19352
19148,19353,19362
19352,19361,19358
19350,19356,19359
19352,19358,19355
19355,19358,19373
19356,19377,19359
19353,19359,19368
19358,19367,19376
19359,19377,19404
19353,19368,19362
19361,19364,19367
19364,19370,19367
19362,19371,19365
19362,19368,19371
19358,19361,19367
19367,19403,19376
19359,19404,19368
19367,19370,19403
19368,19486,19371
19368,19404,19486
19370,19485,19403
19356,19374,19377
19358,19376,19373
19373,19376,19382
19374,19383,19379
19376,19378,19382
19374,19379,19377
19376,19403,19378
19377,19379,19406
19378,19384,19382
19378,19394,19384
19379,19383,19395
19383,19389,19395
19384,19394,19385
19389,19386,19397
19385,19396,19387
19386,19388,19399
19387,19398,19388
19378,19405,19394
19385,19394,19396
19386,19399,19397
19387,19396,19398
19398,19399,19388
19389,19397,19395
19377,19406,19404
19378,19403,19405
19379,19410,19406
19403,19485,19405
19404,19406,19507
19405,19485,19506
19404,19507,19486
19405,19506,19409
19406,19410,19509
19409,19506,19508
19406,19509,19507
19394,19405,19409
19394,19409,19396
19379,19395,19410
19395,19412,19410
19395,19397,19412
19396,19411,19398
19397,19399,19414
19398,19413,19399
19396,19409,19411
19398,19411,19413
19397,19414,19412
19413,19414,19399
19409,19508,19411
19410,19412,19516
19411,19515,19413
19412,19414,19518
19413,19517,19414
19239,19370,19364
19239,19482,19370
19240,19365,19483
19365,19371,19483
19371,19489,19483
19240,19483,19249
19248,19488,19482
19483,19489,19495
19370,19482,19485
19482,19488,19485
19371,19486,19489
19485,19488,19506
19488,19490,19506
19486,19491,19489
19249,19483,19495
19248,19494,19488
19249,19495,19254
19254,19495,20058
19253,19497,19494
19495,19498,20058
19253,20057,19497
19488,19494,19490
19489,19498,19495
19489,19491,19498
19490,19494,19497
19490,19497,19512
19491,19513,19502
19497,19499,19512
19491,19502,19498
19502,19513,19501
19497,20057,19499
19498,19502,20060
19499,20059,19500
19502,19501,20064
19500,20063,19527
19501,19528,20066
19527,20065,19528
19490,19508,19506
19486,19507,19491
19507,19509,19513
19490,19512,19508
19491,19507,19513
19508,19512,19515
19509,19516,19522
19509,19522,19513
19512,19521,19515
19516,19524,19522
19517,19521,19523
19523,19524,19518
19411,19508,19515
19412,19518,19516
19413,19515,19517
19517,19518,19414
19410,19516,19509
19515,19521,19517
19516,19518,19524
19517,19523,19518
19499,19521,19512
19501,19513,19522
19499,19500,19521
19500,19523,19521
19523,19527,19524
19522,19524,19528
19501,19522,19528
19500,19527,19523
19527,19528,19524
18599,19939,19937
19938,19940,19944
19937,19939,19946
19228,19940,19938
18599,19943,19939
19939,19943,19949
19943,19952,19949
19940,19953,19944
19228,19947,19940
19940,19947,19950
19939,19964,19946
19947,19965,19950
19940,19950,19953
19939,19949,19964
18608,19955,19952
18609,19944,19953
18608,18610,19955
18609,19953,18611
18611,19956,20016
18611,19953,19956
18610,19957,19955
19949,19952,19976
19950,19956,19953
19952,19955,19976
19950,19977,19956
19955,19978,19976
19956,19977,19959
19956,19959,20016
19955,19957,19978
19959,19980,19960
19251,19946,19964
19252,19968,19965
19949,19967,19964
19950,19965,19977
19949,19976,19967
19965,19968,19977
19967,19976,19969
19968,19980,19977
19251,19964,19253
19252,19254,19968
19253,19964,19967
19253,19967,20057
19254,19971,19968
19969,19978,19970
19968,19971,19980
19967,19969,20057
19959,19977,19980
19969,19976,19978
19957,19979,19978
19960,19980,19981
19957,19958,19979
19958,20027,19985
19986,20030,20028
19960,19981,20028
19958,19985,19979
19981,19986,20028
19987,20027,20029
19985,20027,19987
19987,20029,19988
19986,19988,20030
19970,19978,19979
19971,19981,19980
19979,19985,20069
19972,19986,19981
19970,19979,20069
19972,20070,19986
19985,20071,20069
19971,19972,19981
19986,20070,19988
19985,19987,20071
19987,19988,20072
19988,20070,20072
18708,20017,20015
18610,20015,19957
19958,20015,20017
19959,20018,20016
18710,20021,20017
18712,20018,20022
18711,20023,20021
18713,20016,20018
18724,20022,20024
18723,20024,20023
19957,20015,19958
19959,19960,20018
20017,20021,20027
20022,20028,20024
20021,20023,20029
20023,20024,20030
19960,20022,20018
19958,20017,20027
19960,20028,20022
20021,20029,20027
20023,20030,20029
20024,20028,20030
20029,20030,19988
19969,20059,20057
19254,20058,19971
19972,20058,20060
19498,20060,20058
19969,19970,20059
19971,20058,19972
19970,20069,20063
19972,20060,20070
19970,20063,20059
20060,20064,20070
20063,20069,20065
20065,20071,20066
20064,20066,20072
20064,20072,20070
20065,20069,20071
20071,20072,20066
19499,20057,20059
19500,20059,20063
19501,20066,20064
19502,20064,20060
19527,20063,20065
19528,20065,20066
19987,20072,20071
2556,2688,2738
2562,2954,2563
2563,2982,2568
2568,2983,2569
2556,2562,2557
2556,2740,2562
2557,2562,2563
2563,2568,2705
2557,2563,2705
2568,2706,2705
2568,2569,2706
2598,2604,2768
2598,2599,2605
2599,2717,2610
2598,2605,2604
2599,2610,2605
2611,2717,2718
2604,3638,2770
2604,2605,3651
2605,2610,3652
2610,2717,2611
2611,2718,3744
2610,2611,3653
2556,2689,2688
2556,2557,2689
2557,2705,2696
2557,2696,2689
2696,2705,2697
2598,2798,2688
2599,2688,2689
2598,2688,2599
2689,2696,2717
2599,2689,2717
2696,2718,2717
2696,2697,2718
2697,2706,2698
2569,2707,2706
2697,2705,2706
2569,3172,2707
2707,3172,2710
2710,3172,3173
2698,2706,2707
2698,2707,2725
2707,2710,2725
2710,3173,2728
2697,2719,2718
2697,2698,2719
2698,2722,2719
2698,2725,2722
2718,2719,3744
2719,3745,3744
2719,2722,3745
2710,2736,2725
2710,2728,2736
2722,2725,2731
2725,2736,2731
2731,2736,3755
2728,2737,2736
2736,2737,3755
2562,2740,3287
2740,2741,3295
2741,2742,3296
2556,2738,2740
2738,2739,2741
2738,2741,2740
2739,2742,2741
2739,2803,2742
2743,2803,2804
2742,2743,3297
2742,2803,2743
2743,2804,3447
2598,2768,2798
2768,2770,2769
2769,2771,2808
2768,2604,2770
2769,2770,2771
2771,2772,2808
2772,2809,2808
2770,4041,2771
2771,4044,2772
2772,4045,2773
2772,2773,2809
2738,2798,2739
2738,2688,2798
2739,2798,2799
2739,2799,2803
2800,2804,2803
2799,2800,2803
2800,2801,2804
2768,2799,2798
2769,2800,2799
2768,2769,2799
2769,2808,2800
2800,2808,2801
2801,2809,2802
2801,2805,2804
2804,2805,3447
2805,3448,3447
2801,2802,2805
2802,2806,2805
2802,2813,2806
2805,2806,3448
2801,2808,2809
2773,2810,2809
2802,2809,2810
2802,2810,2813
2810,2811,2813
2810,4121,2811
2773,4121,2810
2811,4121,4122
2811,4122,2815
2811,2816,2813
2806,2813,2814
2813,2816,2814
2814,2816,3463
2811,2815,2816
2816,2817,3463
2815,2817,2816
2954,2959,2982
2954,3288,2959
2959,2960,2982
2960,2983,2982
2960,2969,2983
2959,3290,2965
2960,2965,2966
2965,3070,2966
2966,3071,2974
2959,2965,2960
2960,2966,2969
2966,2974,2969
2969,2974,2992
2974,2975,2992
2562,3287,2954
2563,2954,2982
2568,2982,2983
2569,2983,2984
2969,2984,2983
2969,2992,2984
2984,2992,2987
2987,2992,2993
2569,2984,3172
2984,2987,3172
2987,2993,3176
2975,2993,2992
2975,2996,2993
2993,2996,2999
2996,3096,2999
2993,2999,3176
2999,3096,3185
3096,3102,3185
2965,3367,3070
2966,3070,3071
2974,3071,3072
3070,3085,3071
3071,3086,3072
3070,3372,3085
3071,3085,3086
3072,3086,3087
3072,3087,3077
2974,3072,2975
2975,3072,3077
2975,3077,2996
2996,3077,3078
3077,3092,3078
3085,7684,3086
3086,7685,3087
3077,3087,3092
3085,8053,7684
3086,7684,7685
3087,7685,7686
3087,7686,3092
3092,7686,7687
3078,3092,3093
3092,7687,3093
3093,7687,7699
3093,7699,3108
2996,3078,3096
3078,3099,3096
3078,3093,3099
3099,3108,3105
3096,3099,3102
3099,3105,3102
3093,3108,3099
3108,7699,7723
3108,7723,3111
3105,3108,3111
3105,3111,3260
3111,7723,7729
3111,7729,3266
2987,3173,3172
3173,3176,3179
2987,3176,3173
3176,3182,3179
2728,3173,3179
3179,3182,3195
2999,3182,3176
2999,3185,3182
3182,3185,3188
3102,3191,3185
3182,3188,3195
3185,3191,3188
3188,3191,3205
2728,3179,3198
3179,3195,3198
2728,3198,2737
2737,3198,4435
3198,3200,4435
3195,3200,3198
3195,3207,3200
3188,3207,3195
3188,3205,3207
3191,3275,3205
3205,4444,3207
3205,3275,3209
3205,3209,4444
3102,3105,3257
3102,3257,3191
3105,3260,3257
3191,3257,3275
3257,3276,3275
3257,3260,3276
3260,3262,3276
3111,3266,3260
3260,3266,3262
3266,7729,7917
3266,7917,3268
3262,3266,3268
3268,7917,7922
3275,3276,3278
3276,3280,3278
3262,3280,3276
3262,3286,3280
3209,3275,3278
3278,3280,4555
3280,3286,4556
3262,3268,3286
3268,3284,3286
3268,7922,3284
3284,7922,7939
3284,4565,3286
3286,4565,4556
3284,4567,4565
3284,7939,4567
4567,7939,8845
2954,3287,3288
3287,3295,3289
3287,3289,3288
3289,3295,3292
3288,3291,3290
2965,3290,3367
3290,3291,3368
3291,3293,3369
2959,3288,3290
3288,3289,3291
3289,3293,3291
3289,3292,3293
3292,3299,3294
3292,3294,3293
3294,3299,3301
2740,3295,3287
2741,3296,3295
2742,3297,3296
3292,3295,3296
3296,3297,3299
3292,3296,3299
3297,3300,3299
3297,3298,3300
2743,3298,3297
2743,3447,3298
3298,3447,3449
3298,3449,3302
3299,3300,3301
3300,3377,3301
3298,3302,3300
3302,3449,3455
3300,3302,3377
3302,3379,3377
3302,3455,3379
3290,3368,3367
3291,3369,3368
3070,3367,3372
3367,3368,3373
3367,3373,3372
3368,3374,3373
3368,3369,3374
3369,3375,3374
3293,3294,3370
3293,3370,3369
3294,3301,3371
3294,3371,3370
3369,3370,3375
3370,3371,3376
3085,3372,8053
3372,3373,8054
3373,3374,8055
3372,8054,8053
3373,8055,8054
3374,8056,8055
3374,3375,8056
3370,3376,3375
3375,3376,8060
3375,8060,8056
3376,8068,8060
3301,3378,3371
3301,3377,3378
3371,3378,3385
3377,3380,3378
3377,3379,3380
3378,3380,3386
3371,3385,3376
3378,3386,3385
3376,3385,8068
3385,8070,8068
3380,3523,3386
3385,3386,8070
3386,8248,8070
3447,3448,3449
3448,3454,3449
3448,3450,3454
2806,3450,3448
2806,2814,3450
3450,3456,3454
3450,3462,3456
3449,3454,3455
3454,3457,3455
3455,3457,3517
3454,3456,3457
3456,3527,3457
2814,3462,3450
2814,3463,3462
3462,3463,3469
2817,3464,3463
3463,3464,3469
3456,3462,3468
3462,3469,3468
3456,3468,3527
3468,3529,3527
3468,3469,3470
3464,4772,3469
3469,4772,3470
3468,3470,3529
3379,3455,3517
3379,3517,3518
3379,3518,3380
3457,3528,3517
3457,3527,3528
3517,3519,3518
3517,3528,3519
3380,3518,3523
3518,3524,3523
3386,3523,8248
3523,8250,8248
3518,3519,3524
3523,3524,8250
3527,3530,3528
3519,3528,3536
3528,3530,3536
3527,3529,3530
3529,4839,3530
3519,3535,3524
3519,3536,3535
3524,3535,8262
3524,8262,8250
3535,3536,4845
3530,4844,3536
3536,4844,4845
3535,9140,8262
3535,4845,9140
3638,3643,4041
3638,3651,3644
3638,3644,3643
3644,3651,3659
2604,3651,3638
2605,3652,3651
2610,3653,3652
2611,3744,3656
2611,3656,3653
3656,3744,3751
3651,3652,3659
3652,3653,3676
3652,3676,3659
3653,3656,3677
3653,3677,3676
3656,3751,3680
3643,3665,3664
3643,3664,4042
3643,3644,3665
3644,3659,3670
3644,3670,3665
3659,3676,3671
3664,3880,4049
3664,3665,3881
3665,3670,3882
3659,3671,3670
3671,3676,3683
3676,3677,3683
3656,3680,3677
3680,3751,3769
3677,3891,3683
3677,3680,3891
3680,3769,3894
3680,3894,3891
3744,3745,3751
2722,3748,3745
2722,2731,3748
3745,3748,3763
3745,3763,3751
3748,3766,3763
3748,3758,3766
2731,3758,3748
2731,3755,3758
2737,3760,3755
3755,3777,3758
3755,3760,3777
3751,3763,3769
3763,3772,3769
3763,3766,3772
3769,3772,4002
3766,4014,3772
3758,3779,3766
3758,3777,3779
3760,4457,3777
3777,3781,3779
3777,4457,3781
3766,3779,4014
3779,4017,4014
3779,3781,4017
3664,3881,3880
3665,3882,3881
3670,3671,3887
3671,3683,3888
3670,3887,3882
3671,3888,3887
3880,3907,4191
3880,3881,3908
3881,3882,3909
3880,3908,3907
3881,3909,3908
3882,3914,3909
3882,3887,3914
3887,3888,3915
3683,3891,3897
3683,3897,3888
3891,3894,3900
3891,3900,3897
3888,3897,3933
3897,3900,3936
3907,3924,4204
3907,3908,3925
3908,3909,3926
3887,3915,3914
3907,3925,3924
3908,3926,3925
3909,3914,3927
3909,3927,3926
3914,3915,3930
3914,3930,3927
3915,3939,3930
3888,3933,3915
3897,3936,3933
3900,4024,3936
3915,3933,3939
3933,3942,3939
3933,3936,3942
3936,4029,3942
3769,4002,3894
3894,4002,4005
3772,4015,4002
3772,4014,4015
3894,4005,3900
4002,4007,4005
4002,4015,4007
4014,4019,4015
4014,4017,4019
4007,4015,4036
4015,4019,4036
4017,4703,4019
3900,4005,4024
4005,4026,4024
4005,4007,4026
3936,4024,4029
4024,4031,4029
4024,4026,4031
4007,4036,4039
4007,4039,4026
4019,4736,4036
4036,4743,4039
4036,4736,4743
4026,4039,4040
4026,4040,4031
4039,4743,4744
4039,4744,4040
4041,4042,4044
4041,3643,4042
4043,4045,4044
4042,4043,4044
4043,4048,4045
2770,3638,4041
2771,4041,4044
2772,4044,4045
2773,4045,4046
2773,4046,4121
4046,4047,4121
4045,4048,4046
4046,4053,4047
4046,4048,4053
4047,4053,4054
4047,4054,4124
4042,3664,4049
4043,4049,4050
4042,4049,4043
4043,4050,4048
4048,4050,4051
4048,4051,4053
4049,4191,4050
4050,4192,4051
4051,4052,4053
4052,4054,4053
4054,4055,4124
4052,4056,4054
4054,4056,4055
4056,4196,4055
4055,4196,4136
4136,4196,4197
4047,4122,4121
4122,4124,4123
2815,4122,4123
4047,4124,4122
4123,4124,4134
4123,4134,4129
2815,4123,4128
2815,4128,2817
2817,4128,4768
4128,4130,4768
4123,4129,4128
4128,4129,4130
4129,4142,4130
4055,4134,4124
4055,4136,4134
4134,4136,4135
4129,4134,4135
4136,4197,4137
4135,4136,4137
4135,4137,4143
4129,4135,4142
4135,4143,4142
4142,4143,4781
4137,4312,4143
4143,4144,4781
4143,4312,4144
4049,3880,4191
4050,4191,4192
4051,4192,4193
4051,4193,4052
4052,4194,4056
4052,4193,4194
4056,4194,4195
4191,4204,4192
4192,4205,4193
4191,3907,4204
4192,4204,4205
4193,4206,4194
4193,4205,4206
4194,4207,4195
4056,4195,4196
4195,4198,4196
4196,4198,4197
4195,4208,4198
4198,4214,4199
4197,4198,4199
4194,4206,4207
4204,4209,4205
4205,4210,4206
4195,4207,4208
4204,3924,4209
4205,4209,4210
4206,4210,4211
4206,4211,4207
4207,4211,4212
4207,4212,4208
4208,4213,4214
4208,4212,4213
4198,4208,4214
4199,4214,4215
4199,4215,4307
4214,4216,4215
4213,4216,4214
4215,4217,4320
4215,4216,4217
4137,4197,4306
4197,4199,4306
4137,4306,4312
4306,4313,4312
4199,4307,4306
4306,4307,4313
4307,4308,4313
4312,4313,4314
4313,4315,4314
4144,4312,4314
4314,4315,4937
4308,4315,4313
4308,4328,4315
4315,4328,4938
4215,4320,4307
4307,4320,4308
4308,4320,4321
4320,4322,4321
4217,4322,4320
4321,4322,4323
4308,4321,4328
4321,4329,4328
4328,4958,4938
4328,4329,4958
4329,4961,4958
4321,4323,4329
4323,4330,4329
4329,4330,4961
4330,4962,4961
2737,4435,3760
3200,3207,4445
3200,4437,4435
3200,4445,4437
3760,4435,4456
4435,4437,4456
3207,4444,4445
3209,4449,4444
3209,4558,4449
4444,4448,4445
4437,4445,4467
4445,4448,4467
4444,4449,4448
3760,4456,4457
4456,4461,4457
4437,4460,4456
4456,4460,4461
3781,4457,4699
4457,4461,4699
4437,4467,4460
4448,4449,4471
4448,4473,4467
4448,4471,4473
4460,4467,4472
4460,4713,4461
4460,4472,4713
4467,4473,4472
4471,4767,4473
3209,3278,4558
3278,4555,4558
3280,4556,4555
4555,4586,4558
4449,4558,4583
4555,4556,4587
4555,4587,4586
4556,4570,4587
4556,4565,4570
4565,4567,4571
4567,8845,4573
4565,4571,4570
4567,4573,4571
4573,8845,8851
4449,4583,4471
4558,4586,4583
4583,4586,4597
4570,4595,4587
4586,4587,4594
4587,4595,4596
4587,4596,4594
4471,4583,4589
4583,4597,4589
4583,4597,4597
4471,4589,4767
4586,4594,4597
4570,4571,4603
4571,4604,4603
4571,4604,4604
4570,4603,4595
4571,4573,4604
4573,4606,4604
4573,8851,4606
8851,8872,4606
3781,4702,4017
3781,4699,4702
4461,4718,4699
4699,4719,4702
4699,4718,4719
4017,4702,4703
4019,4703,4736
4702,4739,4703
4702,4719,4739
4461,4713,4718
4713,4724,4718
4472,4473,4715
4472,4725,4713
4473,4767,4715
4472,4715,4725
4713,4725,4724
4713,4725,4725
4718,4724,4727
4718,4727,4719
4719,4727,4726
4719,4726,4755
4703,4740,4736
4703,4739,4740
4736,4740,4747
4736,4747,4743
4743,4748,4744
4743,4747,4748
4747,4760,4748
4719,4755,4739
4739,4756,4740
4740,4756,4756
4739,4755,4756
4740,4759,4747
4740,4756,4759
4747,4759,4760
2817,4768,3464
3464,4768,4773
4130,4769,4768
4130,4142,4780
4130,4780,4769
4768,4769,4773
3464,4773,4772
4772,4773,4775
3470,4772,4840
4769,4774,4773
4773,4774,4775
4772,4775,4840
4142,4781,4780
4769,4780,4788
4780,4781,4782
4780,4782,4788
4144,4783,4781
4144,4936,4783
4781,4783,4782
4769,4788,4774
4774,4854,4775
4774,4788,4789
4774,4789,4854
4782,4791,4788
4782,4783,4790
4782,4790,4791
4788,4791,4789
4790,5050,4791
3470,4838,3529
3470,4840,4838
3529,4838,4839
3530,4839,4844
4838,4840,4856
4775,4855,4840
4840,4855,4856
4838,4846,4839
4838,4856,4846
4839,4847,4844
4844,4848,4845
4845,9143,9140
4839,4846,4847
4844,4847,4848
4845,4848,9143
4848,9160,9143
4775,4854,4855
4854,4858,4855
4855,4858,4860
4855,4860,4856
4856,4860,4859
4856,4859,4870
4789,4861,4854
4789,4791,4857
4854,4861,4858
4789,4857,4861
4854,4861,4861
4791,5050,4857
4846,4856,4870
4846,4871,4847
4847,4871,4871
4846,4870,4871
4847,4872,4848
4847,4871,4872
4848,4872,9160
4144,4314,4936
4314,4937,4936
4783,4936,4942
4936,4937,4944
4315,4938,4937
4937,4938,4945
4937,4945,4944
4938,4959,4945
4783,4942,4790
4936,4944,4942
4942,4944,4947
4790,4942,4943
4790,4943,5050
4942,4947,4943
4942,4947,4947
4944,4945,4946
4945,4959,4948
4945,4949,4946
4945,4948,4949
4944,4946,4947
4938,4958,4959
4958,4961,4960
4958,4960,4959
4961,4962,4963
4960,4961,4963
4962,4964,4963
4959,4960,4972
4959,4972,4948
4960,4973,4972
4960,4973,4973
4960,4963,4973
4963,4974,4973
4963,4964,4974
4964,4975,4974
7684,7694,7685
7685,7695,7686
7686,7696,7687
7687,7696,7704
7684,8057,7694
7685,7694,7695
7686,7695,7696
7687,7704,7699
7699,7704,7705
7699,7705,7723
7704,7719,7705
7694,7712,7695
7695,7713,7696
7694,8063,7712
7695,7712,7713
7696,7714,7704
7696,7713,7714
7712,7813,7713
7713,7814,7714
7704,7714,7719
7705,7719,7720
7714,7819,7719
7719,7819,7820
7719,7820,7720
7720,7820,7835
7705,7726,7723
7723,7726,7729
7705,7720,7726
7726,7735,7732
7726,7732,7729
7729,7732,7917
7732,7741,7920
7720,7735,7726
7720,7835,7735
7735,7835,7738
7732,7735,7741
7735,7738,7741
7738,7744,7741
7712,8168,7813
7713,7813,7814
7714,7814,7819
7813,7828,7814
7819,7823,7820
7820,7840,7835
7814,7829,7819
7819,7829,7823
7813,8173,7828
7814,7828,7829
7820,7823,7840
7828,7832,7829
7823,7829,7851
7828,8175,7832
7829,7832,7851
7738,7835,7841
7835,7840,7841
7738,7844,7744
7738,7841,7844
7744,7844,8013
7841,7856,7844
7844,8025,8013
7823,7852,7840
7823,7851,7852
7840,7852,7853
7840,7853,7841
7841,7853,7856
7832,8416,7851
7851,8417,7852
7852,8422,7853
7844,7856,8025
7853,8423,7856
7856,8030,8025
7856,8423,8030
7732,7920,7917
7917,7920,7922
7741,7928,7920
7920,7928,7924
7920,7924,7922
7924,7928,7933
7741,7744,7928
7744,7931,7928
7744,8013,7931
7928,7931,7933
7931,7949,7933
7931,8019,7949
7949,8019,7950
7922,7924,7939
7924,7940,7939
7924,7933,7940
7933,7942,7940
7939,7940,8845
7940,8846,8845
7940,7942,8846
7942,8848,8846
7942,7952,8848
7933,7949,7942
7942,7949,7952
7949,7950,7952
7952,7954,8862
7950,7954,7952
7931,8013,8019
8013,8025,8016
8013,8016,8019
7950,8019,8022
8016,8022,8019
8016,8025,8031
8016,8031,8034
8025,8030,8031
8016,8034,8022
8022,8034,8047
8031,8513,8034
8034,8513,8531
7950,8022,8039
7950,8039,7954
8022,8047,8039
8039,8047,8043
7954,8039,8041
8039,8043,8041
8041,8043,8964
8043,8049,8964
8043,8047,8052
8034,8531,8047
8047,8531,8052
8043,8052,8049
8049,8052,8540
7684,8053,8057
8053,8054,8058
8054,8055,8059
8055,8056,8061
8055,8061,8059
8053,8058,8057
8054,8059,8058
8059,8061,8066
8056,8060,8062
8056,8062,8061
8060,8069,8062
8061,8062,8067
7694,8057,8063
8057,8058,8064
8057,8064,8063
8058,8065,8064
8058,8059,8065
8059,8066,8065
7712,8063,8168
8063,8064,8169
8064,8065,8170
8061,8067,8066
8065,8066,8171
8065,8171,8170
8066,8067,8176
8066,8176,8171
8060,8068,8069
8068,8071,8069
8062,8069,8076
8068,8070,8071
8070,8249,8071
8069,8071,8078
8071,8256,8078
8062,8076,8067
8069,8078,8076
8067,8077,8176
8067,8076,8077
8076,8078,8079
8076,8079,8077
8063,8169,8168
8064,8170,8169
7813,8168,8173
8168,8169,8174
8170,8171,8177
8169,8170,8172
8168,8174,8173
8169,8172,8174
8170,8177,8172
7828,8173,8175
8172,8182,8174
8173,8174,8181
8174,8182,8181
8173,8181,8175
8171,8176,8178
8077,8179,8176
8176,8179,8178
8171,8178,8177
8077,8079,8318
8077,8318,8179
8178,8179,8326
8172,8177,8183
8172,8183,8182
8177,8178,8184
8177,8184,8183
7832,8175,8598
8175,8181,8599
8181,8182,8600
8182,8183,8601
8178,8326,8184
8183,8184,8327
8183,8327,8601
8070,8248,8249
8248,8251,8249
8071,8249,8256
8249,8258,8256
8248,8250,8251
8249,8251,8258
8078,8256,8257
8078,8257,8079
8079,8257,8320
8256,8258,8268
8256,8268,8257
8257,8268,8269
8257,8269,8320
8250,8262,8263
8250,8263,8251
8251,8264,8258
8251,8263,8264
8262,9141,8263
8262,9140,9141
8263,9142,8264
8263,9141,9142
8264,9142,9154
8258,8270,8268
8258,8264,8270
8268,8270,8271
8268,8271,8269
8264,9154,8270
8269,8271,8334
8270,9155,8271
8079,8320,8318
8179,8318,8319
8179,8319,8326
8318,8321,8319
8318,8320,8321
8320,8333,8321
8319,8321,8339
8184,8326,8328
8319,8329,8326
8184,8328,8327
8326,8329,8328
8319,8339,8329
8328,8329,8638
8269,8333,8320
8321,8335,8339
8321,8333,8335
8269,8334,8333
8333,8334,9254
8333,9254,8335
8329,8339,8341
8329,8341,8638
8335,8340,8339
8339,8340,8341
8341,8641,8638
8340,9262,8341
8341,9262,8641
7832,8598,8416
7851,8416,8417
7852,8417,8422
7853,8422,8423
8422,8508,8423
8030,8423,8509
8417,8429,8422
8416,8428,8417
8416,8602,8428
8417,8428,8429
8423,8508,8509
8422,8429,8508
8030,8509,8510
8030,8510,8031
8509,8527,8510
8031,8510,8513
8510,8528,8513
8510,8527,8528
8513,8528,8534
8429,8519,8508
8508,8526,8509
8428,8518,8429
8428,8633,8518
8429,8518,8519
8509,8526,8527
8508,8519,8526
8527,8551,8528
8519,8584,8526
8518,8585,8519
8526,8550,8527
8526,8584,8550
8519,8585,8584
8513,8534,8531
8052,8531,8539
8531,8534,8539
8534,8555,8539
8052,8539,8540
8539,8543,8540
8539,8555,8543
8528,8552,8534
8528,8551,8552
8534,8552,8555
8527,8550,8551
8551,8591,8552
8543,8555,9500
8552,9501,8555
8555,9501,9500
8552,8591,9501
8518,8719,8585
8550,8584,8596
8584,8585,8597
8550,8590,8551
8585,8723,8597
8550,8596,8590
8584,8597,8596
8551,8590,8591
8590,8596,9598
8590,9597,8591
8596,8597,9604
8175,8599,8598
8181,8600,8599
8182,8601,8600
8600,8601,8629
8598,8599,8603
8416,8598,8602
8599,8600,8628
8598,8603,8602
8600,8629,8628
8599,8628,8603
8428,8602,8633
8327,8630,8601
8327,8328,8631
8327,8631,8630
8601,8630,8629
8628,8629,8636
8328,8638,8631
8629,8630,8637
8630,8631,8639
8630,8639,8637
8602,8603,8634
8603,8628,8635
8602,8634,8633
8628,8636,8635
8603,8635,8634
8629,8637,8636
8634,8635,8648
8518,8633,8719
8633,8634,8718
8633,8718,8719
8635,8636,8649
8634,8648,8718
8635,8649,8648
8631,8638,8640
8631,8640,8639
8638,8641,8640
8640,8641,9827
8639,8640,8642
8639,8642,8651
8640,9827,8642
8636,8637,8650
8637,8639,8651
8637,8651,8650
8636,8650,8649
8650,8651,9834
8649,8650,9835
8650,9834,9835
8648,8720,8718
8718,8722,8719
8585,8719,8723
8648,8649,8721
8719,8722,8723
8718,8720,8722
8648,8721,8720
8649,9835,8721
8720,8721,9897
8722,9899,8723
8720,9898,8722
8597,8723,9901
8845,8846,8851
8846,8848,8852
8848,8862,8855
8846,8852,8851
8851,8852,8872
8848,8855,8852
8855,8862,8856
7952,8862,8848
7954,8863,8862
7954,8041,8863
8041,8865,8863
8856,8862,8863
8856,8863,8888
8863,8865,8888
8865,8889,8888
8865,8968,8889
8852,8873,8872
8852,8855,8873
8855,8876,8873
8855,8856,8876
8855,8876,8876
8856,8888,8877
8856,8877,8876
8888,8896,8877
8888,8897,8896
8888,8889,8897
8889,8898,8897
8889,8968,8891
8889,8891,8898
8891,8899,8898
8891,8899,8899
8985,8901,8899
8891,8985,8899
8985,8986,8901
8986,9006,8901
8041,8964,8865
8049,8965,8964
8964,8965,8968
8865,8964,8968
8965,8969,8968
8965,8975,8969
8049,8973,8965
8049,8540,8973
8965,8973,8975
8973,9489,8975
8975,9489,8994
8994,9489,9509
8891,8968,8969
8891,8969,8985
8969,8981,8985
8969,8975,8981
8981,8986,8985
8986,8987,9006
8981,8998,8986
8986,8998,8987
8987,8998,8999
8975,8994,8981
8981,8994,8998
8994,8995,8998
8994,9509,8995
8995,8999,8998
8995,9511,8999
8999,9511,9111
8987,9092,9006
8987,9094,9092
9094,9099,9092
9094,9099,9099
8987,8999,9094
9094,9105,9099
9094,9111,9105
9105,9100,9099
9105,9106,9100
9106,9102,9100
9106,9101,9102
9106,9132,9101
8999,9111,9094
9105,9111,9114
9111,9511,9687
9111,9687,9114
9105,9114,9106
9106,9114,9115
9106,9115,9132
9114,9693,9115
9132,9121,9101
9132,9133,9121
9133,9122,9121
9133,9122,9122
9133,9137,9122
9137,9124,9122
9137,17655,9124
17655,17640,9124
9132,9135,9133
9115,9135,9132
9133,9135,9139
9133,9139,9137
9137,17659,17655
9137,9139,17659
9140,9144,9141
9141,9145,9142
9142,9146,9154
9140,9143,9144
9141,9144,9145
9142,9145,9146
8270,9154,9155
8271,9156,8334
8271,9155,9156
9154,9168,9155
9146,9168,9154
9155,9168,9169
9155,9169,9156
9156,9170,9256
9143,9161,9144
9143,9160,9161
9144,9162,9145
9144,9161,9162
9145,9162,9162
9145,9162,9163
9145,9163,9146
9146,9163,9171
9146,9171,9168
9168,9171,9172
9168,9172,9173
9168,9173,9169
9156,9169,9170
9170,9267,9256
9169,9174,9170
9169,9173,9174
9170,9174,9174
9170,9174,9175
9170,9175,9267
9267,9175,9324
8334,9156,9256
8334,9256,9254
8335,9254,9255
9254,9256,9257
9254,9257,9255
9255,9257,9266
9255,9266,9263
8335,9255,8340
8340,9255,9263
8340,9263,9262
8641,9262,9828
9262,9263,9274
9262,9274,9828
9256,9267,9257
9257,9267,9268
9257,9268,9266
9263,9266,9276
9266,9268,9269
9267,9324,9268
9266,9269,9276
9269,9331,9276
9276,9331,9277
9263,9276,9274
9274,9276,9277
9274,9275,9828
9274,9277,9275
9275,9277,9346
9275,9346,9841
9268,9324,9330
9268,9330,9269
9269,9332,9331
9269,9330,9332
9331,9332,9332
9331,9332,9333
9277,9331,9336
9331,9333,9336
9336,9333,9335
9336,9335,9337
9337,9335,9334
9337,9334,9352
9277,9336,9346
9336,9337,9346
9337,9347,9346
9346,9347,9841
9347,9977,9841
9337,9358,9347
9347,9358,9348
9347,9348,9977
9348,9360,9980
9337,9352,9358
9358,9352,9353
9358,9353,9359
9359,9353,9353
9359,9353,9354
9359,9354,9361
9361,9354,17959
9348,9358,9359
9359,9361,9360
9348,9359,9360
9361,17959,17967
9361,17967,9362
9360,9361,9362
9362,17967,17969
8540,9487,8973
8540,8543,9487
8973,9487,9489
8543,9495,9487
9487,9492,9489
9489,9492,9509
9487,9495,9492
8543,9500,9495
9495,9500,9504
9500,9501,9601
9492,9495,9519
9500,9601,9504
9495,9504,9519
8995,9509,9513
9492,9516,9509
9509,9516,9513
8995,9513,9511
9511,9513,9690
9513,9522,9690
9492,9519,9516
9504,9613,9519
9516,9519,9525
9519,9613,9525
9513,9516,9522
9516,9525,9522
9522,9525,9781
8591,9596,9501
9501,9596,9601
8591,9597,9596
8596,9604,9598
8590,9598,9597
8597,9901,9604
9504,9601,9618
9596,9619,9601
9596,9597,9625
9601,9619,9618
9596,9625,9619
9598,9604,9610
9597,9598,9609
9598,9610,9609
9604,9903,9610
9597,9609,9625
9504,9618,9613
9618,9619,9631
9525,9613,9784
9525,9784,9781
9613,9618,9622
9618,9631,9622
9613,9622,9784
9609,9636,9625
9609,9610,9637
9619,9625,9630
9625,9636,9630
9610,9913,9637
9609,9637,9636
9619,9630,9631
9630,9636,9798
9636,9637,9799
9511,9690,9687
9114,9687,9693
9687,9690,9691
9687,9691,9693
9115,9693,9706
9691,9699,9693
9693,9699,9706
9522,9697,9690
9690,9697,9691
9522,9781,9697
9697,9781,9787
9691,9697,9702
9691,9702,9699
9697,9787,9702
9115,9706,9135
9135,9708,9139
9135,9706,9708
9699,9711,9706
9706,9711,9708
9139,9708,18318
9139,18318,17659
9708,9711,18325
9708,18325,18318
9699,9714,9711
9699,9702,9714
9702,9808,9714
9711,18328,18325
9711,9714,18328
9714,18449,18328
9781,9784,9790
9622,9804,9784
9784,9804,9790
9781,9790,9787
9787,9790,9811
9790,9804,9816
9622,9631,9805
9630,9797,9631
9622,9805,9804
9631,9797,9805
9630,9798,9797
9636,9799,9798
9637,10042,9799
9804,9805,9817
9797,9798,9825
9798,9799,9826
9797,9824,9805
9797,9825,9824
9798,9826,9825
9799,10053,9826
9702,9787,9808
9787,9811,9808
9790,9816,9811
9714,9808,18449
9808,18452,18449
9808,9811,18452
9811,18461,18452
9804,9817,9816
9805,9824,9817
9824,9825,18472
9825,9826,18473
9811,9816,18461
9816,9817,18470
9816,18470,18461
9817,9824,18471
9824,18472,18471
9825,18473,18472
9826,18808,18473
9817,18471,18470
8641,9828,9827
8642,9827,9829
8642,9829,9833
9827,9828,9840
9827,9840,9829
8642,9833,8651
8651,9833,9834
9835,9834,9836
9829,9846,9833
9833,9846,9847
9833,9847,9834
9834,9847,9836
9275,9840,9828
9275,9841,9840
9840,9841,9842
9829,9840,9842
9829,9842,9846
9841,9977,9842
9842,9978,9846
9842,9977,9978
9846,9848,9847
9836,9847,9849
9847,9848,9849
9846,9978,9848
9848,9985,9849
8721,9835,9900
9835,9836,9900
8721,9900,9897
8720,9897,9898
8722,9898,9899
8723,9899,9901
9836,9904,9900
9898,9909,9899
9897,9906,9898
9897,9900,9905
9897,9905,9906
9898,9906,9909
9899,9902,9901
9604,9901,9903
9901,9902,9903
9899,9909,9902
9900,9904,9905
9836,9849,9904
9905,9907,9906
9849,10032,9904
9905,9904,10033
9904,10032,10033
9905,10033,9907
9610,9903,9913
9902,9912,9903
9906,9911,9909
9902,9909,9910
9902,9910,9912
9903,9912,9913
9906,9907,9911
9909,9911,9910
9910,10040,9912
9637,9913,10042
9912,10041,9913
9977,9980,9978
9978,9980,9979
9348,9980,9977
9979,9980,9991
9979,9991,9986
9848,9978,9979
9848,9979,9985
9849,9985,10032
9985,9987,10032
9979,9986,9985
9985,9986,9987
9987,10034,10032
9360,9991,9980
9360,9362,9991
9362,9992,9991
9986,9991,9992
9986,9992,9995
9362,17969,9992
9992,17969,18726
9992,18726,9995
9995,18726,18732
9986,9995,9987
9987,9996,10034
9987,9995,9996
9995,18732,9996
9996,18733,10045
9996,18732,18733
10032,10034,10033
10033,10034,10035
9907,10033,10035
9907,10035,10043
10034,10045,10035
10035,10046,10043
9907,10043,9911
9910,9911,10044
9911,10043,10044
9910,10044,10040
9912,10040,10041
9913,10041,10042
10043,10049,10044
10040,10044,10050
10040,10051,10041
10042,10041,10052
9799,10042,10053
10040,10050,10051
10041,10051,10052
10042,10052,10053
9996,10045,10034
10035,10045,10046
10043,10046,10049
10045,18796,10046
10045,18733,18796
10046,18797,10049
10046,18796,18797
10044,10049,10050
10051,18806,10052
10053,10052,18807
9826,10053,18808
10049,18804,10050
10049,18797,18804
10050,18804,18805
10050,18805,10051
10051,18805,18806
10052,18806,18807
10053,18807,18808
3926,3927,12560
3924,12553,4209
3924,3925,12554
3925,3926,12555
3926,12560,12555
3927,3930,12561
3927,12561,12560
3930,12564,12561
3924,12554,12553
3925,12555,12554
12555,12560,12572
12560,12561,12573
3930,3939,12564
3939,12567,12564
3939,3942,12567
3942,12642,12567
12561,12564,12585
12564,12567,12588
12567,12654,12588
12553,12580,12882
12553,12554,12581
12554,12555,12582
12555,12572,12582
12553,12581,12580
12554,12582,12581
12560,12573,12572
12580,12740,12893
12580,12581,12741
12581,12582,12747
12572,12746,12582
12572,12573,12753
12582,12746,12747
12572,12753,12746
12561,12585,12573
12564,12588,12585
12585,12588,12594
12573,12585,12591
12573,12591,12753
12585,12594,12591
3942,4029,12642
4029,12644,12642
4029,4031,12644
12567,12642,12654
12642,12656,12654
12642,12644,12656
4031,4040,12648
4031,12648,12644
4040,4744,13249
4040,13249,12648
12644,12648,12650
12644,12650,12656
12648,13253,12650
12648,13249,13253
12650,13253,13272
12588,12654,12659
12654,12656,12668
12654,12668,12659
12588,12659,12594
12594,12659,12845
12659,12668,12669
12659,12669,12845
12650,12665,12656
12656,12665,12668
12650,13272,12665
12665,12671,12668
12668,12671,12669
12665,13273,12671
12669,12671,12858
12580,12741,12740
12581,12747,12741
12746,12758,12747
12740,12741,12768
12740,12767,13017
12741,12747,12750
12747,12758,12750
12740,12768,12767
12741,12750,12768
12591,12762,12753
12746,12753,12759
12753,12762,12759
12591,12594,12842
12591,12842,12762
12746,12759,12758
12759,12762,12863
12750,12782,12768
12767,12771,13027
12767,12768,12781
12768,12782,12781
12767,12781,12771
12750,12758,12783
12758,12759,12774
12750,12783,12782
12758,12774,12783
12759,12863,12774
12771,13838,13029
12781,12782,13845
12771,12781,13839
12782,12783,13844
12774,12868,12783
12783,12868,13844
12594,12845,12842
12842,12845,12851
12845,12856,12851
12762,12842,12848
12842,12851,12848
12762,12848,12863
12848,12851,12876
12669,12856,12845
12669,12858,12856
12856,12858,13373
12851,12856,12860
12851,12860,12876
12856,13373,12860
12848,12872,12863
12774,12863,12869
12848,12876,12872
12774,12869,12868
12863,12872,12869
12869,12872,13938
12872,12876,12881
12860,12878,12876
12876,12878,12881
12872,12881,13938
12878,13392,12881
12881,13943,13938
12881,13392,13943
4209,12882,4210
4210,12883,4211
4211,12884,4212
4212,12884,12885
4212,12885,4213
4213,12886,4216
4213,12885,12886
4209,12553,12882
4210,12882,12883
4211,12883,12884
12885,12891,12886
4216,12887,4217
4216,12886,12887
4217,12888,4322
4217,12887,12888
12886,12892,12887
12887,12896,12888
12888,12897,12962
12882,12893,12883
12883,12894,12884
12884,12895,12885
12882,12580,12893
12883,12893,12894
12884,12894,12895
12885,12895,12891
12886,12891,12892
12893,13017,12894
12894,13018,12895
12891,12895,13020
12891,13019,12892
12891,13020,13019
12892,13019,13022
12887,12892,12896
12888,12896,12897
12892,13022,12896
12896,13022,12898
12896,12898,12897
12897,12898,12899
4322,12962,4323
4322,12888,12962
4323,12962,12963
12962,12970,12963
12897,12970,12962
12963,12970,12971
4323,12963,4330
4330,12963,12966
4330,12966,4962
4962,12966,13538
12963,12971,12966
12966,12971,12967
12966,12967,13538
12967,13540,13538
12967,12976,13540
12897,12899,12970
12970,12972,12971
12971,12972,12977
12899,12972,12970
12899,13097,12972
12972,13098,12977
12977,13098,12978
12967,12971,12977
12967,12977,12976
12976,12979,13554
12976,12977,12978
12976,12978,12979
12894,13017,13018
12893,12740,13017
12895,13018,13020
13019,13020,13021
13019,13023,13022
13017,13027,13018
13018,13028,13020
13020,13028,13021
13019,13021,13023
13018,13027,13028
13017,12767,13027
12898,13022,13024
12898,13025,12899
12898,13024,13025
12899,13025,13097
13022,13023,13024
13025,13111,13097
13024,13030,13025
13021,13028,13031
13027,13029,13028
13027,12771,13029
13028,13029,13031
13021,13032,13023
13023,13033,13024
13024,13033,13030
13023,13032,13033
13021,13031,13032
13025,13030,13111
13029,14020,13031
13031,14021,13032
13032,14023,13033
13030,13033,14022
13030,13112,13111
13030,14022,13112
12972,13097,13098
12978,13098,13100
13097,13099,13098
13097,13111,13099
13098,13099,13100
12978,13105,12979
12978,13100,13105
12979,13105,13106
13100,13118,13105
13105,13118,13107
13105,13107,13106
13106,13107,13644
13107,13119,13644
13099,13111,13113
13099,13113,13114
13099,13114,13100
13100,13114,13118
13112,13113,13111
13113,14050,13114
13114,14050,14055
13107,13118,13120
13107,13120,13119
13114,14055,13118
13118,14055,13120
13119,13120,14056
4744,13251,13249
4744,4748,13251
13249,13251,13256
13249,13256,13253
13253,13257,13272
13253,13256,13257
4748,4760,13262
4748,13262,13251
13251,13262,13265
13251,13265,13256
13256,13265,13265
13256,13265,13266
13256,13266,13257
13257,13266,13292
12665,13272,13273
13257,13286,13272
13272,13286,13273
13273,13286,13287
12671,13273,13275
12671,13275,12858
13273,13287,13275
13275,13297,13369
13257,13292,13286
13286,13292,13293
13286,13293,13294
13286,13294,13287
13287,13294,13295
13275,13287,13297
13287,13295,13297
13297,13382,13369
13297,13295,13295
13297,13295,13299
13297,13299,13382
13382,13299,13306
12858,13275,13369
12858,13369,13373
13369,13370,13373
12860,13373,13374
13370,13374,13373
13370,13386,13374
13374,13386,13390
13369,13382,13370
13370,13382,13383
13370,13383,13386
13382,13306,13383
13383,13384,13386
13386,13399,13390
13384,13399,13386
13384,13500,13399
13399,13500,13400
12860,13374,12878
12878,13374,13390
12878,13390,13392
13390,13403,13392
13392,14231,13943
13392,13403,14231
13390,13399,13403
13399,13400,13403
13400,13518,13404
13400,13404,13403
13403,13404,14231
13404,13518,14241
13383,13306,13490
13383,13490,13384
13384,13495,13500
13384,13490,13495
13500,13495,13495
13500,13495,13496
13500,13496,13503
13400,13500,13503
13503,13496,13498
13503,13498,13504
13504,13498,13497
13504,13497,13510
13530,13510,13511
13504,13510,13530
13531,13511,13511
13530,13511,13531
13531,13511,13513
13531,13513,13533
13533,13513,17794
13400,13503,13518
13503,13504,13518
13504,13521,13518
13504,13530,13521
13521,13530,13522
13518,13521,14241
13521,14317,14241
13521,13522,14317
13522,13535,14319
13522,13530,13531
13531,13533,13535
13533,17794,17833
13533,17833,13537
13522,13531,13535
13533,13537,13535
13537,17833,17841
4962,13538,4964
13538,13540,13539
4964,13538,13539
4964,13539,4975
13540,13554,13541
13539,13540,13541
13541,13554,13542
13539,13548,4975
13539,13541,13548
13541,13549,13548
13541,13549,13549
13541,13542,13549
13542,13550,13549
13542,13560,13550
12976,13554,13540
12979,13555,13554
13542,13554,13555
13542,13555,13560
12979,13106,13555
13106,13556,13555
13555,13556,13560
13556,13561,13560
13556,13642,13561
13560,13562,13550
13560,13563,13562
13560,13561,13563
13561,13564,13563
13561,13566,13564
13561,13642,13566
13566,13565,13564
13566,13565,13565
13650,13567,13565
13566,13650,13565
13650,13651,13567
13651,13636,13567
13106,13644,13556
13556,13644,13642
13642,13644,13645
13119,13645,13644
13642,13645,13643
13643,13645,13658
13566,13642,13643
13566,13643,13650
13643,13653,13650
13651,13652,13636
13650,13653,13651
13643,13658,13653
13651,13653,13662
13651,13662,13652
13652,13662,13663
13119,13659,13645
13645,13659,13658
13119,14056,13659
13658,13659,14570
13658,14570,13664
13664,14570,14575
13653,13658,13664
13653,13664,13662
13662,13664,13665
13662,13665,13663
13664,14575,13665
13663,13665,14576
13663,14576,13734
13652,13712,13636
13652,13717,13712
13717,13713,13712
13717,13713,13713
13718,13714,13713
13717,13718,13713
13652,13663,13717
13717,13734,13718
13718,13719,13714
13719,13716,13714
13719,13715,13716
13719,13740,13715
13740,13728,13715
13740,13741,13728
13741,13729,13728
13741,13729,13729
13742,13730,13729
13741,13742,13729
18097,18073,13730
13742,18097,13730
13663,13734,13717
13718,13734,13735
13718,13735,13719
13719,13736,13740
13719,13735,13736
13734,14639,13735
13734,14576,14639
13735,14640,13736
13740,13743,13741
13741,13744,13742
13742,18101,18097
13736,13743,13740
13741,13743,13744
13742,13744,18101
12771,13839,13838
12782,13844,13845
12781,13845,13839
13844,13934,13845
13838,13839,13851
13839,13845,13935
13838,13850,14020
13845,13934,13935
13838,13851,13850
13839,13935,13851
13850,13965,14024
12868,13933,13844
12868,12869,13926
12868,13926,13933
12869,13938,13926
13844,13933,13934
13934,13958,13935
13926,13947,13933
13933,13957,13934
13933,13947,13957
13926,13938,13944
13938,13943,13944
13943,14229,13944
13926,13944,13947
13944,13950,13947
13944,14229,13950
13947,13950,13968
13850,13851,13964
13851,13935,13959
13935,13958,13959
13850,13964,13965
13851,13959,13964
13934,13957,13958
13959,13977,13964
13958,13976,13959
13964,14006,13965
13965,14007,14069
13965,14006,14007
13959,13976,13977
13964,13977,14006
13947,13968,13957
13957,13975,13958
13957,13968,13975
13968,14251,13975
13958,13975,13976
13975,14251,14252
13975,14252,13976
13977,14013,14006
13976,14012,13977
14006,14018,14007
14007,14019,14141
14007,14018,14019
14006,14013,14018
13976,14252,14012
13977,14012,14013
14012,14418,14013
14013,14419,14018
14018,14420,14019
14019,14435,14145
13029,13838,14020
13032,14021,14023
13031,14020,14021
13033,14023,14022
13112,14022,14052
14022,14023,14053
14021,14025,14023
14020,14024,14021
14022,14053,14052
14020,13850,14024
14021,14024,14025
14023,14025,14053
13112,14051,13113
13112,14052,14051
13113,14051,14050
14051,14052,14066
14051,14065,14050
14050,14065,14058
14051,14066,14065
13120,14055,14057
14050,14058,14055
14055,14058,14057
13120,14057,14056
14056,14057,14059
14057,14058,14070
14057,14070,14059
14052,14053,14067
14025,14068,14053
14052,14067,14066
14024,14069,14025
14025,14069,14068
14024,13965,14069
14053,14068,14067
14065,14066,14072
14067,14068,14140
14066,14067,14073
14068,14069,14141
14067,14140,14073
14068,14141,14140
14058,14065,14071
14058,14071,14070
14065,14072,14071
14059,14070,14582
14066,14073,14072
14071,14072,14142
14071,14583,14070
14070,14583,14582
14071,14142,14583
14069,14007,14141
14073,14140,14144
14072,14073,14143
14140,14141,14145
14073,14144,14143
14141,14019,14145
14140,14145,14144
14072,14143,14142
14142,14143,14696
14143,14144,14697
14144,14145,14703
13943,14231,14229
14229,14231,14239
13950,14229,14234
13950,14234,14246
14229,14239,14234
13404,14239,14231
13404,14241,14239
14239,14241,14243
14241,14317,14243
14234,14239,14243
14234,14243,14258
14243,14317,14322
14243,14322,14258
13950,14246,13968
13968,14246,14251
14234,14258,14246
14246,14258,14264
14251,14255,14252
14246,14264,14251
14251,14264,14255
14258,14261,14264
14258,14322,14261
14261,14267,14264
14255,14264,14267
14261,14335,14267
14317,14319,14322
13522,14319,14317
14319,14323,14322
14319,14327,14323
14323,14327,14332
13535,14327,14319
13535,13537,14327
13537,14329,14327
13537,17841,14329
14329,17841,19124
14327,14329,14332
14329,14341,14332
14329,19124,14341
14341,19124,19141
14261,14322,14323
14261,14323,14335
14323,14332,14335
14332,14338,14335
14267,14335,14523
14335,14338,14523
14338,14526,14523
14332,14341,14338
14341,19141,14344
14338,14341,14344
14338,14344,14526
14344,19141,19146
14344,19146,14535
14012,14252,14411
14252,14255,14411
14012,14411,14418
14255,14423,14411
14013,14418,14419
14018,14419,14420
14019,14420,14435
14411,14428,14418
14418,14428,14429
14418,14429,14419
14419,14444,14420
14419,14429,14444
14255,14267,14423
14411,14423,14428
14267,14523,14423
14423,14529,14428
14423,14523,14529
14428,14432,14429
14428,14529,14432
14420,14440,14435
14435,14441,14703
14420,14444,14440
14435,14440,14441
14429,14449,14444
14440,14455,14441
14441,14456,14705
14440,14444,14450
14440,14450,14455
14429,14432,14449
14444,14449,14450
14441,14455,14456
14450,14551,14455
14455,14552,14456
14456,14553,14710
14523,14526,14529
14526,14532,14529
14526,14535,14532
14432,14529,14532
14432,14532,14543
14532,14538,14543
14344,14535,14526
14535,19146,19351
14535,19351,14538
14532,14535,14538
14538,14558,14543
14538,19351,19357
14538,19357,14558
14432,14543,14449
14449,14543,14544
14449,14544,14450
14450,14544,14551
14543,14558,14544
14544,14559,14551
14455,14551,14552
14456,14552,14553
14551,14566,14552
14551,14559,14566
14552,14567,14553
14553,14568,14790
14552,14566,14567
14553,14567,14568
14544,14558,14559
14558,19357,19375
14558,19375,14559
14559,19375,19390
14566,19391,14567
14567,19392,14568
14568,19393,14795
14559,19390,14566
14566,19390,19391
14567,19391,19392
14568,19392,19393
13659,14056,14569
13659,14569,14570
14056,14059,14569
14569,14571,14570
14570,14571,14575
14059,14581,14569
14569,14581,14571
13665,14575,14577
13665,14577,14576
14576,14577,14641
14575,14588,14577
14571,14588,14575
14577,14589,14641
14059,14582,14581
14571,14581,14590
14581,14582,14584
14583,14694,14582
14581,14584,14590
14582,14694,14584
14571,14590,14588
14577,14588,14589
14588,14591,14589
14588,14590,14591
14584,14698,14590
14590,14698,14591
14589,14591,14774
13735,14639,14640
14576,14641,14639
13736,14640,14647
14639,14641,14642
14639,14642,14640
14640,14651,14647
14640,14642,14651
13736,14647,13743
13743,14648,13744
13743,14647,14648
13744,19531,18101
13744,14648,19531
14647,14657,14648
14647,14651,14657
14648,14657,19544
14648,19544,19531
14589,14652,14641
14641,14652,14642
14642,14652,14653
14642,14653,14651
14589,14774,14652
14652,14774,14775
14652,14775,14653
14651,14658,14657
14657,19546,19544
14651,14653,14658
14653,14782,14658
14657,14658,19546
14658,19670,19546
14142,14695,14583
14583,14695,14694
14584,14694,14699
14142,14696,14695
14143,14697,14696
14144,14703,14697
14145,14435,14703
14694,14695,14700
14694,14700,14699
14695,14696,14706
14695,14706,14700
14584,14699,14698
14591,14698,14776
14591,14776,14774
14699,14700,14707
14699,14701,14698
14701,14776,14698
14699,14707,14701
14697,14703,14705
14696,14697,14704
14697,14705,14704
14696,14704,14706
14703,14441,14705
14700,14706,14708
14704,14709,14706
14704,14705,14710
14706,14709,14708
14700,14708,14707
14704,14710,14709
14705,14456,14710
14708,14709,14789
14709,14710,14790
14774,14776,14777
14774,14777,14775
14776,14786,14777
14701,14786,14776
14775,14777,14783
14777,14786,14791
14653,14775,14782
14775,14783,14782
14658,14782,19670
14782,19672,19670
14777,14791,14783
14782,14783,19672
14783,19686,19672
14701,14707,14787
14701,14787,14786
14707,14708,14788
14707,14788,14787
14786,14787,14792
14708,14789,14788
14709,14790,14789
14710,14553,14790
14787,14788,14793
14788,14794,14793
14788,14789,14794
14790,14795,14789
14789,14795,14794
14790,14568,14795
14786,14792,14791
14783,14791,19686
14791,14792,19689
14791,19689,19686
14787,14793,14792
14793,14794,19691
14795,19692,14794
14792,14793,19690
14792,19690,19689
14793,19691,19690
14794,19692,19691
14795,19393,19692
17656,17641,17640
17663,17644,17641
17656,17663,17641
17664,17645,17644
17663,17644,17644
17663,17664,17644
17664,17685,17645
17655,17656,17640
17655,17660,17656
17655,17659,17660
17656,17660,17666
17656,17666,17663
17663,17696,17664
17663,17666,17696
17685,17679,17645
17685,17680,17679
17685,17686,17680
17686,17682,17680
17690,17681,17681
17690,17681,17682
17918,17688,17681
17917,17545,17688
17690,17918,17681
17917,17688,17918
17686,17690,17682
17686,17928,17690
17664,17697,17685
17664,17696,17697
17666,18339,17696
17696,18341,17697
17685,17699,17686
17685,17697,17699
17686,17699,17928
17697,18576,17699
17697,18341,18576
17833,17794,17795
17833,17795,17834
17834,17795,17798
17834,17798,17837
17838,17799,17813
17837,17798,17798
17837,17798,17799
17837,17799,17838
17821,17815,17812
17919,17817,17545
17823,17812,17812
17823,17812,17817
17823,17817,17919
17820,17814,17815
17820,17813,17814
17820,17815,17821
17820,17838,17813
17821,17812,17823
17821,17823,17849
17823,17919,17940
17833,17834,17841
17834,17837,17842
17837,17838,17844
17834,17842,17841
17837,17844,17842
17838,17852,17844
17820,17852,17838
17820,17821,17853
17820,17853,17852
17823,17940,17849
17821,17849,17853
17852,17853,19131
17849,19133,17853
17849,19219,19133
17917,17919,17545
17917,17918,17921
17690,17929,17918
17690,17928,17929
17918,17929,17921
17917,17941,17919
17917,17921,17941
17919,17941,17940
17921,17929,17949
17699,17932,17928
17699,18576,17932
17928,17933,17929
17929,17933,17949
17928,17932,17933
17932,18595,17933
17940,17941,17945
17921,17944,17941
17921,17949,17944
17941,17944,17945
17849,17940,19219
17940,17945,19219
17944,19221,17945
17933,17951,17949
17933,18595,17951
17944,17949,19226
17949,17951,19226
17944,19226,19221
17951,18595,19941
17967,17959,17960
17967,17960,17968
17968,17960,17961
17968,17961,17971
17971,17961,17961
17971,17961,17962
17972,17962,17981
17971,17962,17972
17967,17968,17969
17968,17971,17970
17968,17970,17969
17971,17972,17973
17970,17971,17973
17972,17997,17973
17986,17984,17983
17985,17981,17982
17985,17982,17984
17972,17981,17985
17985,17984,17986
17988,17983,17983
17988,17983,17987
18188,17987,17952
17988,17987,18188
17986,17983,17988
17986,17988,17999
17988,18188,18195
17972,17985,17997
17985,17986,17998
17985,17998,17997
17997,17998,18740
17986,17999,17998
17988,18195,17999
17998,17999,18741
17999,18911,18741
18098,18074,18073
18099,18075,18074
18098,18099,18074
18100,18076,18075
18099,18075,18075
18099,18100,18075
18086,18076,18100
18187,17952,18085
18088,18081,18081
18189,18085,18081
18088,18081,18084
18187,18085,18189
18088,18189,18081
18086,18082,18076
18086,18083,18082
18086,18087,18083
18087,18084,18083
18087,18088,18084
18087,18203,18088
18097,18098,18073
18097,18102,18098
18098,18103,18099
18099,18112,18100
18097,18101,18102
18098,18102,18103
18099,18103,18112
18086,18100,18113
18100,18112,18113
18086,18111,18087
18087,18111,18203
18086,18113,18111
18103,19536,18112
18112,19537,18113
18111,18113,19600
18113,19537,19600
18187,18188,17952
18187,18189,18190
18187,18196,18188
18188,18196,18195
18187,18190,18196
18088,18204,18189
18189,18204,18190
18088,18203,18204
18190,18204,18211
18195,18196,18197
17999,18195,18911
18195,18197,18911
18190,18198,18196
18196,18198,18197
18190,18211,18198
18197,18198,18913
18111,18206,18203
18203,18205,18204
18204,18205,18211
18111,19600,18206
18203,18206,18205
18205,18206,19606
18205,18212,18211
18198,18211,18925
18198,18925,18913
18211,18212,18925
18205,19606,18212
18212,19606,20075
17659,18318,18319
17659,18319,17660
18318,18325,18330
18318,18330,18319
17660,18321,17666
17660,18319,18321
17666,18321,18339
18319,18330,18348
18319,18348,18321
18325,18333,18330
18325,18328,18333
18328,18455,18333
18330,18351,18348
18330,18333,18351
18333,18491,18351
17696,18339,18341
18321,18344,18339
18321,18348,18344
18339,18345,18341
18339,18344,18345
18344,18348,18354
18348,18351,18354
18351,18491,18497
18344,18583,18345
18344,18354,18583
18351,18497,18354
18354,18497,18586
18328,18449,18455
18449,18458,18455
18449,18452,18458
18452,18478,18458
18333,18455,18491
18455,18458,18494
18458,18478,18505
18452,18461,18478
18461,18470,18479
18461,18479,18478
18470,18471,18486
18470,18486,18479
18471,18472,18487
18472,18473,18488
18478,18479,18506
18471,18487,18486
18472,18488,18487
18473,18813,18488
18455,18494,18491
18458,18505,18494
18491,18494,18500
18491,18500,18497
18494,18505,18680
18494,18680,18500
18478,18506,18505
18479,18513,18506
18479,18486,18513
18486,18487,18514
18487,18488,18515
18486,18514,18513
18487,18515,18514
18488,18826,18515
18505,18506,18694
18506,18513,18695
18505,18694,18680
18506,18695,18694
18513,18514,18700
18514,18515,18701
18341,18578,18576
18341,18345,18578
18345,18589,18578
17932,18576,18580
18576,18578,18580
17932,18580,18595
18578,18598,18580
18578,18589,18598
18345,18583,18589
18354,18586,18583
18583,18592,18589
18583,18586,18592
18586,18604,18592
18580,18601,18595
18580,18598,18601
18595,18601,19941
18598,19945,18601
18598,18607,19945
18589,18607,18598
18589,18592,18607
18592,18604,18612
18592,18612,18607
18607,19954,19945
18607,18612,19954
18604,18613,18612
18497,18500,18683
18497,18683,18586
18500,18688,18683
18500,18680,18688
18586,18683,18604
18683,18688,18707
18680,18689,18688
18680,18694,18689
18694,18695,18704
18513,18700,18695
18514,18701,18700
18515,18989,18701
18689,18694,18704
18695,18700,18721
18695,18721,18704
18700,18722,18721
18701,18996,18722
18700,18701,18722
18604,18683,18707
18688,18689,18714
18688,18714,18707
18689,18704,18715
18689,18715,18714
18704,18716,18715
18604,18707,18613
18707,18714,20019
18613,18707,20019
18714,18715,20020
18715,18716,20025
18716,18725,20026
18704,18721,18716
18721,18722,18725
18716,18721,18725
18722,18997,18725
17969,17970,18726
17970,18727,18726
18726,18727,18732
18727,18734,18732
17970,17973,18727
17973,18728,18727
17973,17997,18728
18727,18728,18734
18728,18748,18734
18732,18734,18733
18733,18735,18796
18733,18734,18735
18734,18748,18735
18735,18748,18749
18735,18749,18798
17997,18740,18728
18728,18740,18748
18740,18742,18748
17998,18741,18740
18741,18911,18743
18740,18741,18742
18741,18743,18742
18742,18749,18748
18742,18750,18749
18749,18750,18814
18742,18743,18750
18743,18917,18750
18750,18816,18814
18750,18917,18816
18796,18798,18797
18735,18798,18796
18797,18799,18804
18797,18798,18799
18749,18814,18798
18798,18814,18799
18799,18815,18809
18804,18809,18805
18799,18809,18804
18805,18809,18810
18805,18810,18806
18806,18810,18811
18806,18811,18807
18808,18807,18812
18473,18808,18813
18809,18822,18810
18807,18811,18812
18808,18812,18813
18810,18823,18811
18814,18816,18815
18799,18814,18815
18809,18815,18822
18815,18816,18817
18815,18817,18822
18817,18981,18822
18810,18822,18823
18811,18824,18812
18811,18823,18824
18813,18812,18825
18488,18813,18826
18812,18824,18825
18813,18825,18826
18822,18981,18823
18823,18986,18824
18823,18981,18986
18824,18986,18987
18824,18987,18825
18826,18825,18988
18515,18826,18989
18743,18911,18912
18197,18912,18911
18743,18912,18917
18197,18913,18912
18912,18913,18919
18913,18926,18919
18912,18919,18917
18917,18919,18918
18816,18917,18918
18919,18926,18920
18918,18919,18920
18918,18920,18982
18920,18931,18982
18913,18925,18926
18925,18927,18926
18926,18927,18932
18212,18927,18925
18212,20075,18927
18927,20075,20077
18927,20077,18932
18920,18926,18932
18920,18932,18931
18931,18933,18991
18932,20077,18933
18931,18932,18933
18934,18991,18933
18816,18918,18817
18817,18918,18982
18817,18982,18981
18981,18982,18983
18981,18983,18986
18931,18983,18982
18983,18984,18986
18984,18987,18986
18825,18987,18988
18826,18988,18989
18984,18990,18987
18987,18990,18988
18988,18990,18995
18989,18995,18996
18988,18995,18989
18701,18989,18996
18931,18991,18983
18983,18991,18984
18984,18992,18990
18984,18991,18992
18990,18992,18993
18934,18992,18991
18934,20165,18992
18992,20165,18993
18993,20166,18994
18994,20167,18997
18725,18997,20168
18990,18993,18995
18994,18996,18995
18993,18994,18995
18722,18996,18997
18994,18997,18996
17841,17842,19124
17842,19125,19124
17842,17844,19125
17844,17852,19121
17844,19121,19125
19124,19125,19141
19125,19143,19141
19121,19143,19125
19121,19152,19143
17852,19131,19121
17853,19133,19131
19133,19219,19137
19121,19131,19152
19131,19136,19152
19131,19133,19136
19133,19137,19136
19141,19143,19146
19143,19152,19149
19143,19149,19146
19146,19149,19351
19149,19152,19155
19149,19155,19354
19136,19155,19152
19136,19158,19155
19136,19137,19158
19137,19235,19158
19155,19158,19363
19158,19235,19366
19158,19366,19363
17945,19223,19219
19137,19219,19223
17945,19221,19223
19137,19223,19235
19221,19238,19223
19221,19232,19238
19221,19226,19232
19226,19229,19232
17951,19229,19226
17951,19941,19229
19229,19941,19948
19229,19247,19232
19229,19948,19247
19223,19238,19235
19235,19238,19241
19232,19244,19238
19235,19241,19366
19238,19244,19241
19241,19244,19484
19244,19250,19484
19232,19247,19244
19247,19948,19255
19244,19247,19250
19250,19255,19496
19247,19255,19250
19255,19256,19496
19149,19354,19351
19351,19354,19357
19155,19363,19354
19354,19363,19360
19354,19360,19357
19357,19360,19375
19360,19369,19380
19363,19366,19369
19366,19372,19369
19360,19363,19369
19369,19407,19380
19369,19372,19407
19372,19487,19407
19360,19380,19375
19375,19380,19390
19380,19381,19390
19380,19407,19381
19381,19391,19390
19381,19400,19391
19391,19400,19392
19392,19401,19393
19393,19402,19692
19381,19408,19400
19392,19400,19401
19393,19401,19402
19381,19407,19408
19407,19487,19408
19408,19487,19510
19408,19510,19415
19415,19510,19511
19400,19408,19415
19400,19415,19401
19401,19416,19402
19402,19417,19695
19401,19415,19416
19402,19416,19417
19415,19511,19416
19416,19519,19417
19417,19520,19700
19241,19372,19366
19241,19484,19372
19250,19492,19484
19372,19484,19487
19484,19492,19487
19487,19492,19510
19492,19493,19510
19250,19496,19492
19256,19503,19496
19256,20061,19503
19492,19496,19493
19493,19496,19503
19493,19503,19514
19503,19504,19514
19503,20061,19504
19504,20062,19505
19505,20067,19529
19529,20068,19801
19493,19511,19510
19493,19514,19511
19511,19514,19519
19514,19525,19519
19520,19525,19526
19416,19511,19519
19417,19519,19520
19519,19525,19520
19520,19526,19798
19504,19525,19514
19504,19505,19525
19505,19526,19525
19526,19529,19800
19505,19529,19526
18101,19532,18102
18101,19531,19532
18102,19530,18103
18103,19530,19536
18102,19532,19530
19531,19544,19545
19531,19545,19532
19530,19532,19552
19532,19545,19552
18112,19536,19537
19536,19539,19537
19530,19538,19536
19530,19552,19538
19536,19538,19539
19544,19547,19545
19545,19553,19552
19544,19546,19547
19546,19671,19547
19545,19547,19553
19547,19678,19553
19538,19552,19554
19552,19553,19554
19538,19612,19539
19538,19554,19612
19553,19678,19679
19553,19679,19554
19554,19679,19614
19537,19602,19600
18206,19600,19601
18206,19601,19606
19600,19602,19601
19537,19539,19602
19539,19613,19602
19601,19602,19608
19602,19613,19608
19601,19607,19606
19606,19607,20075
19601,19608,19607
19607,19608,20078
19608,19620,20078
19539,19612,19613
19612,19615,19613
19554,19614,19612
19612,19614,19615
19614,19621,19615
19608,19613,19620
19613,19615,19620
19620,20090,20078
19620,19622,20090
19615,19622,19620
19615,19621,19622
19623,19622,19621
19546,19670,19671
19670,19673,19671
19547,19671,19678
19670,19672,19673
19672,19687,19673
19671,19673,19680
19673,19687,19696
19671,19680,19678
19678,19681,19679
19678,19680,19681
19673,19696,19680
19680,19786,19681
19680,19696,19786
19672,19686,19687
19686,19689,19688
19686,19688,19687
19687,19688,19697
19688,19689,19693
19689,19690,19693
19690,19691,19694
19692,19695,19691
19690,19694,19693
19691,19695,19694
19692,19402,19695
19687,19697,19696
19688,19698,19697
19696,19697,19794
19696,19794,19786
19697,19698,19795
19697,19795,19794
19688,19693,19698
19693,19699,19698
19693,19694,19699
19695,19700,19694
19694,19700,19699
19695,19417,19700
19698,19699,19797
19700,19798,19699
19614,19679,19785
19679,19681,19785
19681,19787,19785
19614,19785,19621
19787,19790,19785
19681,19786,19787
19786,19788,19787
19621,19785,19790
19623,19621,19790
19623,19790,20195
19790,19791,20195
19787,19791,19790
19787,19788,19791
19788,19796,19792
19788,19792,19791
19792,19796,19793
19791,19792,20196
19792,19793,20197
19793,19801,20198
19786,19794,19788
19794,19795,19796
19788,19794,19796
19795,19799,19796
19795,19797,19799
19797,19800,19799
19798,19526,19800
19698,19797,19795
19699,19798,19797
19700,19520,19798
19797,19798,19800
19793,19796,19799
19799,19800,19801
19793,19799,19801
19800,19529,19801
18601,19942,19941
19941,19942,19948
18601,19945,19942
19942,19945,19951
19945,19954,19951
19942,19966,19948
19942,19951,19966
18612,19961,19954
18612,18613,19961
18613,19962,19961
19951,19954,19982
19954,19961,19982
19961,19983,19982
19961,19962,19983
19255,19948,19966
19951,19973,19966
19951,19982,19973
19973,19982,19974
19255,19966,19256
19256,19966,19973
19256,19973,20061
19974,19983,19975
19973,19974,20061
19974,19982,19983
19962,19984,19983
19962,19963,19984
19963,20031,19989
19963,19989,19984
19990,20031,20032
19989,20031,19990
19990,20032,20099
19975,19983,19984
19984,19989,20073
19975,19984,20073
19989,20074,20073
19989,19990,20074
18714,20020,20019
18613,20019,19962
19963,20019,20020
18715,20025,20020
18716,20026,20025
18725,20168,20026
19962,20019,19963
20020,20025,20031
20025,20026,20032
19963,20020,20031
20025,20032,20031
20026,20170,20032
19974,20062,20061
19974,19975,20062
19975,20073,20067
19975,20067,20062
20067,20073,20068
20068,20074,20198
20068,20073,20074
19504,20061,20062
19505,20062,20067
19529,20067,20068
19990,20200,20074
20075,20076,20077
19607,20076,20075
20076,20085,20077
19607,20078,20076
20076,20078,20079
20078,20090,20079
20076,20079,20085
18933,20077,20085
18934,18933,20085
18934,20086,20165
18934,20085,20086
20079,20086,20085
20079,20095,20086
20086,20095,20087
20086,20087,20165
20087,20096,20088
19622,20091,20090
20079,20090,20095
20091,20095,20090
20091,20096,20095
19623,20091,19622
19623,20092,20091
20091,20092,20096
20087,20095,20096
20088,20096,20097
20088,20097,20169
20098,20170,20169
20097,20098,20169
20098,20099,20170
20092,20097,20096
20093,20098,20097
20092,20093,20097
20093,20199,20098
20098,20199,20099
19990,20099,20200
20099,20199,20200
20087,20166,20165
18993,20165,20166
18994,20166,20167
18997,20167,20168
20087,20088,20166
20088,20167,20166
20167,20169,20168
20026,20168,20170
20088,20169,20167
20168,20169,20170
20099,20032,20170
19623,20195,20092
20093,20195,20196
19791,20196,20195
20092,20195,20093
20093,20196,20199
20196,20197,20199
20197,20198,20200
20197,20200,20199
20198,20074,20200
19792,20197,20196
19793,20198,20197
19801,20068,20198
2744,2823,2745
2752,3304,2754
2752,2753,3305
2754,3336,2760
2753,2755,3337
2760,3338,2762
2755,2761,3339
2744,2752,2746
2744,2745,2753
2745,2747,2755
2744,2753,2752
2745,2755,2753
2746,2752,2754
2747,2761,2755
2754,2760,2843
2746,2754,2843
2747,2844,2761
2760,2845,2843
2763,2844,2846
2761,2763,3341
2760,2762,2845
2761,2844,2763
2763,2846,3475
2774,2775,2824
2774,2776,2784
2774,2782,2775
2775,2783,2777
2776,2858,2790
2777,2785,2859
2774,2784,2782
2775,2782,2783
2776,2790,2784
2777,2783,2785
2785,2791,2859
2791,2861,2859
2792,2858,2860
2782,4058,2783
2783,4059,2785
2782,2784,4070
2785,4071,2791
2784,2790,4072
2791,4073,2793
2790,2858,2792
2791,2793,2861
2792,2860,4148
2790,2792,4074
2807,3451,2819
2807,2821,2818
2807,2819,2821
2812,2818,2820
2818,2821,2820
2820,2821,4131
2819,2822,2821
2821,2822,4131
2745,2824,2747
2744,2825,2823
2745,2823,2824
2747,2824,2826
2744,2746,2825
2747,2826,2844
2746,2843,2831
2832,2846,2844
2746,2831,2825
2826,2832,2844
2831,2843,2833
2832,2834,2846
2776,2823,2825
2774,2824,2823
2775,2826,2824
2774,2823,2776
2825,2831,2858
2777,2832,2826
2776,2825,2858
2775,2777,2826
2777,2859,2832
2831,2860,2858
2831,2833,2860
2832,2859,2834
2833,2845,2835
2834,2861,2836
2762,2847,2845
2833,2843,2845
2834,2848,2846
2846,2848,3475
2762,3474,2847
2807,2847,3474
2807,3474,3451
2848,3476,3475
2835,2845,2847
2834,2836,2848
2836,2855,2848
2835,2847,2818
2807,2818,2847
2836,2873,2855
2848,2855,3476
2834,2859,2861
2833,2862,2860
2793,2863,2861
2833,2835,2862
2836,2861,2863
2836,2863,2873
2835,2812,2862
2835,2818,2812
2863,2870,2873
2860,2862,4148
2863,4149,2870
2793,4149,2863
2862,4125,4148
2870,4149,4150
2812,4125,2862
2870,4150,2879
2870,2882,2873
2855,2873,2876
2873,2882,2876
2876,2882,3502
2870,2879,2882
2882,2883,3502
2879,2883,2882
3303,3381,3459
3381,3383,3459
3304,3308,3336
3304,3305,3309
3305,3337,3311
3304,3309,3308
3305,3311,3309
3308,3310,3336
3310,3338,3336
3311,3337,3325
3310,3324,3338
3310,3316,3318
3308,3317,3316
3309,3319,3317
3316,3389,3318
3316,3317,3391
3317,3319,3392
3318,3390,3328
3319,3329,3394
3308,3316,3310
3308,3309,3317
3309,3311,3319
3310,3318,3324
3318,3328,3324
3311,3329,3319
3311,3325,3329
3324,3328,3352
3325,3353,3331
3325,3331,3329
3328,3330,3352
3331,3353,3361
2752,3305,3304
2753,3337,3305
2754,3304,3336
2760,3336,3338
2755,3339,3337
2761,3341,3339
2762,3338,3340
3324,3340,3338
3325,3337,3339
3339,3341,3353
3324,3352,3340
3325,3339,3353
3340,3352,3348
3348,3352,3354
3341,3355,3353
3341,3349,3355
2762,3340,3474
2763,3349,3341
3340,3348,3474
2763,3475,3349
3349,3475,3481
3348,3354,3452
3349,3481,3364
3330,3354,3352
3353,3355,3361
3330,3360,3354
3303,3354,3360
3355,3429,3361
3303,3360,3381
3303,3452,3354
3349,3364,3355
3364,3481,3490
3355,3364,3429
3364,3435,3429
3364,3490,3435
3382,3387,3384
3381,3382,3383
3382,3384,3383
3387,8072,3388
3384,3387,3388
3384,3388,3521
3388,8072,8074
3388,8074,3525
3316,3391,3389
3317,3392,3391
3318,3389,3390
3319,3394,3392
3328,3390,3393
3389,3391,3411
3390,3389,3409
3390,3410,3393
3391,3392,3412
3389,3411,3409
3391,3412,3411
3390,3409,3410
3392,3414,3412
3392,3394,3414
3393,3410,3413
3393,3413,3401
3394,3422,3414
3328,3393,3330
3329,3331,3402
3330,3393,3401
3329,3402,3394
3330,3401,3360
3331,3361,3404
3331,3404,3402
3360,3401,3403
3394,3402,3422
3401,3421,3403
3402,3404,3424
3410,3409,8084
3409,3411,8086
3411,3412,8087
3410,8085,3413
3412,3414,8089
3401,3413,3421
3410,8084,8085
3409,8086,8084
3411,8087,8086
3413,8085,8088
3412,8089,8087
3413,8088,3421
3414,8091,8089
3414,3422,8091
3421,8088,8090
3402,3424,3422
3403,3421,3423
3421,8090,3423
3422,3424,8113
3422,8113,8091
3423,8090,8112
3423,8112,3387
3424,8144,8113
3360,3403,3381
3361,3432,3404
3361,3429,3432
3403,3382,3381
3403,3423,3382
3404,3432,3441
3429,3438,3432
3429,3435,3438
3432,3438,3444
3423,3387,3382
3404,3441,3424
3432,3444,3441
3424,3441,8144
3387,8112,8072
3441,8150,8144
3438,3548,3444
3441,3444,8150
3444,8276,8150
3451,3452,3453
3452,3458,3453
2819,3451,3453
3453,3458,3465
3303,3458,3452
3303,3459,3458
3458,3459,3460
3383,3461,3459
3458,3460,3465
3459,3461,3460
3460,3461,3471
2819,3453,3466
3453,3465,3466
2819,3466,2822
2822,3466,4770
3466,3467,4770
3465,3467,3466
3465,3472,3467
3460,3472,3465
3460,3471,3472
3461,3531,3471
3471,4776,3472
3471,3531,3473
3471,3473,4776
3348,3451,3474
3475,3476,3481
3348,3452,3451
3476,3487,3481
3476,3484,3487
2855,3484,3476
2855,2876,3484
3484,3493,3487
3484,3499,3493
3481,3487,3490
3487,3496,3490
3490,3496,3539
3487,3493,3496
3493,3554,3496
2876,3499,3484
2876,3502,3499
3499,3502,3511
2883,3505,3502
3502,3505,3511
3493,3499,3508
3499,3511,3508
3493,3508,3554
3508,3560,3554
3508,3511,3514
3505,4802,3511
3511,4802,3514
3508,3514,3560
3383,3384,3520
3383,3520,3461
3384,3521,3520
3461,3520,3531
3520,3532,3531
3520,3521,3532
3521,3522,3532
3388,3525,3521
3521,3525,3522
3525,8074,8252
3525,8252,3526
3522,3525,3526
3526,8252,8254
3531,3532,3533
3532,3534,3533
3522,3534,3532
3522,3538,3534
3473,3531,3533
3533,3534,4841
3534,3538,4842
3522,3526,3538
3526,3537,3538
3526,8254,3537
3537,8254,8265
3537,4849,3538
3538,4849,4842
3537,4850,4849
3537,8265,4850
4850,8265,9147
3435,3490,3539
3435,3539,3542
3435,3542,3438
3496,3556,3539
3496,3554,3556
3539,3545,3542
3539,3556,3545
3438,3542,3548
3542,3551,3548
3444,3548,8276
3548,8282,8276
3542,3545,3551
3548,3551,8282
3554,3563,3556
3545,3556,3569
3556,3563,3569
3554,3560,3563
3560,4878,3563
3545,3566,3551
3545,3569,3566
3551,3566,8297
3551,8297,8282
3566,3569,4888
3563,4885,3569
3569,4885,4888
3566,9184,8297
3566,4888,9184
4057,4127,4140
4057,4140,4201
4057,4201,4200
4058,4062,4059
4059,4063,4071
4058,4070,4064
4058,4064,4062
4059,4062,4063
4065,4073,4071
4063,4065,4071
4064,4070,4086
4065,4087,4073
2782,4070,4058
2783,4058,4059
2784,4072,4070
2785,4059,4071
2791,4071,4073
2790,4074,4072
2793,4073,4075
2793,4075,4149
2792,4148,4082
2792,4082,4074
4075,4083,4149
4082,4148,4127
4070,4072,4086
4073,4087,4075
4072,4074,4106
4075,4107,4083
4072,4106,4086
4075,4087,4107
4074,4082,4108
4074,4108,4106
4083,4107,4109
4083,4109,4158
4082,4127,4057
4062,4092,4090
4063,4090,4091
4065,4091,4093
4062,4064,4092
4062,4090,4063
4063,4091,4065
4065,4093,4087
4064,4086,4098
4064,4098,4092
4087,4093,4099
4087,4099,4107
4086,4106,4100
4090,4092,4223
4090,4222,4091
4091,4224,4093
4092,4098,4226
4093,4225,4099
4086,4100,4098
4099,4101,4107
4100,4106,4117
4101,4109,4107
4106,4108,4117
4082,4057,4108
4109,4114,4158
4101,4118,4109
4108,4200,4117
4109,4118,4114
4114,4118,4242
4057,4200,4108
4114,4242,4176
4176,4242,4245
2812,4126,4125
2812,2820,4126
4125,4126,4138
4125,4138,4127
4126,4139,4138
4126,4132,4139
2820,4132,4126
2820,4131,4132
2822,4133,4131
4131,4145,4132
4131,4133,4145
4127,4138,4140
4138,4141,4140
4138,4139,4141
4140,4141,4309
4139,4316,4141
4132,4146,4139
4132,4145,4146
4133,4785,4145
4145,4147,4146
4145,4785,4147
4139,4146,4316
4146,4318,4316
4146,4147,4318
4125,4127,4148
4083,4150,4149
4150,4158,4155
2879,4150,4155
4083,4158,4150
4155,4158,4170
4155,4170,4164
2879,4155,4161
2879,4161,2883
2883,4161,4796
4161,4167,4796
4155,4164,4161
4161,4164,4167
4164,4182,4167
4114,4170,4158
4114,4176,4170
4170,4176,4173
4164,4170,4173
4176,4245,4179
4173,4176,4179
4173,4179,4185
4164,4173,4182
4173,4185,4182
4182,4185,4816
4179,4343,4185
4185,4188,4816
4185,4343,4188
4200,4201,4203
4200,4203,4202
4202,4203,4219
4202,4219,4218
4203,4324,4219
4218,4221,4220
4218,4219,4221
4219,4326,4221
4090,4223,4222
4091,4222,4224
4092,4226,4223
4093,4224,4225
4099,4225,4227
4099,4227,4101
4098,4100,4234
4101,4235,4118
4100,4117,4236
4098,4234,4226
4101,4227,4235
4100,4236,4234
4118,4235,4237
4222,4254,4224
4223,4255,4222
4224,4256,4225
4225,4257,4227
4223,4226,4258
4222,4255,4254
4224,4254,4256
4223,4258,4255
4225,4256,4257
4227,4259,4235
4227,4257,4259
4226,4266,4258
4226,4234,4266
4235,4267,4237
4234,4236,4268
4118,4237,4242
4117,4200,4202
4117,4202,4236
4237,4248,4242
4242,4248,4245
4236,4202,4218
4237,4269,4248
4248,4294,4251
4245,4248,4251
4235,4259,4267
4255,4275,4254
4254,4274,4256
4256,4276,4257
4255,4258,4278
4257,4277,4259
4234,4268,4266
4237,4267,4269
4254,4275,4274
4256,4274,4276
4257,4276,4277
4255,4278,4275
4259,4277,4279
4259,4279,4267
4258,4266,4280
4258,4280,4278
4267,4279,4281
4267,4281,4269
4266,4268,4290
4269,4291,4294
4266,4290,4280
4269,4281,4291
4268,4220,4290
4236,4218,4268
4248,4269,4294
4251,4294,4297
4251,4297,4337
4268,4218,4220
4294,4300,4297
4291,4300,4294
4297,4303,4355
4297,4300,4303
4140,4309,4201
4201,4309,4310
4141,4317,4309
4141,4316,4317
4201,4310,4203
4309,4311,4310
4309,4317,4311
4316,4319,4317
4316,4318,4319
4311,4317,4331
4317,4319,4331
4318,4941,4319
4203,4310,4324
4310,4325,4324
4310,4311,4325
4219,4324,4326
4324,4327,4326
4324,4325,4327
4311,4331,4332
4311,4332,4325
4319,4965,4331
4331,4968,4332
4331,4965,4968
4325,4332,4333
4325,4333,4327
4332,4968,4969
4332,4969,4333
4179,4245,4334
4245,4251,4334
4179,4334,4343
4334,4345,4343
4251,4337,4334
4334,4337,4345
4337,4340,4345
4343,4345,4349
4345,4352,4349
4188,4343,4349
4349,4352,4983
4340,4352,4345
4340,4367,4352
4352,4367,4985
4297,4355,4337
4337,4355,4340
4340,4355,4358
4355,4361,4358
4303,4361,4355
4358,4361,4364
4340,4358,4367
4358,4370,4367
4367,5015,4985
4367,4370,5015
4370,5024,5015
4358,4364,4370
4364,4372,4370
4370,4372,5024
4372,5026,5024
2822,4770,4133
3467,3472,4777
3467,4771,4770
3467,4777,4771
4133,4770,4784
4770,4771,4784
3472,4776,4777
3473,4779,4776
3473,4843,4779
4776,4778,4777
4771,4777,4792
4777,4778,4792
4776,4779,4778
4133,4784,4785
4784,4787,4785
4771,4786,4784
4784,4786,4787
4147,4785,4939
4785,4787,4939
4771,4792,4786
4778,4779,4793
4778,4795,4792
4778,4793,4795
4786,4792,4794
4786,4950,4787
4786,4794,4950
4792,4795,4794
4793,5051,4795
2883,4796,3505
3505,4796,4804
4167,4799,4796
4167,4182,4814
4167,4814,4799
4796,4799,4804
3505,4804,4802
4802,4804,4810
3514,4802,4882
4799,4808,4804
4804,4808,4810
4802,4810,4882
4182,4816,4814
4799,4814,4826
4814,4816,4820
4814,4820,4826
4188,4822,4816
4188,4980,4822
4816,4822,4820
4799,4826,4808
4808,4900,4810
4808,4826,4829
4808,4829,4900
4820,4833,4826
4820,4822,4831
4820,4831,4833
4826,4833,4829
4831,5052,4833
3473,3533,4843
3533,4841,4843
3534,4842,4841
4841,4863,4843
4779,4843,4862
4841,4842,4864
4841,4864,4863
4842,4851,4864
4842,4849,4851
4849,4850,4852
4850,9147,4853
4849,4852,4851
4850,4853,4852
4853,9147,9150
4779,4862,4793
4843,4863,4862
4862,4863,4869
4851,4867,4864
4863,4864,4866
4864,4867,4868
4864,4868,4866
4793,4862,4865
4862,4869,4865
4862,4869,4869
4793,4865,5051
4863,4866,4869
4851,4852,4873
4852,4874,4873
4852,4874,4874
4851,4873,4867
4852,4853,4874
4853,4875,4874
4853,9150,4875
9150,9164,4875
3514,4876,3560
3514,4882,4876
3560,4876,4878
3563,4878,4885
4876,4882,4905
4810,4903,4882
4882,4903,4905
4876,4891,4878
4876,4905,4891
4878,4893,4885
4885,4897,4888
4888,9193,9184
4878,4891,4893
4885,4893,4897
4888,4897,9193
4897,9214,9193
4810,4900,4903
4900,4912,4903
4903,4912,4915
4903,4915,4905
4905,4915,4914
4905,4914,4926
4829,4918,4900
4829,4833,4909
4900,4918,4912
4829,4909,4918
4900,4918,4918
4833,5052,4909
4891,4905,4926
4891,4928,4893
4893,4928,4928
4891,4926,4928
4893,4932,4897
4893,4928,4932
4897,4932,9214
4147,4940,4318
4147,4939,4940
4787,4952,4939
4939,4953,4940
4939,4952,4953
4318,4940,4941
4319,4941,4965
4940,4966,4941
4940,4953,4966
4787,4950,4952
4950,4954,4952
4794,4795,4951
4794,4955,4950
4795,5051,4951
4794,4951,4955
4950,4955,4954
4950,4955,4955
4952,4954,4957
4952,4957,4953
4953,4957,4956
4953,4956,4976
4941,4967,4965
4941,4966,4967
4965,4967,4970
4965,4970,4968
4968,4971,4969
4968,4970,4971
4970,4979,4971
4953,4976,4966
4966,4977,4967
4967,4977,4977
4966,4976,4977
4967,4978,4970
4967,4977,4978
4970,4978,4979
4188,4349,4980
4349,4983,4980
4822,4980,4989
4980,4983,4995
4352,4985,4983
4983,4985,4997
4983,4997,4995
4985,5018,4997
4822,4989,4831
4980,4995,4989
4989,4995,5003
4831,4989,4992
4831,4992,5052
4989,5003,4992
4989,5003,5003
4995,4997,5001
4997,5018,5005
4997,5006,5001
4997,5005,5006
4995,5001,5003
4985,5015,5018
5015,5024,5020
5015,5020,5018
5024,5026,5030
5020,5024,5030
5026,5032,5030
5018,5020,5036
5018,5036,5005
5020,5038,5036
5020,5038,5038
5020,5030,5038
5030,5042,5038
5030,5032,5042
5032,5044,5042
8072,8073,8074
8073,8080,8075
8073,8075,8074
8074,8075,8252
8075,8082,8253
8075,8080,8082
8080,8081,8082
8081,8083,8082
8085,8084,8100
8084,8086,8102
8086,8087,8103
8085,8101,8088
8087,8089,8105
8089,8091,8117
8088,8104,8090
8089,8117,8105
8090,8104,8116
8085,8100,8101
8084,8102,8100
8086,8103,8102
8088,8101,8104
8087,8105,8103
8105,8117,8137
8090,8116,8112
8091,8113,8119
8091,8119,8117
8112,8116,8118
8112,8118,8072
8113,8147,8119
8116,8136,8118
8117,8119,8139
8101,8100,8124
8100,8102,8126
8101,8125,8104
8102,8103,8127
8100,8126,8124
8101,8124,8125
8102,8127,8126
8103,8129,8127
8103,8105,8129
8104,8128,8116
8105,8137,8129
8104,8125,8128
8125,8124,8185
8124,8126,8186
8125,8187,8128
8126,8127,8188
8127,8129,8194
8116,8128,8136
8117,8139,8137
8118,8136,8138
8128,8193,8136
8129,8137,8196
8129,8196,8194
8136,8193,8195
8136,8195,8138
8137,8139,8218
8137,8218,8196
8138,8195,8217
8113,8144,8147
8118,8073,8072
8144,8153,8147
8118,8138,8073
8119,8147,8156
8144,8150,8153
8150,8279,8153
8147,8153,8162
8153,8288,8162
8138,8080,8073
8119,8156,8139
8147,8162,8156
8138,8217,8080
8139,8159,8218
8139,8156,8159
8080,8217,8081
8156,8162,8165
8156,8165,8159
8081,8180,8083
8083,8180,8322
8180,8330,8322
8125,8185,8187
8126,8188,8186
8124,8186,8185
8128,8187,8193
8127,8194,8188
8185,8205,8187
8185,8186,8206
8186,8188,8208
8193,8201,8195
8194,8196,8222
8195,8221,8217
8187,8207,8193
8188,8194,8202
8193,8207,8201
8187,8205,8207
8186,8208,8206
8185,8206,8205
8188,8202,8208
8194,8222,8202
8195,8201,8221
8205,8213,8207
8205,8206,8214
8201,8207,8232
8202,8235,8208
8206,8208,8233
8208,8235,8233
8205,8214,8213
8206,8233,8214
8207,8213,8232
8196,8218,8224
8159,8229,8218
8081,8217,8223
8218,8229,8224
8196,8224,8222
8217,8221,8223
8081,8223,8180
8159,8165,8345
8159,8345,8229
8180,8223,8244
8224,8229,8357
8201,8234,8221
8202,8222,8237
8201,8232,8234
8202,8237,8235
8221,8234,8236
8221,8236,8223
8222,8224,8245
8223,8236,8244
8222,8245,8237
8213,8604,8232
8213,8214,8605
8232,8606,8234
8214,8233,8607
8233,8235,8613
8234,8612,8236
8235,8237,8615
8224,8357,8245
8180,8244,8330
8236,8614,8244
8237,8245,8361
8237,8361,8615
8244,8360,8330
8244,8614,8360
8075,8253,8252
8252,8253,8254
8082,8259,8253
8253,8259,8255
8253,8255,8254
8255,8259,8261
8082,8083,8259
8083,8260,8259
8083,8322,8260
8259,8260,8261
8260,8272,8261
8260,8324,8272
8272,8324,8273
8254,8255,8265
8255,8266,8265
8255,8261,8266
8261,8267,8266
8265,8266,9147
8266,9148,9147
8266,8267,9148
8267,9149,9148
8267,8274,9149
8261,8272,8267
8267,8272,8274
8272,8273,8274
8274,8275,9157
8273,8275,8274
8150,8276,8279
8276,8285,8279
8153,8279,8288
8279,8294,8288
8276,8282,8285
8279,8285,8294
8162,8288,8291
8162,8291,8165
8165,8291,8351
8288,8294,8306
8288,8306,8291
8291,8306,8308
8291,8308,8351
8282,8297,8299
8282,8299,8285
8285,8303,8294
8285,8299,8303
8297,9186,8299
8297,9184,9186
8299,9190,8303
8299,9186,9190
8303,9190,9205
8294,8312,8306
8294,8303,8312
8306,8312,8315
8306,8315,8308
8303,9205,8312
8308,8315,8373
8312,9207,8315
8260,8322,8324
8322,8330,8323
8322,8323,8324
8273,8324,8325
8323,8325,8324
8323,8330,8331
8323,8331,8332
8323,8332,8325
8325,8332,8342
8331,8632,8332
8332,8632,8643
8273,8325,8336
8273,8336,8275
8325,8342,8336
8336,8342,8338
8275,8336,8337
8336,8338,8337
8337,8338,9258
8338,8343,9258
8338,8342,8344
8332,8643,8342
8342,8643,8344
8338,8344,8343
8343,8344,8646
8165,8351,8345
8229,8345,8348
8229,8348,8357
8345,8354,8348
8345,8351,8354
8351,8370,8354
8348,8354,8379
8245,8357,8362
8348,8367,8357
8330,8360,8331
8245,8362,8361
8357,8367,8362
8348,8379,8367
8362,8367,8688
8308,8370,8351
8354,8376,8379
8354,8370,8376
8308,8373,8370
8370,8373,9282
8370,9282,8376
8367,8379,8385
8367,8385,8688
8376,8382,8379
8379,8382,8385
8385,8695,8688
8382,9294,8385
8385,9294,8695
8213,8605,8604
8214,8607,8605
8232,8604,8606
8233,8613,8607
8234,8606,8612
8235,8615,8613
8236,8612,8614
8612,8653,8614
8613,8615,8656
8360,8614,8655
8606,8622,8612
8605,8607,8623
8604,8620,8606
8604,8605,8621
8607,8613,8654
8606,8620,8622
8604,8621,8620
8605,8623,8621
8614,8653,8655
8613,8656,8654
8612,8622,8653
8607,8654,8623
8620,8621,8669
8632,8644,8643
8344,8643,8645
8643,8644,8645
8644,8652,8645
8344,8645,8646
8645,8647,8646
8645,8652,8647
8647,8652,9838
8361,8658,8615
8360,8655,8657
8331,8360,8657
8361,8362,8665
8361,8665,8658
8615,8658,8656
8654,8656,8679
8655,8678,8657
8331,8657,8632
8362,8688,8665
8632,8657,8680
8656,8658,8681
8657,8678,8680
8632,8680,8644
8658,8665,8691
8658,8691,8681
8622,8670,8653
8621,8623,8671
8653,8676,8655
8623,8654,8677
8620,8668,8622
8622,8668,8670
8620,8669,8668
8621,8671,8669
8655,8676,8678
8654,8679,8677
8653,8670,8676
8623,8677,8671
8656,8681,8679
8678,8705,8680
8670,8724,8676
8671,8677,8704
8668,8726,8670
8668,8669,8727
8669,8671,8725
8669,8725,8727
8676,8703,8678
8677,8679,8706
8676,8724,8703
8670,8726,8724
8671,8704,8725
8677,8706,8704
8665,8688,8694
8665,8694,8691
8688,8695,8694
8694,8695,9854
8691,8694,8700
8691,8700,8715
8694,9854,8700
8680,8707,8644
8679,8681,8708
8680,8705,8707
8644,8707,8652
8681,8691,8715
8681,8715,8708
8679,8708,8706
8678,8703,8705
8705,8734,8707
8708,8715,9866
8652,8707,9867
8706,8708,9868
8652,9867,9838
8708,9866,9868
8707,8734,9867
8668,8727,8726
8703,8724,8740
8704,8733,8725
8724,8726,8742
8725,8741,8727
8726,8727,8743
8703,8732,8705
8704,8706,8735
8726,8743,8742
8727,8741,8743
8703,8740,8732
8724,8742,8740
8725,8733,8741
8705,8732,8734
8704,8735,8733
8706,9868,8735
8733,8735,9915
8732,8740,9918
8741,9919,8743
8732,9916,8734
8733,9917,8741
8740,8742,9930
8742,8743,9931
9147,9148,9150
9148,9149,9151
9149,9157,9152
9148,9151,9150
9150,9151,9164
9149,9152,9151
9152,9157,9153
8274,9157,9149
8275,9158,9157
8275,8337,9158
8337,9159,9158
9153,9157,9158
9153,9158,9176
9158,9159,9176
9159,9177,9176
9159,9260,9177
9151,9165,9164
9151,9152,9165
9152,9166,9165
9152,9153,9166
9152,9166,9166
9153,9176,9167
9153,9167,9166
9176,9179,9167
9176,9180,9179
9176,9177,9180
9177,9181,9180
9177,9260,9178
9177,9178,9181
9178,9182,9181
9178,9182,9182
9271,9183,9182
9178,9271,9182
9271,9272,9183
9272,9325,9183
9184,9195,9186
9186,9199,9190
9190,9201,9205
9184,9193,9195
9186,9195,9199
9190,9199,9201
8312,9205,9207
8315,9211,8373
8315,9207,9211
9205,9228,9207
9201,9228,9205
9207,9228,9230
9207,9230,9211
9211,9234,9288
9193,9216,9195
9193,9214,9216
9195,9220,9199
9195,9216,9220
9199,9220,9220
9199,9220,9222
9199,9222,9201
9201,9222,9237
9201,9237,9228
9228,9237,9238
9228,9238,9241
9228,9241,9230
9211,9230,9234
9234,9303,9288
9230,9243,9234
9230,9241,9243
9234,9243,9243
9234,9243,9249
9234,9249,9303
9303,9249,9326
8337,9258,9159
8343,9259,9258
9258,9259,9260
9159,9258,9260
9259,9261,9260
9259,9265,9261
8343,9264,9259
8343,8646,9264
9259,9264,9265
9264,9831,9265
9265,9831,9278
9278,9831,9843
9178,9260,9261
9178,9261,9271
9261,9270,9271
9261,9265,9270
9270,9272,9271
9272,9273,9325
9270,9280,9272
9272,9280,9273
9273,9280,9281
9265,9278,9270
9270,9278,9280
9278,9279,9280
9278,9843,9279
9279,9281,9280
9279,9844,9281
9281,9844,9349
8373,9211,9288
8373,9288,9282
8376,9282,9284
9282,9288,9290
9282,9290,9284
9284,9290,9300
9284,9300,9297
8376,9284,8382
8382,9284,9297
8382,9297,9294
8695,9294,9857
9294,9297,9312
9294,9312,9857
9288,9303,9290
9290,9303,9305
9290,9305,9300
9297,9300,9318
9300,9305,9307
9303,9326,9305
9300,9307,9318
9307,9371,9318
9318,9371,9320
9297,9318,9312
9312,9318,9320
9312,9314,9857
9312,9320,9314
9314,9320,9394
9314,9394,9879
9273,9338,9325
9273,9339,9338
9339,9340,9338
9339,9340,9340
9273,9281,9339
9339,9344,9340
9339,9349,9344
9344,9341,9340
9344,9345,9341
9345,9343,9341
9345,9342,9343
9345,9363,9342
9281,9349,9339
9344,9349,9350
9349,9844,9981
9349,9981,9350
9344,9350,9345
9345,9350,9351
9345,9351,9363
9350,9984,9351
9363,9355,9342
9363,9364,9355
9364,9356,9355
9364,9356,9356
9364,9366,9356
9366,9357,9356
9366,17974,9357
17974,17963,9357
9363,9365,9364
9351,9365,9363
9364,9365,9367
9364,9367,9366
9366,17976,17974
9366,9367,17976
9305,9326,9368
9305,9368,9307
9307,9374,9371
9307,9368,9374
9371,9374,9374
9371,9374,9376
9320,9371,9386
9371,9376,9386
9386,9376,9379
9386,9379,9388
9388,9379,9378
9388,9378,9403
9320,9386,9394
9386,9388,9394
9388,9397,9394
9394,9397,9879
9397,9999,9879
9388,9413,9397
9397,9413,9399
9397,9399,9999
9399,9419,10008
9388,9403,9413
9413,9403,9405
9413,9405,9415
9415,9405,9405
9415,9405,9409
9415,9409,9422
9422,9409,18003
9399,9413,9415
9415,9422,9419
9399,9415,9419
9422,18003,18017
9422,18017,9425
9419,9422,9425
9425,18017,18023
8646,9830,9264
8646,8647,9830
9264,9830,9831
8647,9837,9830
9830,9832,9831
9831,9832,9843
9830,9837,9832
8647,9838,9837
9837,9838,9839
9832,9837,9851
9837,9839,9851
9279,9843,9845
9832,9850,9843
9843,9850,9845
9279,9845,9844
9844,9845,9982
9845,9852,9982
9832,9851,9850
9839,9908,9851
9850,9851,9853
9851,9908,9853
9845,9850,9852
9850,9853,9852
9852,9853,10036
8695,9857,9854
8700,9854,9860
8700,9860,9863
9854,9857,9876
9854,9876,9860
8700,9863,8715
8715,9863,9866
9838,9867,9926
9866,9873,9868
9860,9885,9863
9863,9885,9888
9863,9888,9866
9866,9888,9873
9838,9926,9839
9314,9876,9857
9314,9879,9876
9876,9879,9882
9860,9876,9882
9860,9882,9885
9879,9999,9882
9882,10002,9885
9882,9999,10002
9885,9891,9888
9873,9888,9894
9888,9891,9894
9885,10002,9891
9891,10011,9894
9853,9908,10037
9853,10037,10036
8735,9868,9927
8734,9914,9867
9868,9873,9927
9867,9914,9926
8735,9927,9915
8734,9916,9914
8733,9915,9917
8740,9930,9918
8732,9918,9916
8741,9917,9919
8743,9919,9931
8742,9931,9930
9873,9942,9927
9839,9926,9945
9914,9947,9926
9914,9916,9957
9917,9958,9919
9915,9948,9917
9915,9927,9946
9926,9947,9945
9915,9946,9948
9914,9957,9947
9917,9948,9958
9919,9935,9931
9918,9930,9936
9930,9931,9937
9916,9918,9934
9918,9936,9934
9930,9937,9936
9931,9935,9937
9916,9934,9957
9919,9958,9935
9839,9945,9908
9927,9942,9946
9873,9894,9942
9946,9954,9948
9945,9947,9963
9894,10054,9942
9942,10057,9946
9942,10054,10057
9908,9945,9953
9946,10057,9954
9945,9963,9953
9908,9953,10037
9934,9969,9957
9934,9936,9971
9936,9937,9972
9935,9970,9937
9948,9964,9958
9947,9957,9961
9935,9958,9962
9957,9969,9961
9935,9962,9970
9934,9971,9969
9936,9972,9971
9937,9970,9972
9948,9954,9964
9947,9961,9963
9958,9964,9962
9961,9969,10068
9962,10067,9970
9969,9971,10069
9971,9972,10071
9970,10070,9972
9844,9982,9981
9350,9981,9984
9981,9982,9983
9981,9983,9984
9351,9984,9993
9983,9989,9984
9984,9989,9993
9852,9988,9982
9982,9988,9983
9852,10036,9988
9988,10036,10038
9983,9988,9990
9983,9990,9989
9988,10038,9990
9351,9993,9365
9365,9994,9367
9365,9993,9994
9989,9997,9993
9993,9997,9994
9367,9994,18729
9367,18729,17976
9994,9997,18736
9994,18736,18729
9989,9998,9997
9989,9990,9998
9990,10047,9998
9997,18737,18736
9997,9998,18737
9998,18800,18737
9999,10008,10002
10002,10008,10004
9399,10008,9999
10004,10008,10020
10004,10020,10014
9891,10002,10004
9891,10004,10011
9894,10011,10054
10011,10017,10054
10004,10014,10011
10011,10014,10017
10017,10060,10054
9419,10020,10008
9419,9425,10020
9425,10023,10020
10014,10020,10023
10014,10023,10026
9425,18023,10023
10023,18023,18754
10023,18754,10026
10026,18754,18763
10014,10026,10017
10017,10029,10060
10017,10026,10029
10026,18763,10029
10029,18766,10086
10029,18763,18766
10036,10037,10039
10036,10039,10038
10038,10039,10048
9990,10038,10047
10038,10048,10047
9998,10047,18800
10047,18801,18800
10047,10048,18801
10054,10060,10057
10057,10060,10063
9954,10057,10063
9953,10078,10037
10037,10078,10039
9954,10063,10079
10060,10086,10063
10039,10078,10092
10063,10089,10079
9954,10079,9964
9953,9963,10080
9962,9964,10081
9961,10066,9963
9953,10080,10078
9964,10079,10081
9963,10066,10080
9962,10081,10067
9961,10068,10066
9969,10069,10068
9970,10067,10070
9971,10071,10069
9972,10070,10071
10079,10093,10081
10078,10080,10094
10067,10081,10095
10067,10101,10070
10066,10068,10102
10068,10069,10103
10070,10104,10071
10069,10071,10105
10066,10100,10080
10067,10095,10101
10066,10102,10100
10068,10103,10102
10070,10101,10104
10071,10104,10105
10069,10105,10103
10029,10086,10060
10063,10086,10089
10039,10092,10048
10079,10089,10093
10086,18827,10089
10086,18766,18827
10089,18830,10093
10089,18827,18830
10048,18839,18801
10078,10094,10092
10081,10093,10095
10080,10100,10094
10100,10102,18847
10101,18846,10104
10102,10103,18848
10104,18849,10105
10103,10105,18850
10048,10092,18839
10093,18840,10095
10092,10094,18843
10093,18830,18840
10092,18843,18839
10095,18840,18844
10095,18844,10101
10094,10100,18845
10101,18844,18846
10100,18847,18845
10104,18846,18849
10102,18848,18847
10105,18849,18850
10103,18850,18848
10094,18845,18843
4220,12890,12889
4220,4221,12890
4221,12964,12890
12889,12890,12901
12890,12973,12901
12889,12901,12900
12900,12901,12903
12900,12903,12902
4278,4280,12916
4275,12905,4274
4274,12904,4276
4276,12906,4277
4275,4278,12908
4277,12907,4279
4279,12909,4281
4278,12916,12908
4281,12909,12917
4281,12917,4291
4280,4290,12918
4291,12919,4300
4280,12918,12916
4291,12917,12919
4290,12889,12918
4274,12905,12904
4276,12904,12906
4277,12906,12907
4275,12908,12905
4279,12907,12909
12908,12916,12930
12917,12931,12919
12916,12918,12932
4290,4220,12889
4300,12924,4303
4300,12919,12924
4303,12927,4361
4303,12924,12927
12918,12889,12900
12919,12933,12924
12924,12950,12927
12927,12953,12984
12904,12938,12906
12906,12940,12907
12905,12939,12904
12907,12941,12909
12905,12908,12942
12909,12943,12917
12908,12930,12942
12906,12938,12940
12904,12939,12938
12905,12942,12939
12907,12940,12941
12909,12941,12943
12917,12943,12931
12916,12932,12930
12919,12931,12933
12940,13035,12941
12938,13034,12940
12939,13036,12938
12941,13037,12943
12939,12942,13044
12930,13042,12942
12931,12943,13045
12931,13043,12933
12930,12932,13054
12942,13042,13044
12931,13045,13043
12930,13054,13042
12933,13043,13055
12918,12900,12932
12924,12933,12950
12927,12950,12953
12933,13055,12950
12932,12900,12902
12932,12902,13054
12950,13055,12956
12950,12956,12953
12953,12956,12959
4221,4326,12964
4326,12965,12964
4326,4327,12965
12890,12964,12973
12964,12974,12973
12964,12965,12974
4327,4333,12968
4327,12968,12965
4333,4969,13543
4333,13543,12968
12965,12968,12969
12965,12969,12974
12968,13545,12969
12968,13543,13545
12969,13545,13557
12901,12973,12975
12973,12974,12981
12973,12981,12975
12901,12975,12903
12903,12975,13102
12975,12981,12982
12975,12982,13102
12969,12980,12974
12974,12980,12981
12969,13557,12980
12980,12983,12981
12981,12983,12982
12980,13558,12983
12982,12983,13109
4361,12984,4364
4361,12927,12984
4364,12984,12987
12984,12996,12987
12953,12996,12984
12987,12996,12999
4364,12987,4372
4372,12987,12990
4372,12990,5026
5026,12990,13576
12987,12999,12990
12990,12999,12993
12990,12993,13576
12993,13582,13576
12993,13005,13582
12953,12959,12996
12996,13002,12999
12999,13002,13008
12959,13002,12996
12959,13124,13002
13002,13127,13008
13008,13127,13010
12993,12999,13008
12993,13008,13005
13005,13014,13601
13005,13008,13010
13005,13010,13014
12902,12903,13101
12902,13101,13026
12938,13036,13034
12941,13035,13037
12940,13034,13035
12939,13044,13036
12943,13037,13045
13043,13045,13051
13042,13058,13044
13043,13059,13055
13034,13036,13071
13035,13070,13037
13034,13069,13035
13036,13044,13050
13037,13072,13045
13045,13072,13051
13044,13058,13050
13043,13051,13059
13034,13071,13069
13037,13070,13072
13035,13069,13070
13036,13050,13071
12902,13026,13054
13042,13054,13060
13026,13060,13054
12956,13055,13061
12956,13066,12959
12956,13061,13066
12959,13066,13124
13042,13060,13058
13055,13059,13061
13066,13145,13124
13026,13115,13060
13061,13082,13066
13051,13072,13086
13050,13087,13071
13070,13078,13072
13069,13077,13070
13069,13071,13085
13071,13087,13085
13069,13085,13077
13070,13077,13078
13072,13078,13086
13050,13058,13089
13051,13088,13059
13058,13060,13081
13059,13090,13061
13061,13090,13082
13059,13088,13090
13050,13089,13087
13051,13086,13088
13058,13081,13089
13060,13115,13081
13066,13082,13145
13077,14026,13078
13078,14027,13086
13085,13087,14036
13077,13085,14028
13086,14029,13088
13088,14037,13090
13087,13089,14034
13082,13090,14035
13081,13148,13089
13082,13149,13145
13089,13148,14034
13082,14035,13149
12903,13102,13101
13101,13102,13104
13102,13108,13104
13026,13101,13103
13101,13104,13103
13026,13103,13115
13103,13104,13121
12982,13108,13102
12982,13109,13108
13108,13109,13648
13104,13108,13110
13104,13110,13121
13108,13648,13110
13103,13117,13115
13103,13121,13117
13115,13117,13116
13116,13117,14060
13117,13121,13123
13110,13122,13121
13121,13122,13123
13117,13123,14060
13122,13661,13123
13123,14061,14060
13123,13661,14061
13002,13124,13127
13010,13127,13133
13124,13130,13127
13124,13145,13130
13127,13130,13133
13010,13136,13014
13010,13133,13136
13014,13136,13139
13133,13158,13136
13136,13158,13142
13136,13142,13139
13139,13142,13676
13142,13161,13676
13081,13115,13116
13130,13145,13150
13130,13150,13155
13130,13155,13133
13133,13155,13158
13081,13116,13148
13145,13149,13150
13150,14075,13155
13155,14075,14090
13142,13158,13164
13142,13164,13161
13155,14090,13158
13158,14090,13164
13161,13164,14093
4969,13544,13543
4969,4971,13544
13543,13544,13546
13543,13546,13545
13545,13547,13557
13545,13546,13547
4971,4979,13551
4971,13551,13544
13544,13551,13552
13544,13552,13546
13546,13552,13552
13546,13552,13553
13546,13553,13547
13547,13553,13570
12980,13557,13558
13547,13568,13557
13557,13568,13558
13558,13568,13569
12983,13558,13559
12983,13559,13109
13558,13569,13559
13559,13574,13646
13547,13570,13568
13568,13570,13571
13568,13571,13572
13568,13572,13569
13569,13572,13573
13559,13569,13574
13569,13573,13574
13574,13654,13646
13574,13573,13573
13574,13573,13575
13574,13575,13654
13654,13575,13637
5026,13576,5032
13576,13582,13579
5032,13576,13579
5032,13579,5044
13582,13601,13585
13579,13582,13585
13585,13601,13587
13579,13591,5044
13579,13585,13591
13585,13594,13591
13585,13594,13594
13585,13587,13594
13587,13596,13594
13587,13610,13596
13005,13601,13582
13014,13603,13601
13587,13601,13603
13587,13603,13610
13014,13139,13603
13139,13607,13603
13603,13607,13610
13607,13612,13610
13607,13670,13612
13610,13616,13596
13610,13617,13616
13610,13612,13617
13612,13620,13617
13612,13628,13620
13612,13670,13628
13628,13622,13620
13628,13622,13622
13682,13631,13622
13628,13682,13622
13682,13684,13631
13684,13638,13631
13109,13559,13646
13109,13646,13648
13646,13647,13648
13110,13648,13649
13647,13649,13648
13647,13657,13649
13649,13657,13660
13646,13654,13647
13647,13654,13655
13647,13655,13657
13654,13637,13655
13655,13656,13657
13657,13666,13660
13656,13666,13657
13656,13725,13666
13666,13725,13667
13110,13649,13122
13122,13649,13660
13122,13660,13661
13660,13668,13661
13661,14573,14061
13661,13668,14573
13660,13666,13668
13666,13667,13668
13667,13737,13669
13667,13669,13668
13668,13669,14573
13669,13737,14579
13139,13676,13607
13607,13676,13670
13670,13676,13678
13161,13678,13676
13670,13678,13672
13672,13678,13694
13628,13670,13672
13628,13672,13682
13672,13691,13682
13684,13686,13638
13682,13691,13684
13672,13694,13691
13684,13691,13700
13684,13700,13686
13686,13700,13702
13161,13697,13678
13678,13697,13694
13161,14093,13697
13694,13697,14599
13694,14599,13706
13706,14599,14605
13691,13694,13706
13691,13706,13700
13700,13706,13708
13700,13708,13702
13706,14605,13708
13702,13708,14608
13702,14608,13786
13655,13637,13720
13655,13720,13656
13656,13721,13725
13656,13720,13721
13725,13721,13721
13725,13721,13722
13725,13722,13726
13667,13725,13726
13726,13722,13724
13726,13724,13727
13727,13724,13723
13727,13723,13731
13745,13731,13732
13727,13731,13745
13746,13732,13732
13745,13732,13746
13746,13732,13733
13746,13733,13747
13747,13733,18077
13667,13726,13737
13726,13727,13737
13727,13738,13737
13727,13745,13738
13738,13745,13739
13737,13738,14579
13738,14643,14579
13738,13739,14643
13739,13748,14644
13739,13745,13746
13746,13747,13748
13747,18077,18104
13747,18104,13749
13739,13746,13748
13747,13749,13748
13749,18104,18108
13686,13750,13638
13686,13765,13750
13765,13753,13750
13765,13753,13753
13768,13755,13753
13765,13768,13753
13686,13702,13765
13765,13786,13768
13768,13770,13755
13770,13758,13755
13770,13757,13758
13770,13795,13757
13795,13776,13757
13795,13797,13776
13797,13778,13776
13797,13778,13778
13801,13782,13778
13797,13801,13778
18157,18117,13782
13801,18157,13782
13702,13786,13765
13768,13786,13789
13768,13789,13770
13770,13791,13795
13770,13789,13791
13786,14661,13789
13786,14608,14661
13789,14664,13791
13795,13804,13797
13797,13807,13801
13801,18169,18157
13791,13804,13795
13797,13804,13807
13801,13807,18169
13077,14028,14026
13078,14026,14027
13087,14034,14036
13088,14029,14037
13085,14036,14028
13086,14027,14029
13090,14037,14035
13149,14035,14081
14034,14080,14036
14035,14037,14083
14026,14028,14044
14029,14045,14037
14028,14036,14082
14027,14043,14029
14026,14042,14027
14035,14083,14081
14036,14080,14082
14026,14044,14042
14027,14042,14043
14029,14043,14045
14028,14082,14044
14037,14045,14083
14042,14119,14043
13116,14060,14054
14054,14060,14062
14060,14061,14062
14061,14572,14062
14054,14062,14063
14062,14064,14063
14062,14572,14064
14063,14064,14074
13148,14078,14034
13116,14054,13148
13149,14079,13150
13149,14081,14079
13148,14054,14078
13150,14079,14075
14034,14078,14080
14080,14107,14082
14079,14081,14108
14075,14079,14106
14054,14063,14078
14075,14106,14099
14078,14105,14080
14079,14108,14106
14078,14063,14105
13164,14090,14095
14075,14099,14090
14090,14099,14095
13164,14095,14093
14093,14095,14102
14095,14099,14125
14095,14125,14102
14081,14083,14110
14042,14044,14117
14045,14118,14083
14044,14082,14109
14082,14107,14109
14081,14110,14108
14043,14120,14045
14042,14117,14119
14045,14120,14118
14043,14119,14120
14044,14109,14117
14083,14118,14110
14080,14105,14107
14106,14108,14131
14109,14132,14117
14110,14118,14147
14107,14130,14109
14108,14110,14133
14117,14146,14119
14118,14120,14149
14119,14148,14120
14119,14146,14148
14110,14147,14133
14109,14130,14132
14117,14132,14146
14118,14149,14147
14099,14106,14129
14063,14074,14105
14099,14129,14125
14105,14128,14107
14106,14131,14129
14105,14074,14128
14074,14586,14128
14102,14125,14617
14107,14128,14130
14108,14133,14131
14129,14131,14155
14125,14129,14619
14128,14586,14618
14125,14619,14617
14128,14618,14130
14129,14155,14619
14120,14148,14149
14132,14156,14146
14133,14147,14163
14131,14133,14157
14130,14154,14132
14146,14162,14148
14147,14149,14165
14148,14164,14149
14133,14163,14157
14148,14162,14164
14149,14164,14165
14146,14156,14162
14147,14165,14163
14130,14618,14154
14132,14154,14156
14131,14157,14155
14154,14715,14156
14156,14717,14162
14155,14157,14718
14162,14719,14164
14157,14163,14720
14163,14165,14743
14164,14742,14165
14061,14573,14572
14572,14573,14578
14064,14572,14574
14064,14574,14585
14572,14578,14574
13669,14578,14573
13669,14579,14578
14578,14579,14580
14579,14643,14580
14574,14578,14580
14574,14580,14592
14580,14643,14645
14580,14645,14592
14064,14585,14074
14074,14585,14586
14574,14592,14585
14585,14592,14594
14585,14594,14586
14586,14594,14587
14592,14593,14594
14592,14645,14593
14593,14595,14594
14587,14594,14595
14593,14655,14595
13697,14093,14596
13697,14596,14599
14093,14102,14596
14596,14602,14599
14599,14602,14605
14102,14614,14596
14596,14614,14602
13708,14605,14611
13708,14611,14608
14608,14611,14667
14605,14627,14611
14602,14627,14605
14611,14630,14667
14102,14617,14614
14602,14614,14633
14614,14617,14624
14586,14587,14618
14617,14619,14712
14614,14624,14633
14617,14712,14624
14602,14633,14627
14611,14627,14630
14627,14636,14630
14627,14633,14636
14624,14727,14633
14633,14727,14636
14630,14636,14796
14643,14644,14645
13739,14644,14643
14644,14646,14645
14644,14649,14646
14646,14649,14654
13748,14649,14644
13748,13749,14649
13749,14650,14649
13749,18108,14650
14650,18108,19534
14649,14650,14654
14650,14659,14654
14650,19534,14659
14659,19534,19548
14593,14645,14646
14593,14646,14655
14646,14654,14655
14654,14656,14655
14595,14655,14778
14655,14656,14778
14656,14779,14778
14654,14659,14656
14659,19548,14660
14656,14659,14660
14656,14660,14779
14660,19548,19550
14660,19550,14784
13789,14661,14664
14608,14667,14661
13791,14664,14673
14661,14667,14669
14661,14669,14664
14664,14679,14673
14664,14669,14679
13791,14673,13804
13804,14676,13807
13804,14673,14676
13807,19561,18169
13807,14676,19561
14673,14688,14676
14673,14679,14688
14676,14688,19579
14676,19579,19561
14630,14682,14667
14667,14682,14669
14669,14682,14685
14669,14685,14679
14630,14796,14682
14682,14796,14799
14682,14799,14685
14679,14691,14688
14688,19585,19579
14679,14685,14691
14685,14808,14691
14688,14691,19585
14691,19701,19585
14587,14595,14702
14595,14778,14702
14702,14778,14780
14154,14618,14711
14587,14711,14618
14155,14716,14619
14619,14716,14712
14154,14711,14715
14587,14702,14711
14624,14712,14731
14155,14718,14716
14156,14715,14717
14162,14717,14719
14157,14720,14718
14163,14743,14720
14164,14719,14742
14165,14742,14743
14712,14716,14733
14711,14730,14715
14715,14730,14732
14712,14733,14731
14715,14732,14717
14717,14754,14719
14716,14718,14755
14717,14732,14754
14716,14755,14733
14711,14702,14730
14624,14731,14727
14636,14727,14802
14636,14802,14796
14702,14780,14730
14730,14738,14732
14731,14733,14759
14730,14780,14738
14727,14731,14739
14727,14739,14802
14731,14759,14739
14719,14746,14742
14720,14743,14749
14742,14748,14743
14718,14720,14747
14720,14749,14747
14718,14747,14755
14719,14754,14746
14742,14746,14748
14743,14748,14749
14732,14758,14754
14733,14755,14761
14747,14767,14755
14746,14766,14748
14748,14768,14749
14747,14749,14769
14746,14754,14760
14746,14760,14766
14755,14767,14761
14732,14738,14758
14733,14761,14759
14754,14758,14760
14748,14766,14768
14747,14769,14767
14749,14768,14769
14760,14822,14766
14761,14767,14826
14766,14824,14768
14768,14825,14769
14767,14769,14827
14778,14779,14780
14779,14781,14780
14779,14784,14781
14660,14784,14779
14784,19550,19674
14784,19674,14785
14781,14784,14785
14785,19674,19676
14796,14802,14805
14796,14805,14799
14738,14780,14781
14802,14815,14805
14739,14815,14802
14738,14781,14814
14799,14805,14811
14781,14785,14814
14805,14815,14835
14685,14799,14808
14799,14811,14808
14691,14808,19701
14808,19707,19701
14785,14834,14814
14805,14835,14811
14808,14811,19707
14785,19676,14834
14811,19726,19707
14738,14814,14758
14739,14759,14817
14739,14817,14815
14758,14814,14816
14758,14816,14760
14759,14761,14823
14760,14816,14822
14759,14823,14817
14814,14834,14816
14815,14817,14837
14816,14836,14822
14761,14826,14823
14766,14822,14824
14767,14827,14826
14768,14824,14825
14769,14825,14827
14822,14842,14824
14817,14823,14843
14822,14836,14842
14823,14846,14843
14824,14844,14825
14823,14826,14846
14826,14827,14847
14825,14845,14827
14824,14842,14844
14826,14847,14846
14825,14844,14845
14827,14845,14847
14815,14837,14835
14816,14834,14836
14811,14835,19726
14834,19676,19725
14834,19725,14836
14835,14837,19738
14835,19738,19726
14836,19725,19737
14817,14843,14837
14842,19739,14844
14843,14846,19743
14844,19741,14845
14846,14847,19744
14845,19742,14847
14836,19737,14842
14837,14843,19740
14842,19737,19739
14837,19740,19738
14844,19739,19741
14843,19743,19740
14845,19741,19742
14846,19744,19743
14847,19742,19744
17975,17964,17963
17978,17965,17964
17975,17978,17964
17979,17966,17965
17978,17965,17965
17978,17979,17965
17979,17993,17966
17974,17975,17963
17974,17977,17975
17974,17976,17977
17975,17977,17980
17975,17980,17978
17978,18000,17979
17978,17980,18000
17993,17989,17966
17993,17990,17989
17993,17994,17990
17994,17992,17990
17996,17991,17991
17996,17991,17992
18192,17995,17991
18191,17953,17995
17996,18192,17991
18191,17995,18192
17994,17996,17992
17994,18199,17996
17979,18001,17993
17979,18000,18001
17980,18744,18000
18000,18745,18001
17993,18002,17994
17993,18001,18002
17994,18002,18199
18001,18914,18002
18001,18745,18914
18017,18003,18005
18017,18005,18019
18019,18005,18009
18019,18009,18029
18029,18009,18009
18029,18009,18011
18031,18011,18038
18029,18011,18031
18017,18019,18023
18019,18029,18025
18019,18025,18023
18029,18031,18035
18025,18029,18035
18031,18064,18035
18052,18044,18042
18050,18038,18039
18050,18039,18044
18031,18038,18050
18050,18044,18052
18059,18042,18042
18059,18042,18056
18217,18056,17955
18059,18056,18217
18052,18042,18059
18052,18059,18070
18059,18217,18227
18031,18050,18064
18050,18052,18066
18050,18066,18064
18064,18066,18775
18052,18070,18066
18059,18227,18070
18066,18070,18778
18070,18938,18778
18104,18077,18078
18104,18078,18105
18105,18078,18079
18105,18079,18106
18107,18080,18090
18106,18079,18079
18106,18079,18080
18106,18080,18107
18095,18092,18089
18193,18093,17953
18096,18089,18089
18096,18089,18093
18096,18093,18193
18094,18091,18092
18094,18090,18091
18094,18092,18095
18094,18107,18090
18095,18089,18096
18095,18096,18114
18096,18193,18207
18104,18105,18108
18105,18106,18109
18106,18107,18110
18105,18109,18108
18106,18110,18109
18107,18115,18110
18094,18115,18107
18094,18095,18116
18094,18116,18115
18096,18207,18114
18095,18114,18116
18115,18116,19540
18114,19541,18116
18114,19603,19541
18159,18119,18117
18163,18123,18119
18159,18163,18119
18165,18125,18123
18163,18123,18123
18163,18165,18123
18146,18125,18165
18215,17955,18143
18152,18131,18131
18219,18143,18131
18152,18131,18137
18215,18143,18219
18152,18219,18131
18146,18133,18125
18146,18134,18133
18146,18148,18134
18148,18137,18134
18148,18152,18137
18148,18239,18152
18157,18159,18117
18157,18171,18159
18159,18175,18163
18163,18181,18165
18157,18169,18171
18159,18171,18175
18163,18175,18181
18146,18165,18183
18165,18181,18183
18146,18178,18148
18148,18178,18239
18146,18183,18178
18175,19567,18181
18181,19570,18183
18178,18183,19627
18183,19570,19627
18191,18193,17953
18191,18192,18194
17996,18200,18192
17996,18199,18200
18192,18200,18194
18191,18208,18193
18191,18194,18208
18193,18208,18207
18194,18200,18213
18002,18201,18199
18002,18914,18201
18199,18202,18200
18200,18202,18213
18199,18201,18202
18201,18928,18202
18207,18208,18210
18194,18209,18208
18194,18213,18209
18208,18209,18210
18114,18207,19603
18207,18210,19603
18209,19604,18210
18202,18214,18213
18202,18928,18214
18209,18213,19609
18213,18214,19609
18209,19609,19604
18214,18928,20080
18215,18217,17955
18215,18219,18224
18215,18229,18217
18217,18229,18227
18215,18224,18229
18152,18241,18219
18219,18241,18224
18152,18239,18241
18224,18241,18251
18227,18229,18233
18070,18227,18938
18227,18233,18938
18224,18235,18229
18229,18235,18233
18224,18251,18235
18233,18235,18944
18178,18247,18239
18239,18245,18241
18241,18245,18251
18178,19627,18247
18239,18247,18245
18245,18247,19636
18245,18254,18251
18235,18251,18959
18235,18959,18944
18251,18254,18959
18245,19636,18254
18254,19636,20100
17976,18729,18730
17976,18730,17977
18729,18736,18738
18729,18738,18730
17977,18731,17980
17977,18730,18731
17980,18731,18744
18730,18738,18751
18730,18751,18731
18736,18739,18738
18736,18737,18739
18737,18802,18739
18738,18752,18751
18738,18739,18752
18739,18818,18752
18000,18744,18745
18731,18746,18744
18731,18751,18746
18744,18747,18745
18744,18746,18747
18746,18751,18753
18751,18752,18753
18752,18818,18820
18746,18921,18747
18746,18753,18921
18752,18820,18753
18753,18820,18922
18023,18025,18754
18025,18756,18754
18754,18756,18763
18756,18769,18763
18025,18035,18756
18035,18760,18756
18035,18064,18760
18756,18760,18769
18760,18787,18769
18763,18769,18766
18766,18772,18827
18766,18769,18772
18769,18787,18772
18772,18787,18790
18772,18790,18833
18064,18775,18760
18760,18775,18787
18775,18781,18787
18066,18778,18775
18778,18938,18783
18775,18778,18781
18778,18783,18781
18781,18790,18787
18781,18793,18790
18790,18793,18879
18781,18783,18793
18783,18947,18793
18793,18885,18879
18793,18947,18885
18737,18800,18802
18800,18803,18802
18800,18801,18803
18739,18802,18818
18802,18803,18819
18802,18819,18818
18818,18819,18821
18818,18821,18820
18827,18833,18830
18772,18833,18827
18830,18836,18840
18830,18833,18836
18801,18859,18803
18790,18879,18833
18833,18879,18836
18803,18859,18891
18836,18882,18860
18801,18839,18859
18840,18860,18844
18839,18843,18861
18836,18860,18840
18839,18861,18859
18844,18860,18862
18844,18862,18846
18843,18845,18867
18843,18867,18861
18846,18862,18868
18845,18847,18869
18846,18868,18849
18847,18848,18870
18849,18871,18850
18848,18850,18872
18860,18892,18862
18859,18861,18893
18845,18869,18867
18849,18868,18871
18847,18870,18869
18850,18871,18872
18848,18872,18870
18862,18894,18868
18879,18885,18882
18836,18879,18882
18803,18891,18819
18860,18882,18892
18882,18885,18888
18882,18888,18892
18819,18891,18998
18819,18998,18821
18888,18999,18892
18859,18893,18891
18862,18892,18894
18861,18899,18893
18861,18867,18899
18868,18900,18871
18868,18894,18900
18867,18869,18901
18871,18903,18872
18869,18870,18902
18870,18872,18904
18867,18901,18899
18869,18902,18901
18871,18900,18903
18872,18903,18904
18870,18904,18902
18892,18999,18894
18891,18893,19013
18893,18899,19015
18894,19014,18900
18891,19013,18998
18894,18999,19014
18893,19015,19013
18900,19014,19016
18900,19016,18903
18899,18901,19021
18903,19022,18904
18901,18902,19023
18902,18904,19024
18745,18915,18914
18745,18747,18915
18747,18923,18915
18201,18914,18916
18914,18915,18916
18201,18916,18928
18915,18929,18916
18915,18923,18929
18747,18921,18923
18753,18922,18921
18921,18924,18923
18921,18922,18924
18922,18935,18924
18916,18930,18928
18916,18929,18930
18928,18930,20080
18929,20082,18930
18929,18936,20082
18923,18936,18929
18923,18924,18936
18924,18935,18937
18924,18937,18936
18936,20089,20082
18936,18937,20089
18783,18938,18941
18233,18941,18938
18783,18941,18947
18233,18944,18941
18941,18944,18953
18944,18962,18953
18941,18953,18947
18947,18953,18950
18885,18947,18950
18953,18962,18956
18950,18953,18956
18950,18956,19002
18956,18968,19002
18944,18959,18962
18959,18965,18962
18962,18965,18971
18254,18965,18959
18254,20100,18965
18965,20100,20106
18965,20106,18971
18956,18962,18971
18956,18971,18968
18968,18974,19034
18971,20106,18974
18968,18971,18974
18935,18975,18937
18974,18976,19034
18820,18821,18985
18820,18985,18922
18922,18985,18935
18885,18950,18888
18888,18950,19002
18821,19005,18985
18888,19002,18999
18821,18998,19005
18999,19002,19006
18999,19006,19014
18985,19005,19033
18968,19006,19002
18998,19007,19005
19006,19008,19014
18998,19013,19007
19008,19016,19014
19013,19015,19029
18899,19021,19015
18903,19016,19022
18901,19023,19021
18904,19022,19024
18902,19024,19023
19007,19013,19029
19008,19030,19016
19015,19021,19049
19016,19030,19022
19015,19049,19029
19022,19030,19050
19021,19051,19049
19024,19050,19052
19023,19052,19051
19021,19023,19051
19022,19050,19024
19023,19024,19052
18935,18985,19033
18968,19034,19006
19005,19007,19037
19006,19034,19008
19005,19037,19033
19007,19029,19039
19008,19038,19030
19008,19034,19038
19007,19039,19037
19029,19041,19039
19030,19038,19040
18935,19033,18975
18976,19038,19034
19033,19037,20171
18975,19033,20171
18976,20172,19038
19038,20172,19040
19037,19039,20173
19039,19041,20179
19040,20174,19042
19042,20180,19058
19041,19057,20181
19057,19058,20182
19030,19040,19050
19029,19049,19041
19042,19052,19050
19040,19042,19050
19049,19051,19057
19051,19052,19058
19041,19049,19057
19042,19058,19052
19051,19058,19057
18108,18109,19534
18109,19535,19534
18109,18110,19535
18110,18115,19533
18110,19533,19535
19534,19535,19548
19535,19549,19548
19533,19549,19535
19533,19555,19549
18115,19540,19533
18116,19541,19540
19541,19603,19543
19533,19540,19555
19540,19542,19555
19540,19541,19542
19541,19543,19542
19548,19549,19550
19549,19555,19551
19549,19551,19550
19550,19551,19674
19551,19555,19556
19551,19556,19675
19542,19556,19555
19542,19557,19556
19542,19543,19557
19543,19616,19557
19556,19557,19682
19557,19616,19683
19557,19683,19682
18169,19563,18171
18169,19561,19563
18171,19558,18175
18175,19558,19567
18171,19563,19558
19561,19579,19582
19561,19582,19563
19558,19563,19591
19563,19582,19591
18181,19567,19570
19567,19575,19570
19558,19573,19567
19558,19591,19573
19567,19573,19575
19579,19588,19582
19582,19594,19591
19579,19585,19588
19585,19704,19588
19582,19588,19594
19588,19713,19594
19573,19591,19597
19591,19594,19597
19573,19645,19575
19573,19597,19645
19594,19713,19716
19594,19716,19597
19597,19716,19651
18210,19605,19603
19543,19603,19605
18210,19604,19605
19543,19605,19616
19604,19617,19605
19604,19611,19617
19604,19609,19611
19609,19610,19611
18214,19610,19609
18214,20080,19610
19610,20080,20083
19610,19624,19611
19610,20083,19624
19605,19617,19616
19616,19617,19618
19611,19619,19617
19616,19618,19683
19617,19619,19618
19618,19619,19789
19619,19625,19789
19611,19624,19619
19624,20083,19626
19619,19624,19625
19624,19626,19625
19570,19633,19627
18247,19627,19630
18247,19630,19636
19627,19633,19630
19570,19575,19633
19575,19648,19633
19630,19633,19642
19633,19648,19642
19630,19639,19636
19636,19639,20100
19630,19642,19639
19639,19642,20109
19642,19657,20109
19575,19645,19648
19645,19654,19648
19597,19651,19645
19645,19651,19654
19651,19660,19654
19642,19648,19657
19648,19654,19657
19657,20130,20109
19657,19663,20130
19654,19663,19657
19654,19660,19663
19625,19626,19817
19626,19664,19817
19660,19665,19663
19551,19675,19674
19674,19675,19676
19556,19682,19675
19675,19682,19677
19675,19677,19676
19682,19683,19684
19683,19685,19684
19677,19682,19684
19585,19701,19704
19701,19710,19704
19588,19704,19713
19701,19707,19710
19676,19677,19725
19707,19730,19710
19704,19710,19719
19677,19684,19729
19710,19730,19766
19704,19719,19713
19713,19722,19716
19713,19719,19722
19684,19765,19729
19710,19766,19719
19684,19685,19765
19719,19806,19722
19719,19766,19806
19685,19805,19765
19707,19726,19730
19677,19729,19725
19725,19729,19737
19726,19738,19732
19726,19732,19730
19729,19731,19737
19729,19765,19731
19730,19732,19768
19731,19739,19737
19732,19738,19754
19738,19740,19754
19731,19753,19739
19739,19753,19741
19740,19743,19757
19741,19755,19742
19743,19744,19758
19742,19756,19744
19731,19767,19753
19741,19753,19755
19740,19757,19754
19742,19755,19756
19743,19758,19757
19744,19756,19758
19730,19768,19766
19731,19765,19767
19732,19774,19768
19765,19805,19767
19766,19768,19834
19766,19834,19806
19767,19805,19833
19767,19833,19773
19768,19774,19836
19768,19836,19834
19773,19833,19835
19732,19754,19774
19753,19767,19773
19753,19773,19755
19754,19777,19774
19755,19775,19756
19754,19757,19777
19757,19758,19778
19756,19776,19758
19755,19773,19775
19756,19775,19776
19757,19778,19777
19758,19776,19778
19773,19835,19775
19775,19845,19776
19774,19777,19846
19777,19778,19848
19776,19847,19778
19618,19685,19683
19618,19789,19685
19651,19716,19802
19716,19722,19802
19722,19810,19802
19651,19802,19660
19625,19809,19789
19802,19810,19818
19685,19789,19805
19789,19809,19805
19722,19806,19810
19805,19809,19833
19806,19812,19810
19809,19811,19833
19660,19802,19818
19625,19817,19809
19660,19818,19665
19665,19818,20202
19664,19821,19817
19818,19822,20202
19664,20201,19821
19810,19822,19818
19809,19817,19811
19810,19812,19822
19811,19817,19821
19811,19821,19841
19812,19842,19824
19812,19824,19822
19821,19823,19841
19824,19842,19826
19821,20201,19823
19822,19824,20204
19823,20203,19825
19825,20209,19861
19824,19826,20210
19826,19862,20212
19861,20211,19862
19806,19834,19812
19811,19835,19833
19834,19836,19842
19812,19834,19842
19811,19841,19835
19836,19854,19842
19835,19841,19845
19836,19846,19854
19841,19853,19845
19847,19853,19855
19846,19856,19854
19848,19855,19856
19775,19835,19845
19774,19846,19836
19776,19845,19847
19777,19848,19846
19778,19847,19848
19845,19853,19847
19846,19848,19856
19847,19855,19848
19823,19853,19841
19826,19842,19854
19823,19825,19853
19825,19855,19853
19854,19856,19862
19855,19861,19856
19826,19854,19862
19825,19861,19855
19856,19861,19862
18930,20081,20080
20080,20081,20083
18930,20082,20081
20081,20082,20084
20082,20089,20084
20081,20094,20083
20081,20084,20094
19626,20083,20094
20100,20102,20106
19639,20102,20100
20102,20115,20106
19639,20109,20102
20102,20109,20112
20109,20130,20112
20102,20112,20115
18937,20118,20089
18974,20106,20115
18937,18975,20118
18974,20115,18976
18976,20119,20172
18976,20115,20119
18975,20120,20118
20084,20089,20145
20112,20119,20115
20089,20118,20145
20112,20146,20119
20119,20146,20121
20118,20147,20145
20119,20121,20172
20118,20120,20147
20121,20148,20123
19663,20134,20130
20084,20133,20094
20112,20130,20146
20084,20145,20133
20130,20134,20146
20134,20148,20146
20133,20145,20135
19626,20094,19664
19663,19665,20134
19664,20094,20133
19664,20133,20201
19665,20136,20134
20134,20136,20148
20135,20147,20137
20133,20135,20201
20121,20146,20148
20135,20145,20147
20120,20149,20147
20123,20148,20150
20120,20122,20149
20123,20150,20188
20122,20187,20157
20158,20190,20188
20122,20157,20149
20150,20158,20188
20159,20187,20189
20157,20187,20159
20158,20160,20190
20159,20189,20160
20137,20147,20149
20136,20150,20148
20149,20157,20217
20138,20158,20150
20136,20138,20150
20137,20149,20217
20157,20219,20217
20138,20218,20158
20157,20159,20219
20158,20218,20160
20159,20160,20220
20160,20218,20220
19037,20173,20171
18975,20171,20120
20122,20171,20173
20121,20174,20172
19039,20179,20173
19040,20172,20174
19041,20181,20179
19042,20174,20180
19058,20180,20182
19057,20182,20181
20120,20171,20122
20121,20123,20174
20123,20180,20174
20173,20179,20187
20180,20188,20182
20179,20181,20189
20181,20182,20190
20122,20173,20187
20123,20188,20180
20179,20189,20187
20182,20188,20190
20181,20190,20189
20160,20189,20190
19665,20202,20136
20135,20203,20201
20138,20202,20204
19822,20204,20202
20136,20202,20138
20135,20137,20203
20137,20217,20209
20138,20204,20218
20137,20209,20203
20209,20217,20211
20204,20210,20218
20210,20212,20220
20211,20219,20212
20211,20217,20219
20210,20220,20218
20212,20219,20220
19823,20201,20203
19824,20210,20204
19825,20203,20209
19826,20212,20210
19861,20209,20211
19862,20211,20212
20159,20220,20219
2748,2827,2749
2756,2757,3307
2756,3306,2758
2758,3342,2764
2757,2759,3343
2764,3344,2766
2759,2765,3345
2748,2756,2750
2748,2749,2757
2749,2751,2759
2748,2757,2756
2749,2759,2757
2750,2756,2758
2751,2765,2759
2758,2764,2849
2750,2758,2849
2751,2850,2765
2764,2851,2849
2767,2850,2852
2765,2767,3347
2764,2766,2851
2765,2850,2767
2767,2852,3478
2778,2779,2828
2778,2786,2779
2779,2787,2781
2778,2780,2788
2780,2864,2794
2781,2789,2865
2778,2788,2786
2779,2786,2787
2780,2794,2788
2781,2787,2789
2789,2795,2865
2795,2867,2865
2796,2864,2866
2786,4060,2787
2787,4061,2789
2786,2788,4076
2789,4077,2795
2788,2794,4078
2795,4079,2797
2794,2864,2796
2796,2866,4151
2795,2797,2867
2794,2796,4080
2749,2828,2751
2748,2829,2827
2749,2827,2828
2751,2828,2830
2748,2750,2829
2751,2830,2850
2750,2849,2837
2838,2852,2850
2750,2837,2829
2830,2838,2850
2837,2849,2839
2838,2840,2852
2778,2828,2827
2779,2830,2828
2780,2827,2829
2778,2827,2780
2829,2837,2864
2781,2838,2830
2780,2829,2864
2779,2781,2830
2781,2865,2838
2837,2866,2864
2837,2839,2866
2838,2865,2840
2839,2851,2841
2840,2867,2842
2766,2853,2851
2839,2849,2851
2840,2854,2852
2852,2854,3478
2766,3477,2853
2853,3477,2856
2856,3477,3479
2854,3480,3478
2841,2851,2853
2840,2842,2854
2842,2857,2854
2841,2853,2874
2853,2856,2874
2842,2875,2857
2856,3479,2877
2854,2857,3480
2839,2868,2866
2840,2865,2867
2797,2869,2867
2839,2841,2868
2842,2867,2869
2842,2869,2875
2841,2871,2868
2841,2874,2871
2869,2872,2875
2866,2868,4151
2869,4152,2872
2797,4152,2869
2868,4153,4151
2872,4152,4154
2868,2871,4153
2872,4154,2881
2856,2885,2874
2872,2886,2875
2856,2877,2885
2857,2875,2878
2875,2886,2878
2878,2886,3504
2880,2885,4162
2871,2874,2880
2872,2881,2886
2874,2885,2880
2877,2884,2885
2885,2884,4162
2886,2887,3504
2881,2887,2886
3306,3307,3313
3306,3312,3342
3307,3343,3315
3306,3313,3312
3307,3315,3313
3312,3314,3342
3314,3344,3342
3315,3343,3327
3314,3326,3344
3312,3321,3320
3314,3320,3322
3313,3323,3321
3320,3321,3396
3320,3395,3322
3321,3323,3398
3322,3397,3332
3323,3333,3400
3312,3313,3321
3312,3320,3314
3313,3315,3323
3314,3322,3326
3322,3332,3326
3315,3333,3323
3315,3327,3333
3326,3332,3356
3327,3357,3335
3327,3335,3333
3332,3334,3356
3335,3357,3363
2756,3307,3306
2757,3343,3307
2764,3342,3344
2758,3306,3342
2759,3345,3343
2765,3347,3345
2766,3344,3346
3326,3346,3344
3327,3343,3345
3345,3347,3357
3326,3356,3346
3327,3345,3357
3346,3356,3350
3350,3356,3358
3347,3359,3357
3347,3351,3359
2766,3346,3477
3346,3350,3477
2767,3351,3347
2767,3478,3351
3351,3478,3483
3350,3358,3482
3351,3483,3366
3334,3358,3356
3357,3359,3363
3334,3362,3358
3358,3362,3365
3359,3431,3363
3362,3430,3365
3358,3365,3482
3351,3366,3359
3366,3483,3492
3359,3366,3431
3366,3437,3431
3365,3430,3491
3366,3492,3437
3430,3436,3491
3320,3396,3395
3321,3398,3396
3322,3395,3397
3323,3400,3398
3332,3397,3399
3395,3396,3416
3397,3417,3399
3395,3415,3397
3396,3398,3418
3395,3416,3415
3396,3418,3416
3397,3415,3417
3398,3420,3418
3398,3400,3420
3399,3417,3419
3399,3419,3405
3400,3426,3420
3332,3399,3334
3333,3335,3406
3334,3399,3405
3333,3406,3400
3334,3405,3362
3335,3363,3408
3362,3405,3407
3335,3408,3406
3405,3425,3407
3400,3406,3426
3406,3408,3428
3415,3416,8093
3415,8092,3417
3416,3418,8095
3417,8094,3419
3418,3420,8097
3405,3419,3425
3415,8093,8092
3416,8095,8093
3417,8092,8094
3419,8094,8096
3418,8097,8095
3419,8096,3425
3420,8099,8097
3420,3426,8099
3425,8096,8098
3406,3428,3426
3407,3425,3427
3425,8098,3427
3426,3428,8115
3427,8098,8114
3426,8115,8099
3427,8114,3442
3428,8146,8115
3362,3407,3430
3363,3434,3408
3363,3431,3434
3407,3433,3430
3407,3427,3433
3408,3434,3443
3433,3442,3439
3430,3433,3436
3431,3440,3434
3431,3437,3440
3433,3439,3436
3434,3440,3446
3427,3442,3433
3408,3443,3428
3434,3446,3443
3428,3443,8146
3442,8114,8145
3442,8145,3445
3443,8152,8146
3439,3445,3543
3439,3442,3445
3440,3550,3446
3445,8151,3549
3443,3446,8152
3445,8145,8151
3446,8278,8152
3350,3479,3477
3478,3480,3483
3479,3482,3485
3350,3482,3479
3480,3489,3483
3480,3486,3489
3482,3488,3485
2877,3479,3485
2857,3486,3480
2857,2878,3486
3485,3488,3500
3486,3495,3489
3486,3501,3495
3488,3491,3494
3365,3488,3482
3483,3489,3492
3365,3491,3488
3489,3498,3492
3436,3497,3491
3492,3498,3541
3488,3494,3500
3489,3495,3498
3491,3497,3494
3494,3497,3509
3495,3558,3498
2877,3485,3503
2878,3501,3486
2878,3504,3501
3485,3500,3503
3501,3504,3513
2877,3503,2884
2884,3503,4797
3503,3506,4797
2887,3507,3504
3500,3506,3503
3500,3512,3506
3504,3507,3513
3494,3512,3500
3494,3509,3512
3495,3501,3510
3501,3513,3510
3497,3555,3509
3495,3510,3558
3510,3562,3558
3509,4803,3512
3510,3513,3516
3507,4806,3513
3513,4806,3516
3509,3555,3515
3509,3515,4803
3510,3516,3562
3436,3439,3540
3436,3540,3497
3437,3492,3541
3437,3541,3544
3439,3543,3540
3437,3544,3440
3497,3540,3555
3540,3557,3555
3498,3559,3541
3498,3558,3559
3540,3543,3557
3543,3546,3557
3541,3547,3544
3541,3559,3547
3445,3549,3543
3543,3549,3546
3440,3544,3550
3544,3553,3550
3549,8151,8277
3549,8277,3552
3446,3550,8278
3550,8284,8278
3546,3549,3552
3544,3547,3553
3552,8277,8283
3550,3553,8284
3555,3557,3561
3557,3564,3561
3558,3565,3559
3546,3564,3557
3546,3570,3564
3547,3559,3571
3559,3565,3571
3515,3555,3561
3561,3564,4877
3558,3562,3565
3564,3570,4879
3562,4881,3565
3546,3552,3570
3552,3567,3570
3547,3568,3553
3547,3571,3568
3552,8283,3567
3567,8283,8298
3553,3568,8301
3553,8301,8284
3567,4886,3570
3570,4886,4879
3567,4889,4886
3568,3571,4890
3565,4887,3571
3571,4887,4890
3567,8298,4889
4889,8298,9185
3568,9188,8301
3568,4890,9188
4060,4066,4061
4061,4067,4077
4060,4076,4068
4060,4068,4066
4061,4066,4067
4069,4079,4077
4067,4069,4077
4068,4076,4088
4069,4089,4079
2787,4060,4061
2786,4076,4060
2788,4078,4076
2789,4061,4077
2795,4077,4079
2794,4080,4078
2797,4079,4081
2797,4081,4152
2796,4151,4084
2796,4084,4080
4081,4085,4152
4084,4151,4159
4076,4078,4088
4079,4089,4081
4078,4080,4110
4081,4111,4085
4078,4110,4088
4081,4089,4111
4080,4084,4112
4080,4112,4110
4085,4111,4113
4085,4113,4160
4084,4159,4115
4067,4094,4095
4066,4096,4094
4069,4095,4097
4066,4094,4067
4067,4095,4069
4066,4068,4096
4069,4097,4089
4068,4088,4102
4068,4102,4096
4089,4097,4103
4089,4103,4111
4088,4110,4104
4094,4228,4095
4095,4229,4097
4094,4096,4230
4096,4102,4232
4097,4231,4103
4088,4104,4102
4104,4110,4119
4103,4105,4111
4110,4112,4119
4105,4113,4111
4084,4115,4112
4113,4116,4160
4115,4159,4177
4105,4120,4113
4112,4243,4119
4113,4120,4116
4116,4120,4244
4112,4115,4243
4115,4177,4246
4116,4244,4178
4115,4246,4243
4178,4244,4247
4151,4153,4159
4085,4154,4152
4154,4160,4157
2871,4156,4153
2881,4154,4157
2871,2880,4156
4085,4160,4154
4153,4156,4171
4153,4171,4159
4157,4160,4172
4156,4174,4171
4156,4165,4174
4157,4172,4166
2880,4165,4156
2880,4162,4165
2881,4157,4163
2884,4168,4162
2881,4163,2887
2887,4163,4798
4163,4169,4798
4162,4183,4165
4157,4166,4163
4162,4168,4183
4163,4166,4169
4166,4184,4169
4171,4180,4177
4159,4171,4177
4116,4172,4160
4116,4178,4172
4172,4178,4175
4171,4174,4180
4166,4172,4175
4177,4180,4335
4178,4247,4181
4174,4344,4180
4175,4178,4181
4175,4181,4187
4165,4186,4174
4165,4183,4186
4166,4175,4184
4175,4187,4184
4168,4817,4183
4183,4189,4186
4183,4817,4189
4184,4187,4819
4174,4186,4344
4186,4350,4344
4181,4347,4187
4186,4189,4350
4187,4190,4819
4187,4347,4190
4095,4228,4229
4094,4230,4228
4096,4232,4230
4097,4229,4231
4103,4231,4233
4103,4233,4105
4102,4104,4238
4104,4119,4240
4105,4239,4120
4102,4238,4232
4105,4233,4239
4104,4240,4238
4120,4239,4241
4228,4260,4229
4228,4230,4262
4229,4261,4231
4231,4263,4233
4230,4232,4264
4229,4260,4261
4228,4262,4260
4230,4264,4262
4231,4261,4263
4233,4265,4239
4233,4263,4265
4232,4270,4264
4232,4238,4270
4239,4271,4241
4238,4240,4272
4120,4241,4244
4119,4243,4249
4119,4249,4240
4241,4250,4244
4243,4246,4252
4243,4252,4249
4244,4250,4247
4240,4249,4295
4241,4273,4250
4250,4296,4253
4247,4250,4253
4249,4252,4298
4239,4265,4271
4260,4282,4261
4261,4283,4263
4260,4262,4284
4262,4264,4286
4263,4285,4265
4238,4272,4270
4241,4271,4273
4261,4282,4283
4260,4284,4282
4263,4283,4285
4262,4286,4284
4265,4285,4287
4265,4287,4271
4264,4270,4288
4264,4288,4286
4271,4287,4289
4270,4272,4292
4271,4289,4273
4273,4293,4296
4270,4292,4288
4273,4289,4293
4272,4301,4292
4240,4295,4272
4250,4273,4296
4249,4298,4295
4252,4356,4298
4253,4296,4299
4253,4299,4339
4272,4295,4301
4296,4302,4299
4293,4302,4296
4295,4304,4301
4298,4362,4304
4295,4298,4304
4299,4305,4357
4299,4302,4305
4177,4335,4246
4246,4335,4338
4181,4247,4336
4247,4253,4336
4180,4346,4335
4180,4344,4346
4181,4336,4347
4336,4348,4347
4246,4338,4252
4253,4339,4336
4335,4341,4338
4335,4346,4341
4336,4339,4348
4339,4342,4348
4344,4353,4346
4347,4348,4351
4348,4354,4351
4344,4350,4353
4190,4347,4351
4351,4354,4987
4341,4346,4368
4346,4353,4368
4342,4354,4348
4342,4369,4354
4350,4986,4353
4354,4369,4988
4252,4338,4356
4338,4359,4356
4299,4357,4339
4339,4357,4342
4338,4341,4359
4342,4357,4360
4298,4356,4362
4356,4365,4362
4357,4363,4360
4305,4363,4357
4356,4359,4365
4360,4363,4366
4341,4368,4371
4341,4371,4359
4342,4360,4369
4360,4374,4369
4353,5016,4368
4368,5025,4371
4368,5016,5025
4369,5017,4988
4369,4374,5017
4374,5028,5017
4359,4371,4373
4359,4373,4365
4360,4366,4374
4366,4375,4374
4371,5025,5027
4371,5027,4373
4374,4375,5028
4375,5029,5028
2884,4797,4168
2887,4798,3507
3506,3512,4805
3506,4800,4797
3506,4805,4800
3507,4798,4807
4168,4797,4815
4169,4801,4798
4169,4184,4818
4169,4818,4801
4797,4800,4815
4798,4801,4807
3512,4803,4805
3507,4807,4806
4806,4807,4813
3515,4811,4803
3515,4883,4811
3516,4806,4884
4803,4809,4805
4800,4805,4827
4805,4809,4827
4801,4812,4807
4807,4812,4813
4803,4811,4809
4806,4813,4884
4168,4815,4817
4815,4823,4817
4184,4819,4818
4800,4821,4815
4815,4821,4823
4801,4818,4828
4818,4819,4824
4818,4824,4828
4189,4817,4981
4190,4825,4819
4190,4982,4825
4817,4823,4981
4819,4825,4824
4800,4827,4821
4801,4828,4812
4809,4811,4830
4809,4834,4827
4809,4830,4834
4812,4902,4813
4812,4828,4835
4812,4835,4902
4821,4827,4832
4821,4990,4823
4821,4832,4990
4824,4837,4828
4824,4825,4836
4824,4836,4837
4827,4834,4832
4830,5053,4834
4828,4837,4835
4836,5054,4837
3515,3561,4883
3561,4877,4883
3516,4880,3562
3516,4884,4880
3564,4879,4877
3562,4880,4881
3565,4881,4887
4877,4904,4883
4811,4883,4901
4880,4884,4908
4813,4907,4884
4884,4907,4908
4877,4879,4906
4877,4906,4904
4879,4892,4906
4880,4895,4881
4880,4908,4895
4879,4886,4892
4886,4889,4894
4881,4896,4887
4889,9185,4898
4887,4899,4890
4890,9197,9188
4886,4894,4892
4881,4895,4896
4887,4896,4899
4889,4898,4894
4898,9185,9194
4890,4899,9197
4899,9218,9197
4811,4901,4830
4883,4904,4901
4901,4904,4919
4813,4902,4907
4902,4920,4907
4892,4916,4906
4904,4906,4913
4906,4916,4917
4906,4917,4913
4907,4920,4922
4907,4922,4908
4908,4922,4921
4908,4921,4930
4830,4901,4910
4901,4919,4910
4901,4919,4919
4830,4910,5053
4835,4923,4902
4835,4837,4911
4902,4923,4920
4835,4911,4923
4902,4923,4923
4837,5054,4911
4904,4913,4919
4892,4894,4927
4894,4929,4927
4894,4929,4929
4892,4927,4916
4895,4908,4930
4895,4931,4896
4896,4931,4931
4895,4930,4931
4894,4898,4929
4898,4933,4929
4898,9194,4933
9194,9215,4933
4896,4934,4899
4896,4931,4934
4899,4934,9218
4189,4984,4350
4189,4981,4984
4190,4351,4982
4351,4987,4982
4823,4996,4981
4981,4998,4984
4981,4996,4998
4825,4982,4991
4982,4987,4999
4350,4984,4986
4353,4986,5016
4354,4988,4987
4984,5019,4986
4984,4998,5019
4987,4988,5000
4987,5000,4999
4988,5022,5000
4823,4990,4996
4990,5002,4996
4825,4991,4836
4982,4999,4991
4991,4999,5010
4832,4834,4993
4832,5004,4990
4834,5053,4993
4832,4993,5004
4990,5004,5002
4990,5004,5004
4836,4991,4994
4836,4994,5054
4991,5010,4994
4991,5010,5010
4996,5002,5008
4996,5008,4998
4998,5008,5007
4998,5007,5037
4999,5000,5009
5000,5022,5011
5000,5012,5009
5000,5011,5012
4999,5009,5010
4986,5021,5016
4988,5017,5022
5017,5028,5023
4986,5019,5021
5016,5021,5031
5017,5023,5022
5016,5031,5025
5025,5033,5027
5028,5029,5034
5025,5031,5033
5031,5045,5033
5023,5028,5034
5029,5035,5034
4998,5037,5019
5019,5039,5021
5021,5039,5039
5019,5037,5039
5022,5023,5040
5022,5040,5011
5023,5041,5040
5023,5041,5041
5021,5043,5031
5021,5039,5043
5031,5043,5045
5023,5034,5041
5034,5046,5041
5034,5035,5046
5035,5047,5046
8092,8093,8107
8092,8106,8094
8093,8095,8109
8094,8108,8096
8095,8097,8111
8097,8099,8121
8096,8110,8098
8097,8121,8111
8098,8110,8120
8092,8107,8106
8093,8109,8107
8094,8106,8108
8096,8108,8110
8095,8111,8109
8111,8121,8141
8098,8120,8114
8099,8115,8123
8114,8120,8122
8099,8123,8121
8114,8122,8145
8115,8149,8123
8120,8140,8122
8121,8123,8143
8106,8107,8131
8106,8130,8108
8108,8132,8110
8107,8109,8133
8106,8131,8130
8108,8130,8132
8107,8133,8131
8109,8135,8133
8109,8111,8135
8110,8134,8120
8111,8141,8135
8110,8132,8134
8130,8189,8132
8130,8131,8190
8132,8191,8134
8131,8133,8192
8133,8135,8198
8120,8134,8140
8121,8143,8141
8122,8140,8142
8134,8197,8140
8135,8141,8200
8135,8200,8198
8140,8197,8199
8140,8199,8142
8141,8143,8220
8142,8199,8219
8141,8220,8200
8115,8146,8149
8122,8148,8145
8145,8148,8151
8146,8155,8149
8122,8142,8148
8123,8149,8158
8148,8157,8154
8151,8154,8277
8146,8152,8155
8148,8154,8151
8152,8281,8155
8154,8163,8280
8149,8155,8164
8155,8290,8164
8142,8157,8148
8123,8158,8143
8149,8164,8158
8142,8219,8157
8143,8161,8220
8143,8158,8161
8157,8219,8160
8154,8157,8163
8158,8164,8167
8157,8160,8163
8160,8166,8163
8158,8167,8161
8131,8192,8190
8130,8190,8189
8132,8189,8191
8134,8191,8197
8133,8198,8192
8189,8190,8210
8189,8209,8191
8190,8192,8212
8197,8203,8199
8199,8225,8219
8198,8200,8226
8191,8211,8197
8192,8198,8204
8197,8211,8203
8190,8212,8210
8189,8210,8209
8191,8209,8211
8192,8204,8212
8198,8226,8204
8199,8203,8225
8209,8215,8211
8209,8210,8216
8203,8211,8238
8204,8241,8212
8210,8212,8239
8212,8241,8239
8209,8216,8215
8210,8239,8216
8211,8215,8238
8200,8220,8228
8161,8231,8220
8160,8219,8227
8220,8231,8228
8219,8225,8227
8200,8228,8226
8160,8230,8166
8160,8227,8230
8161,8167,8347
8166,8230,8346
8161,8347,8231
8227,8246,8230
8228,8231,8359
8230,8358,8346
8203,8240,8225
8204,8226,8243
8203,8238,8240
8204,8243,8241
8225,8240,8242
8225,8242,8227
8227,8242,8246
8226,8228,8247
8226,8247,8243
8215,8216,8609
8215,8608,8238
8238,8610,8240
8216,8239,8611
8239,8241,8617
8240,8616,8242
8241,8243,8619
8228,8359,8247
8230,8246,8358
8242,8618,8246
8243,8247,8364
8243,8364,8619
8246,8363,8358
8246,8618,8363
8154,8280,8277
8277,8280,8283
8152,8278,8281
8278,8287,8281
8163,8289,8280
8280,8289,8286
8155,8281,8290
8281,8296,8290
8280,8286,8283
8278,8284,8287
8286,8289,8295
8281,8287,8296
8163,8166,8289
8164,8290,8293
8166,8292,8289
8166,8346,8292
8164,8293,8167
8167,8293,8353
8289,8292,8295
8292,8307,8295
8290,8296,8310
8290,8310,8293
8292,8352,8307
8307,8352,8309
8293,8310,8311
8293,8311,8353
8283,8286,8298
8286,8300,8298
8284,8301,8302
8284,8302,8287
8286,8295,8300
8295,8304,8300
8287,8305,8296
8287,8302,8305
8298,8300,9185
8300,9187,9185
8301,9189,8302
8301,9188,9189
8300,8304,9187
8304,9191,9187
8304,8313,9191
8302,9192,8305
8302,9189,9192
8305,9192,9209
8295,8307,8304
8304,8307,8313
8296,8314,8310
8296,8305,8314
8307,8309,8313
8310,8314,8317
8310,8317,8311
8313,8316,9206
8305,9209,8314
8309,8316,8313
8311,8317,8375
8314,9210,8317
8292,8346,8352
8167,8353,8347
8346,8349,8352
8231,8347,8350
8346,8358,8349
8231,8350,8359
8347,8356,8350
8309,8352,8355
8347,8353,8356
8353,8372,8356
8349,8355,8352
8350,8356,8381
8247,8359,8366
8350,8369,8359
8349,8358,8365
8349,8365,8368
8358,8363,8365
8247,8366,8364
8359,8369,8366
8349,8368,8355
8355,8368,8380
8350,8381,8369
8365,8666,8368
8366,8369,8690
8368,8666,8689
8309,8355,8371
8309,8371,8316
8311,8372,8353
8355,8380,8371
8371,8380,8377
8356,8378,8381
8356,8372,8378
8316,8371,8374
8311,8375,8372
8372,8375,9286
8371,8377,8374
8374,8377,9283
8377,8383,9283
8372,9286,8378
8377,8380,8386
8369,8381,8387
8368,8689,8380
8380,8689,8386
8369,8387,8690
8377,8386,8383
8378,8384,8381
8381,8384,8387
8383,8386,8696
8387,8699,8690
8384,9296,8387
8387,9296,8699
8215,8609,8608
8216,8611,8609
8238,8608,8610
8239,8617,8611
8240,8610,8616
8241,8619,8617
8242,8616,8618
8616,8659,8618
8363,8618,8661
8617,8619,8662
8610,8626,8616
8609,8611,8627
8608,8624,8610
8608,8609,8625
8611,8617,8660
8608,8625,8624
8609,8627,8625
8610,8624,8626
8618,8659,8661
8617,8662,8660
8616,8626,8659
8611,8660,8627
8624,8625,8673
8364,8664,8619
8363,8661,8663
8363,8663,8365
8364,8366,8667
8364,8667,8664
8619,8664,8662
8661,8684,8663
8660,8662,8685
8365,8663,8666
8366,8690,8667
8663,8686,8666
8663,8684,8686
8662,8664,8687
8666,8686,8692
8664,8667,8693
8664,8693,8687
8626,8674,8659
8625,8627,8675
8659,8682,8661
8627,8660,8683
8624,8672,8626
8624,8673,8672
8625,8675,8673
8626,8672,8674
8661,8682,8684
8660,8685,8683
8659,8674,8682
8627,8683,8675
8662,8687,8685
8684,8711,8686
8674,8728,8682
8675,8683,8710
8672,8730,8674
8672,8673,8731
8673,8675,8729
8673,8729,8731
8682,8709,8684
8683,8685,8712
8682,8728,8709
8674,8730,8728
8675,8710,8729
8683,8712,8710
8386,8689,8697
8666,8692,8689
8667,8690,8698
8689,8692,8697
8667,8698,8693
8692,8716,8697
8386,8697,8696
8697,8701,8696
8690,8699,8698
8698,8699,9856
8693,8698,8702
8697,8716,8701
8693,8702,8717
8698,9856,8702
8686,8713,8692
8686,8711,8713
8685,8687,8714
8692,8713,8716
8687,8693,8717
8687,8717,8714
8684,8709,8711
8685,8714,8712
8711,8738,8713
8701,8716,9869
8714,8717,9870
8713,9871,8716
8712,8714,9872
8716,9871,9869
8714,9870,9872
8713,8738,9871
8672,8731,8730
8709,8728,8744
8710,8737,8729
8731,8729,8745
8728,8730,8746
8730,8731,8747
8709,8736,8711
8710,8712,8739
8730,8747,8746
8731,8745,8747
8709,8744,8736
8729,8737,8745
8728,8746,8744
8711,8736,8738
8710,8739,8737
8712,9872,8739
8737,8739,9921
8736,8744,9924
8747,8745,9925
8736,9922,8738
8737,9923,8745
8746,8747,9933
8744,8746,9932
9185,9187,9194
9187,9191,9196
9188,9198,9189
9191,9206,9200
9189,9203,9192
9192,9204,9209
9187,9196,9194
9194,9196,9215
9188,9197,9198
9189,9198,9203
9191,9200,9196
9200,9206,9202
9192,9203,9204
8313,9206,9191
8316,9208,9206
8314,9209,9210
8316,8374,9208
8374,9212,9208
8317,9213,8375
8317,9210,9213
9202,9206,9208
9202,9208,9229
9209,9232,9210
9204,9232,9209
9210,9232,9233
9208,9212,9229
9212,9231,9229
9212,9289,9231
9210,9233,9213
9213,9236,9292
9196,9217,9215
9196,9200,9217
9200,9221,9217
9197,9219,9198
9197,9218,9219
9198,9224,9203
9198,9219,9224
9200,9202,9221
9200,9221,9221
9202,9229,9223
9202,9223,9221
9203,9224,9224
9203,9224,9225
9203,9225,9204
9204,9225,9245
9229,9239,9223
9229,9240,9239
9229,9231,9240
9231,9242,9240
9204,9245,9232
9232,9245,9246
9232,9246,9247
9232,9247,9233
9231,9289,9235
9231,9235,9242
9213,9233,9236
9236,9309,9292
9233,9248,9236
9233,9247,9248
9235,9244,9242
9235,9244,9244
9304,9250,9244
9235,9304,9244
9304,9306,9250
9306,9327,9250
9236,9248,9248
9236,9248,9251
9236,9251,9309
9309,9251,9328
8374,9283,9212
8375,9213,9292
8375,9292,9286
8383,9285,9283
9283,9285,9289
8378,9286,9287
9212,9283,9289
9286,9292,9293
9285,9291,9289
9285,9298,9291
9286,9293,9287
9287,9293,9302
9287,9302,9299
8383,9295,9285
8378,9287,8384
8384,9287,9299
8384,9299,9296
8383,8696,9295
8699,9296,9859
9285,9295,9298
9296,9299,9316
9295,9858,9298
9298,9858,9313
9313,9858,9877
9296,9316,9859
9235,9289,9291
9235,9291,9304
9291,9301,9304
9292,9309,9293
9293,9309,9310
9293,9310,9302
9291,9298,9301
9299,9302,9322
9301,9306,9304
9306,9308,9327
9302,9310,9311
9309,9328,9310
9301,9319,9306
9306,9319,9308
9308,9319,9321
9302,9311,9322
9311,9373,9322
9322,9373,9323
9298,9313,9301
9301,9313,9319
9313,9315,9319
9299,9322,9316
9316,9322,9323
9313,9877,9315
9316,9317,9859
9316,9323,9317
9315,9321,9319
9317,9323,9396
9315,9880,9321
9321,9880,9395
9317,9396,9881
9308,9369,9327
9308,9372,9369
9372,9375,9369
9372,9375,9375
9310,9328,9370
9310,9370,9311
9311,9382,9373
9311,9370,9382
9373,9382,9382
9373,9382,9383
9308,9321,9372
9372,9387,9375
9372,9395,9387
9323,9373,9390
9373,9383,9390
9387,9377,9375
9387,9389,9377
9389,9381,9377
9389,9380,9381
9389,9414,9380
9390,9383,9385
9390,9385,9391
9391,9385,9384
9391,9384,9407
9321,9395,9372
9387,9395,9398
9323,9390,9396
9390,9391,9396
9391,9401,9396
9395,9880,10000
9395,10000,9398
9396,9401,9881
9401,10001,9881
9387,9398,9389
9389,9398,9400
9389,9400,9414
9391,9417,9401
9401,9417,9402
9398,10009,9400
9401,9402,10001
9402,9421,10010
9414,9404,9380
9414,9416,9404
9416,9406,9404
9416,9406,9406
9391,9407,9417
9417,9407,9408
9417,9408,9418
9418,9408,9408
9416,9423,9406
9423,9410,9406
9423,18018,9410
18018,18004,9410
9418,9408,9411
9418,9411,9424
9424,9411,18007
9414,9420,9416
9402,9417,9418
9418,9424,9421
9400,9420,9414
9416,9420,9426
9402,9418,9421
9416,9426,9423
9423,18024,18018
9424,18007,18021
9424,18021,9427
9423,9426,18024
9421,9424,9427
9427,18021,18027
8696,9855,9295
8696,8701,9855
9295,9855,9858
8699,9859,9856
8701,9864,9855
8702,9856,9862
8702,9862,9865
9855,9861,9858
9858,9861,9877
9856,9859,9878
9855,9864,9861
9856,9878,9862
8702,9865,8717
8701,9869,9864
8717,9865,9870
9864,9869,9874
9869,9871,9928
9870,9875,9872
9861,9864,9889
9862,9887,9865
9865,9887,9890
9865,9890,9870
9870,9890,9875
9869,9928,9874
9864,9874,9889
9315,9877,9883
9317,9878,9859
9317,9881,9878
9878,9881,9884
9861,9886,9877
9877,9886,9883
9862,9878,9884
9862,9884,9887
9315,9883,9880
9880,9883,10003
9881,10001,9884
9883,9892,10003
9884,10006,9887
9884,10001,10006
9861,9889,9886
9887,9893,9890
9886,9889,9895
9874,9943,9889
9875,9890,9896
9890,9893,9896
9889,9943,9895
9883,9886,9892
9886,9895,9892
9887,10006,9893
9892,9895,10055
9893,10013,9896
8739,9872,9929
8738,9920,9871
9872,9875,9929
9871,9920,9928
8739,9929,9921
8738,9922,9920
8737,9921,9923
8736,9924,9922
8744,9932,9924
8745,9923,9925
8746,9933,9932
8747,9925,9933
9875,9944,9929
9874,9928,9949
9920,9951,9928
9920,9922,9959
9923,9960,9925
9921,9952,9923
9928,9951,9949
9921,9929,9950
9921,9950,9952
9920,9959,9951
9923,9952,9960
9925,9939,9933
9932,9933,9941
9924,9932,9940
9922,9924,9938
9924,9940,9938
9932,9941,9940
9933,9939,9941
9922,9938,9959
9925,9960,9939
9874,9949,9943
9929,9944,9950
9875,9896,9944
9949,9951,9967
9950,9956,9952
9895,9943,10058
9896,10056,9944
9944,10059,9950
9895,10058,10055
9944,10056,10059
9943,9949,9955
9950,10059,9956
9949,9967,9955
9943,9955,10058
9938,9973,9959
9940,9941,9976
9941,9939,9974
9938,9940,9975
9951,9959,9965
9952,9968,9960
9939,9960,9966
9959,9973,9965
9939,9966,9974
9940,9976,9975
9938,9975,9973
9941,9974,9976
9951,9965,9967
9952,9956,9968
9960,9968,9966
9965,9973,10074
9966,10073,9974
9975,9976,10077
9976,9974,10075
9973,9975,10076
9880,10003,10000
9398,10000,10009
10001,10010,10006
10000,10003,10005
10000,10005,10009
10006,10010,10007
9400,10009,10021
9402,10010,10001
10005,10015,10009
10009,10015,10021
10007,10010,10022
10007,10022,10016
9892,10012,10003
10003,10012,10005
9893,10006,10007
9893,10007,10013
9892,10055,10012
10012,10055,10061
9896,10013,10056
10013,10019,10056
10005,10012,10018
10005,10018,10015
10007,10016,10013
10013,10016,10019
10012,10061,10018
10019,10062,10056
9400,10021,9420
9420,10024,9426
9420,10021,10024
9421,10022,10010
9421,9427,10022
9427,10025,10022
10015,10027,10021
10021,10027,10024
10016,10022,10025
10016,10025,10028
9426,10024,18755
9426,18755,18024
9427,18027,10025
10025,18027,18758
10024,10027,18764
10024,18764,18755
10025,18758,10028
10028,18758,18765
10015,10030,10027
10016,10028,10019
10015,10018,10030
10018,10087,10030
10019,10031,10062
10019,10028,10031
10027,18767,18764
10028,18765,10031
10027,10030,18767
10030,18828,18767
10031,18768,10088
10031,18765,18768
10055,10058,10064
10056,10062,10059
10059,10062,10065
9956,10059,10065
9955,10082,10058
10058,10082,10064
9956,10065,10083
10055,10064,10061
10062,10088,10065
10061,10064,10090
10064,10082,10096
10065,10091,10083
9955,9967,10084
9956,10083,9968
9965,10072,9967
9966,9968,10085
9955,10084,10082
9968,10083,10085
9967,10072,10084
9966,10085,10073
9965,10074,10072
9974,10073,10075
9973,10076,10074
9975,10077,10076
9976,10075,10077
10083,10097,10085
10082,10084,10098
10073,10085,10099
10073,10107,10075
10072,10074,10108
10074,10076,10110
10077,10075,10109
10076,10077,10111
10072,10106,10084
10073,10099,10107
10072,10108,10106
10075,10107,10109
10074,10110,10108
10076,10111,10110
10077,10109,10111
10018,10061,10087
10031,10088,10062
10061,10090,10087
10065,10088,10091
10064,10096,10090
10083,10091,10097
10030,10087,18828
10088,18829,10091
10088,18768,18829
10087,18831,18828
10087,10090,18831
10091,18832,10097
10091,18829,18832
10090,18841,18831
10082,10098,10096
10085,10097,10099
10084,10106,10098
10106,10108,18855
10107,18854,10109
10111,10109,18856
10108,10110,18857
10110,10111,18858
10090,10096,18841
10096,10098,18851
10097,18842,10099
10097,18832,18842
10096,18851,18841
10099,18842,18852
10098,10106,18853
10107,18852,18854
10099,18852,10107
10106,18855,18853
10109,18854,18856
10108,18857,18855
10110,18858,18857
10111,18856,18858
10098,18853,18851
4286,4288,12920
4282,12910,4283
4283,12911,4285
4282,4284,12912
4284,4286,12914
4285,12913,4287
4287,12915,4289
4286,12920,12914
4289,12915,12921
4288,4292,12922
4289,12921,4293
4293,12923,4302
4288,12922,12920
4293,12921,12923
4292,12925,12922
4283,12910,12911
4282,12912,12910
4285,12911,12913
4284,12914,12912
4287,12913,12915
12914,12920,12934
12921,12935,12923
12920,12922,12936
4292,4301,12925
4302,12926,4305
4302,12923,12926
4301,12928,12925
4304,12985,12928
4301,4304,12928
4305,12929,4363
4305,12926,12929
12922,12925,12951
12923,12937,12926
12926,12952,12929
12928,12997,12954
12925,12928,12954
12929,12955,12986
12910,12944,12911
12911,12945,12913
12910,12912,12946
12913,12947,12915
12912,12914,12948
12915,12949,12921
12914,12934,12948
12911,12944,12945
12912,12948,12946
12910,12946,12944
12913,12945,12947
12915,12947,12949
12920,12936,12934
12921,12949,12935
12923,12935,12937
12945,13039,12947
12944,13038,12945
12944,12946,13040
12947,13041,12949
12946,12948,13048
12934,13046,12948
12935,12949,13049
12934,12936,13056
12935,13047,12937
12948,13046,13048
12935,13049,13047
12934,13056,13046
12937,13047,13057
12922,12951,12936
12926,12937,12952
12925,12954,12951
12929,12952,12955
12951,12954,12960
12937,13057,12952
12936,12951,12957
12936,12957,13056
12952,13057,12958
12951,12960,12957
12952,12958,12955
12955,12958,12961
4304,4362,12985
4362,12988,12985
4363,12986,4366
4363,12929,12986
4362,4365,12988
4366,12986,12989
12928,12985,12997
12985,13000,12997
12986,12998,12989
12955,12998,12986
12985,12988,13000
12989,12998,13001
4365,4373,12991
4365,12991,12988
4366,12989,4375
4375,12989,12992
4373,5027,13577
4373,13577,12991
4375,12992,5029
5029,12992,13578
12988,12991,12994
12988,12994,13000
12989,13001,12992
12992,13001,12995
12991,13583,12994
12991,13577,13583
12994,13583,13602
12992,12995,13578
12995,13584,13578
12995,13007,13584
12954,12997,13003
12955,12961,12998
12997,13000,13009
12997,13009,13003
12998,13004,13001
13001,13004,13012
12954,13003,12960
12960,13003,13128
12961,13004,12998
12961,13126,13004
13003,13009,13011
13003,13011,13128
13004,13129,13012
13012,13129,13013
12994,13006,13000
13000,13006,13009
12995,13001,13012
12995,13012,13007
12994,13602,13006
13007,13016,13605
13006,13015,13009
13009,13015,13011
13007,13012,13013
13006,13604,13015
13011,13015,13140
13007,13013,13016
12944,13040,13038
12947,13039,13041
12945,13038,13039
12946,13048,13040
12949,13041,13049
13047,13049,13053
13046,13062,13048
13047,13063,13057
13038,13040,13075
13039,13074,13041
13038,13073,13039
13040,13048,13052
13041,13076,13049
13049,13076,13053
13048,13062,13052
13047,13053,13063
13038,13075,13073
13041,13074,13076
13039,13073,13074
13040,13052,13075
12957,13067,13056
13046,13056,13064
13056,13067,13064
12958,13057,13065
12958,13068,12961
12957,12960,13125
12958,13065,13068
12957,13125,13067
12961,13068,13126
13046,13064,13062
13057,13063,13065
13068,13147,13126
13064,13067,13146
13065,13084,13068
13053,13076,13092
13052,13093,13075
13073,13079,13074
13074,13080,13076
13073,13075,13091
13075,13093,13091
13073,13091,13079
13074,13079,13080
13076,13080,13092
13052,13062,13095
13053,13094,13063
13062,13064,13083
13063,13096,13065
13065,13096,13084
13052,13095,13093
13053,13092,13094
13063,13094,13096
13062,13083,13095
13064,13146,13083
13068,13084,13147
13079,14030,13080
13080,14031,13092
13091,13093,14040
13092,14033,13094
13079,13091,14032
13094,14041,13096
13093,13095,14038
13083,13151,13095
13084,13096,14039
13084,13152,13147
13095,13151,14038
13084,14039,13152
12960,13128,13125
13004,13126,13129
13125,13128,13134
13128,13137,13134
13013,13129,13135
13125,13134,13131
13067,13125,13131
13126,13132,13129
13067,13131,13146
13126,13147,13132
13131,13134,13159
13129,13132,13135
13011,13137,13128
13013,13138,13016
13013,13135,13138
13011,13140,13137
13137,13140,13677
13016,13138,13141
13134,13137,13143
13134,13143,13159
13135,13160,13138
13138,13160,13144
13137,13677,13143
13138,13144,13141
13141,13144,13680
13144,13163,13680
13131,13156,13146
13083,13146,13153
13132,13147,13154
13132,13154,13157
13131,13159,13156
13132,13157,13135
13135,13157,13160
13083,13153,13151
13147,13152,13154
13146,13156,13153
13153,13156,14091
13154,14077,13157
13157,14077,14092
13156,13159,13165
13144,13160,13166
13143,13162,13159
13159,13162,13165
13144,13166,13163
13156,13165,14091
13157,14092,13160
13160,14092,13166
13162,13698,13165
13165,14094,14091
13165,13698,14094
13163,13166,14096
5027,13580,13577
5029,13578,5035
13578,13584,13581
5027,5033,13580
13577,13580,13586
5035,13578,13581
5035,13581,5047
13577,13586,13583
13583,13588,13602
13584,13605,13589
13583,13586,13588
13581,13584,13589
13589,13605,13590
5033,5045,13592
5033,13592,13580
13580,13592,13595
13580,13595,13586
13581,13593,5047
13581,13589,13593
13589,13598,13593
13586,13595,13595
13586,13595,13597
13586,13597,13588
13588,13597,13618
13589,13598,13598
13589,13590,13598
13590,13599,13598
13590,13614,13599
13006,13602,13604
13007,13605,13584
13016,13606,13605
13588,13611,13602
13602,13611,13604
13604,13611,13613
13590,13605,13606
13590,13606,13614
13015,13604,13608
13015,13608,13140
13016,13141,13606
13141,13609,13606
13604,13613,13608
13608,13629,13671
13606,13609,13614
13609,13615,13614
13609,13674,13615
13588,13618,13611
13611,13618,13619
13611,13619,13621
13611,13621,13613
13614,13624,13599
13614,13625,13624
13614,13615,13625
13615,13626,13625
13613,13621,13623
13608,13613,13629
13613,13623,13629
13629,13683,13671
13615,13630,13626
13615,13674,13630
13629,13623,13623
13629,13623,13632
13629,13632,13683
13683,13632,13639
13630,13627,13626
13630,13627,13627
13688,13633,13627
13630,13688,13627
13688,13689,13633
13689,13640,13633
13140,13608,13671
13140,13671,13677
13141,13680,13609
13671,13673,13677
13609,13680,13674
13143,13677,13679
13674,13680,13681
13163,13681,13680
13673,13679,13677
13673,13692,13679
13679,13692,13695
13674,13681,13675
13675,13681,13696
13671,13683,13673
13673,13683,13685
13673,13685,13692
13630,13674,13675
13630,13675,13688
13675,13693,13688
13683,13639,13685
13685,13687,13692
13689,13690,13640
13688,13693,13689
13692,13701,13695
13675,13696,13693
13687,13701,13692
13687,13766,13701
13701,13766,13703
13689,13693,13704
13689,13704,13690
13690,13704,13705
13143,13679,13162
13162,13679,13695
13162,13695,13698
13163,13699,13681
13695,13707,13698
13681,13699,13696
13698,14600,14094
13163,14096,13699
13698,13707,14600
13696,13699,14601
13696,14601,13710
13710,14601,14607
13695,13701,13707
13701,13703,13707
13693,13696,13710
13693,13710,13704
13704,13710,13711
13703,13787,13709
13704,13711,13705
13703,13709,13707
13707,13709,14600
13710,14607,13711
13709,13787,14609
13705,13711,14610
13705,14610,13788
13685,13639,13751
13685,13751,13687
13687,13754,13766
13687,13751,13754
13766,13754,13754
13766,13754,13756
13690,13752,13640
13690,13767,13752
13767,13761,13752
13767,13761,13761
13772,13762,13761
13766,13756,13769
13703,13766,13769
13767,13772,13761
13690,13705,13767
13767,13788,13772
13769,13756,13760
13769,13760,13771
13771,13760,13759
13771,13759,13777
13772,13773,13762
13773,13764,13762
13773,13763,13764
13773,13799,13763
13796,13777,13779
13771,13777,13796
13798,13779,13779
13796,13779,13798
13799,13780,13763
13799,13800,13780
13800,13781,13780
13800,13781,13781
13798,13779,13783
13798,13783,13802
13802,13783,18118
13803,13784,13781
13800,13803,13781
18161,18121,13784
13803,18161,13784
13703,13769,13787
13769,13771,13787
13771,13790,13787
13705,13788,13767
13772,13788,13793
13771,13796,13790
13790,13796,13792
13772,13793,13773
13773,13794,13799
13773,13793,13794
13787,13790,14609
13790,14662,14609
13788,14663,13793
13788,14610,14663
13790,13792,14662
13792,13805,14665
13793,14666,13794
13792,13796,13798
13798,13802,13805
13799,13806,13800
13802,18118,18158
13802,18158,13808
13800,13809,13803
13803,18173,18161
13792,13798,13805
13794,13806,13799
13800,13806,13809
13802,13808,13805
13808,18158,18170
13803,13809,18173
13079,14032,14030
13080,14030,14031
13093,14038,14040
13094,14033,14041
13091,14040,14032
13092,14031,14033
13096,14041,14039
14038,14086,14040
14039,14041,14088
13152,14039,14089
14030,14032,14048
14033,14049,14041
14032,14040,14087
14030,14046,14031
14031,14047,14033
14040,14086,14087
14039,14088,14089
14030,14048,14046
14031,14046,14047
14033,14047,14049
14032,14087,14048
14041,14049,14088
14046,14123,14047
13151,14084,14038
13151,13153,14076
13152,14085,13154
13152,14089,14085
13151,14076,14084
13153,14091,14076
13154,14085,14077
14038,14084,14086
14086,14113,14087
14085,14089,14116
14077,14085,14112
14076,14100,14084
14077,14112,14101
14084,14111,14086
14085,14116,14112
14084,14100,14111
13166,14092,14098
14076,14091,14097
14077,14101,14092
14092,14101,14098
14091,14094,14097
14094,14597,14097
13166,14098,14096
14096,14098,14104
14076,14097,14100
14098,14101,14127
14097,14597,14103
14097,14103,14100
14100,14103,14126
14098,14127,14104
14089,14088,14115
14049,14122,14088
14046,14048,14121
14048,14087,14114
14087,14113,14114
14089,14115,14116
14047,14124,14049
14049,14124,14122
14046,14121,14123
14047,14123,14124
14048,14114,14121
14088,14122,14115
14086,14111,14113
14112,14116,14139
14114,14137,14121
14115,14122,14151
14113,14136,14114
14116,14115,14138
14121,14150,14123
14123,14152,14124
14124,14153,14122
14123,14150,14152
14115,14151,14138
14114,14136,14137
14121,14137,14150
14122,14153,14151
14101,14112,14135
14100,14126,14111
14101,14135,14127
14111,14134,14113
14112,14139,14135
14111,14126,14134
14126,14620,14134
14104,14127,14621
14113,14134,14136
14116,14138,14139
14135,14139,14159
14127,14135,14623
14134,14620,14622
14127,14623,14621
14134,14622,14136
14135,14159,14623
14124,14152,14153
14137,14160,14150
14138,14151,14167
14139,14138,14161
14136,14158,14137
14150,14166,14152
14152,14168,14153
14153,14169,14151
14138,14167,14161
14152,14166,14168
14153,14168,14169
14150,14160,14166
14151,14169,14167
14136,14622,14158
14137,14158,14160
14139,14161,14159
14158,14721,14160
14160,14723,14166
14159,14161,14724
14161,14167,14726
14166,14725,14168
14168,14744,14169
14169,14745,14167
14094,14600,14597
13699,14096,14598
13699,14598,14601
14096,14104,14598
14597,14600,14606
14598,14604,14601
14601,14604,14607
14103,14597,14603
14103,14603,14615
14104,14616,14598
14597,14606,14603
14598,14616,14604
13709,14606,14600
13709,14609,14606
14606,14609,14612
13711,14607,14613
14609,14662,14612
13711,14613,14610
14610,14613,14671
14603,14606,14612
14603,14612,14628
14607,14629,14613
14604,14629,14607
14612,14662,14668
14612,14668,14628
14613,14632,14671
14103,14615,14126
14126,14615,14620
14104,14621,14616
14603,14628,14615
14615,14628,14634
14604,14616,14635
14616,14621,14626
14620,14625,14622
14621,14623,14714
14615,14634,14620
14620,14634,14625
14616,14626,14635
14621,14714,14626
14628,14631,14634
14604,14635,14629
14628,14668,14631
14613,14629,14632
14629,14638,14632
14631,14637,14634
14629,14635,14638
14625,14634,14637
14626,14729,14635
14635,14729,14638
14631,14683,14637
14632,14638,14798
14662,14665,14668
13793,14663,14666
14610,14671,14663
13792,14665,14662
13794,14666,14675
14665,14670,14668
14663,14671,14672
14663,14672,14666
14665,14674,14670
14670,14674,14680
14666,14681,14675
14666,14672,14681
13805,14674,14665
13805,13808,14674
13808,14677,14674
13794,14675,13806
13806,14678,13809
13806,14675,14678
13808,18170,14677
14677,18170,19562
13809,19565,18173
13809,14678,19565
14674,14677,14680
14677,14689,14680
14675,14690,14678
14675,14681,14690
14677,19562,14689
14689,19562,19580
14678,14690,19581
14678,19581,19565
14631,14668,14670
14631,14670,14683
14632,14684,14671
14671,14684,14672
14670,14680,14683
14680,14686,14683
14672,14684,14687
14672,14687,14681
14637,14683,14797
14683,14686,14797
14632,14798,14684
14684,14798,14801
14686,14800,14797
14684,14801,14687
14680,14689,14686
14681,14693,14690
14689,19580,14692
14690,19587,19581
14686,14689,14692
14686,14692,14800
14681,14687,14693
14687,14810,14693
14692,19580,19586
14692,19586,14809
14690,14693,19587
14693,19703,19587
14158,14622,14713
14622,14625,14713
14159,14722,14623
14158,14713,14721
14623,14722,14714
14625,14728,14713
14626,14714,14735
14160,14721,14723
14159,14724,14722
14166,14723,14725
14161,14726,14724
14167,14745,14726
14168,14725,14744
14169,14744,14745
14714,14722,14737
14713,14734,14721
14721,14734,14736
14714,14737,14735
14721,14736,14723
14723,14756,14725
14722,14724,14757
14723,14736,14756
14722,14757,14737
14625,14637,14728
14713,14728,14734
14626,14735,14729
14637,14797,14728
14638,14729,14804
14638,14804,14798
14728,14803,14734
14728,14797,14803
14734,14740,14736
14735,14737,14763
14734,14803,14740
14729,14735,14741
14729,14741,14804
14735,14763,14741
14725,14750,14744
14744,14752,14745
14726,14745,14753
14724,14726,14751
14726,14753,14751
14724,14751,14757
14725,14756,14750
14744,14750,14752
14745,14752,14753
14736,14762,14756
14737,14757,14765
14751,14771,14757
14750,14770,14752
14752,14772,14753
14753,14773,14751
14750,14756,14764
14750,14764,14770
14757,14771,14765
14736,14740,14762
14737,14765,14763
14756,14762,14764
14752,14770,14772
14751,14773,14771
14753,14772,14773
14764,14828,14770
14765,14771,14831
14770,14830,14772
14772,14832,14773
14773,14833,14771
14797,14800,14803
14800,14806,14803
14798,14804,14807
14798,14807,14801
14800,14809,14806
14740,14803,14806
14804,14819,14807
14741,14819,14804
14740,14806,14818
14801,14807,14813
14806,14812,14818
14807,14819,14839
14692,14809,14800
14687,14801,14810
14801,14813,14810
14809,19586,19702
14693,14810,19703
14809,19702,14812
14810,19709,19703
14806,14809,14812
14812,14838,14818
14807,14839,14813
14810,14813,19709
14812,19702,19708
14812,19708,14838
14813,19728,19709
14740,14818,14762
14741,14763,14821
14762,14818,14820
14741,14821,14819
14762,14820,14764
14763,14765,14829
14764,14820,14828
14763,14829,14821
14818,14838,14820
14820,14840,14828
14819,14821,14841
14765,14831,14829
14770,14828,14830
14771,14833,14831
14773,14832,14833
14772,14830,14832
14828,14848,14830
14821,14829,14849
14828,14840,14848
14829,14851,14849
14829,14831,14851
14830,14850,14832
14833,14853,14831
14832,14852,14833
14830,14848,14850
14831,14853,14851
14832,14850,14852
14833,14852,14853
14819,14841,14839
14820,14838,14840
14813,14839,19728
14838,19708,19727
14838,19727,14840
14839,14841,19746
14840,19727,19745
14839,19746,19728
14821,14849,14841
14848,19747,14850
14849,14851,19750
14850,19749,14852
14852,19751,14853
14853,19752,14851
14840,19745,14848
14841,14849,19748
14848,19745,19747
14841,19748,19746
14850,19747,19749
14849,19750,19748
14851,19752,19750
14852,19749,19751
14853,19751,19752
18020,18006,18004
18030,18010,18006
18020,18030,18006
18021,18007,18008
18021,18008,18022
18022,18008,18013
18022,18013,18033
18032,18012,18010
18030,18010,18010
18030,18032,18010
18032,18051,18012
18033,18013,18013
18033,18013,18014
18034,18014,18046
18033,18014,18034
18018,18020,18004
18018,18026,18020
18021,18022,18027
18022,18033,18028
18018,18024,18026
18020,18026,18036
18022,18028,18027
18020,18036,18030
18030,18065,18032
18033,18034,18037
18030,18036,18065
18028,18033,18037
18034,18068,18037
18055,18049,18048
18051,18040,18012
18051,18041,18040
18051,18053,18041
18053,18045,18041
18054,18046,18047
18054,18047,18049
18034,18046,18054
18054,18049,18055
18060,18043,18043
18060,18043,18045
18218,18057,18043
18216,17956,18057
18060,18218,18043
18216,18057,18218
18061,18048,18048
18061,18048,18058
18222,18058,17957
18061,18058,18222
18053,18060,18045
18053,18228,18060
18055,18048,18061
18055,18061,18072
18061,18222,18231
18032,18067,18051
18032,18065,18067
18034,18054,18068
18054,18055,18069
18054,18069,18068
18036,18776,18065
18065,18779,18067
18068,18069,18777
18051,18071,18053
18051,18067,18071
18053,18071,18228
18055,18072,18069
18061,18231,18072
18067,18939,18071
18067,18779,18939
18069,18072,18780
18072,18940,18780
18158,18118,18120
18158,18120,18160
18160,18120,18124
18160,18124,18164
18162,18122,18121
18167,18127,18122
18162,18167,18122
18166,18126,18135
18164,18124,18124
18164,18124,18126
18164,18126,18166
18168,18128,18127
18167,18127,18127
18167,18168,18127
18150,18128,18168
18149,18138,18132
18220,18144,17956
18153,18132,18132
18153,18132,18144
18153,18144,18220
18221,17957,18145
18154,18139,18139
18223,18145,18139
18154,18139,18142
18221,18145,18223
18154,18223,18139
18147,18136,18138
18147,18135,18136
18147,18138,18149
18147,18166,18135
18150,18140,18128
18150,18141,18140
18150,18151,18141
18151,18142,18141
18149,18132,18153
18149,18153,18179
18153,18220,18240
18151,18154,18142
18151,18243,18154
18158,18160,18170
18160,18164,18172
18161,18162,18121
18161,18174,18162
18164,18166,18176
18162,18177,18167
18167,18185,18168
18160,18172,18170
18161,18173,18174
18162,18174,18177
18164,18176,18172
18166,18182,18176
18167,18177,18185
18147,18182,18166
18147,18149,18184
18147,18184,18182
18150,18168,18186
18168,18185,18186
18153,18240,18179
18149,18179,18184
18150,18180,18151
18151,18180,18243
18150,18186,18180
18182,18184,19568
18177,19569,18185
18185,19572,18186
18179,19571,18184
18179,19628,19571
18180,18186,19629
18186,19572,19629
18216,18220,17956
18216,18218,18225
18221,18222,17957
18221,18223,18226
18060,18230,18218
18060,18228,18230
18218,18230,18225
18221,18232,18222
18222,18232,18231
18221,18226,18232
18216,18242,18220
18216,18225,18242
18220,18242,18240
18154,18244,18223
18223,18244,18226
18154,18243,18244
18225,18230,18252
18226,18244,18253
18071,18234,18228
18231,18232,18237
18071,18939,18234
18072,18231,18940
18231,18237,18940
18228,18236,18230
18230,18236,18252
18226,18238,18232
18232,18238,18237
18226,18253,18238
18228,18234,18236
18234,18960,18236
18237,18238,18946
18240,18242,18248
18180,18250,18243
18225,18246,18242
18225,18252,18246
18242,18246,18248
18243,18249,18244
18244,18249,18253
18179,18240,19628
18240,18248,19628
18180,19629,18250
18246,19631,18248
18243,18250,18249
18249,18250,19638
18236,18255,18252
18249,18256,18253
18236,18960,18255
18238,18253,18961
18238,18961,18946
18253,18256,18961
18246,18252,19637
18252,18255,19637
18246,19637,19631
18249,19638,18256
18255,18960,20101
18256,19638,20103
18024,18755,18757
18024,18757,18026
18027,18028,18758
18028,18759,18758
18755,18764,18770
18755,18770,18757
18758,18759,18765
18759,18771,18765
18026,18761,18036
18026,18757,18761
18036,18761,18776
18028,18037,18759
18037,18762,18759
18037,18068,18762
18757,18770,18788
18757,18788,18761
18759,18762,18771
18762,18789,18771
18764,18773,18770
18765,18771,18768
18764,18767,18773
18767,18834,18773
18768,18774,18829
18768,18771,18774
18770,18791,18788
18771,18789,18774
18770,18773,18791
18773,18880,18791
18774,18789,18792
18774,18792,18835
18065,18776,18779
18068,18777,18762
18761,18782,18776
18761,18788,18782
18762,18777,18789
18777,18785,18789
18776,18784,18779
18069,18780,18777
18780,18940,18786
18776,18782,18784
18777,18780,18785
18780,18786,18785
18782,18788,18794
18788,18791,18794
18785,18792,18789
18785,18795,18792
18791,18880,18886
18792,18795,18881
18782,18948,18784
18782,18794,18948
18785,18786,18795
18786,18949,18795
18791,18886,18794
18794,18886,18951
18795,18887,18881
18795,18949,18887
18767,18828,18834
18829,18835,18832
18774,18835,18829
18828,18837,18834
18828,18831,18837
18832,18838,18842
18832,18835,18838
18831,18863,18837
18773,18834,18880
18792,18881,18835
18835,18881,18838
18834,18837,18883
18837,18863,18895
18838,18884,18864
18831,18841,18863
18841,18851,18865
18842,18864,18852
18838,18864,18842
18841,18865,18863
18852,18864,18866
18852,18866,18854
18851,18853,18873
18851,18873,18865
18854,18866,18874
18853,18855,18875
18854,18874,18856
18858,18856,18876
18855,18857,18877
18857,18858,18878
18864,18896,18866
18863,18865,18897
18853,18875,18873
18856,18874,18876
18855,18877,18875
18857,18878,18877
18858,18876,18878
18866,18898,18874
18834,18883,18880
18881,18887,18884
18838,18881,18884
18837,18895,18883
18864,18884,18896
18880,18883,18889
18880,18889,18886
18884,18887,18890
18884,18890,18896
18883,18895,19000
18883,19000,18889
18890,19001,18896
18863,18897,18895
18865,18905,18897
18866,18896,18898
18865,18873,18905
18874,18906,18876
18874,18898,18906
18873,18875,18907
18878,18876,18908
18875,18877,18909
18877,18878,18910
18873,18907,18905
18876,18906,18908
18875,18909,18907
18878,18908,18910
18877,18910,18909
18895,18897,19017
18896,19001,18898
18897,18905,19019
18898,19018,18906
18895,19017,19000
18898,19001,19018
18897,19019,19017
18906,19018,19020
18906,19020,18908
18905,18907,19025
18910,18908,19026
18907,18909,19027
18909,18910,19028
18779,18942,18939
18786,18940,18943
18237,18943,18940
18779,18784,18942
18784,18954,18942
18786,18943,18949
18234,18939,18945
18939,18942,18945
18234,18945,18960
18237,18946,18943
18942,18963,18945
18942,18954,18963
18943,18946,18955
18946,18964,18955
18784,18948,18954
18943,18955,18949
18949,18955,18952
18794,18951,18948
18887,18949,18952
18948,18957,18954
18955,18964,18958
18948,18951,18957
18952,18955,18958
18952,18958,19004
18951,18969,18957
18958,18970,19004
18945,18966,18960
18946,18961,18964
18961,18967,18964
18945,18963,18966
18964,18967,18973
18960,18966,20101
18256,18967,18961
18256,20103,18967
18967,20103,20108
18963,20107,18966
18963,18972,20107
18967,20108,18973
18954,18972,18963
18954,18957,18972
18958,18964,18973
18958,18973,18970
18957,18969,18977
18957,18977,18972
18970,18978,19036
18972,20116,20107
18972,18977,20116
18973,20108,18978
18970,18973,18978
18969,18979,18977
18978,18980,19036
18887,18952,18890
18886,18889,19003
18886,19003,18951
18890,18952,19004
18889,19009,19003
18890,19004,19001
18889,19000,19009
19001,19004,19010
19001,19010,19018
18951,19003,18969
19003,19009,19035
18970,19010,19004
19000,19011,19009
19010,19012,19018
19000,19017,19011
19012,19020,19018
19017,19019,19031
18905,19025,19019
18908,19020,19026
18907,19027,19025
18910,19026,19028
18909,19028,19027
19011,19017,19031
19012,19032,19020
19019,19025,19053
19020,19032,19026
19019,19053,19031
19026,19032,19054
19025,19055,19053
19028,19054,19056
19027,19056,19055
19025,19027,19055
19028,19026,19054
19027,19028,19056
18969,19003,19035
18970,19036,19010
19009,19011,19043
19009,19043,19035
19010,19036,19012
19011,19031,19045
19012,19044,19032
19012,19036,19044
19011,19045,19043
19031,19047,19045
19032,19044,19046
18969,19035,18979
19035,19043,20175
18980,19044,19036
18979,19035,20175
18980,20176,19044
19043,19045,20177
19044,20176,19046
19045,19047,20183
19046,20178,19048
19048,20184,19060
19047,19059,20185
19059,19060,20186
19032,19046,19054
19031,19053,19047
19048,19056,19054
19046,19048,19054
19053,19055,19059
19055,19056,19060
19047,19053,19059
19055,19060,19059
19048,19060,19056
18170,18172,19562
18172,19564,19562
18173,19566,18174
18173,19565,19566
18172,18176,19564
18176,18182,19559
18176,19559,19564
18174,19560,18177
18177,19560,19569
18174,19566,19560
19562,19564,19580
19564,19583,19580
19565,19581,19584
19565,19584,19566
19559,19583,19564
19559,19592,19583
19560,19566,19593
19566,19584,19593
18182,19568,19559
18185,19569,19572
18184,19571,19568
19571,19628,19576
19569,19578,19572
19559,19568,19592
19568,19574,19592
19560,19577,19569
19560,19593,19577
19568,19571,19574
19571,19576,19574
19569,19577,19578
19580,19583,19586
19581,19590,19584
19583,19592,19589
19584,19596,19593
19583,19589,19586
19586,19589,19702
19581,19587,19590
19587,19706,19590
19589,19592,19595
19589,19595,19705
19584,19590,19596
19590,19715,19596
19574,19595,19592
19574,19598,19595
19577,19593,19599
19593,19596,19599
19574,19576,19598
19576,19646,19598
19577,19647,19578
19577,19599,19647
19595,19598,19714
19596,19715,19718
19598,19646,19717
19598,19717,19714
19596,19718,19599
19599,19718,19653
18248,19634,19628
19576,19628,19634
19572,19635,19629
18248,19631,19634
18250,19629,19632
18250,19632,19638
19629,19635,19632
19576,19634,19646
19572,19578,19635
19578,19650,19635
19631,19649,19634
19631,19643,19649
19632,19635,19644
19635,19650,19644
19631,19637,19643
19637,19640,19643
19632,19641,19638
18255,19640,19637
18255,20101,19640
19640,20101,20110
19638,19641,20103
19640,19658,19643
19632,19644,19641
19640,20110,19658
19641,19644,20111
19644,19659,20111
19634,19649,19646
19646,19649,19652
19578,19647,19650
19643,19655,19649
19647,19656,19650
19646,19652,19717
19599,19653,19647
19649,19655,19652
19647,19653,19656
19652,19655,19803
19655,19661,19803
19653,19662,19656
19643,19658,19655
19644,19650,19659
19650,19656,19659
19659,20132,20111
19658,20110,19666
19659,19667,20132
19655,19658,19661
19656,19667,19659
19656,19662,19667
19661,19666,19819
19658,19666,19661
19666,19668,19819
19662,19669,19667
19589,19705,19702
19587,19703,19706
19702,19705,19708
19703,19712,19706
19595,19714,19705
19590,19706,19715
19705,19714,19711
19703,19709,19712
19705,19711,19708
19708,19711,19727
19709,19734,19712
19706,19712,19721
19711,19720,19733
19712,19734,19770
19706,19721,19715
19714,19717,19720
19717,19723,19720
19715,19724,19718
19715,19721,19724
19711,19714,19720
19720,19769,19733
19712,19770,19721
19720,19723,19769
19721,19808,19724
19721,19770,19808
19723,19807,19769
19709,19728,19734
19711,19733,19727
19727,19733,19745
19728,19746,19736
19733,19735,19745
19728,19736,19734
19733,19769,19735
19734,19736,19772
19735,19747,19745
19746,19748,19760
19735,19759,19747
19736,19746,19760
19747,19759,19749
19748,19750,19762
19749,19761,19751
19751,19763,19752
19752,19764,19750
19735,19771,19759
19749,19759,19761
19748,19762,19760
19750,19764,19762
19751,19761,19763
19752,19763,19764
19734,19772,19770
19735,19769,19771
19736,19780,19772
19769,19807,19771
19770,19772,19838
19771,19807,19837
19770,19838,19808
19771,19837,19779
19772,19780,19840
19779,19837,19839
19772,19840,19838
19736,19760,19780
19759,19771,19779
19759,19779,19761
19760,19782,19780
19760,19762,19782
19761,19781,19763
19763,19783,19764
19764,19784,19762
19761,19779,19781
19763,19781,19783
19762,19784,19782
19764,19783,19784
19779,19839,19781
19780,19782,19850
19781,19849,19783
19784,19852,19782
19783,19851,19784
19652,19723,19717
19652,19803,19723
19653,19718,19804
19718,19724,19804
19724,19814,19804
19653,19804,19662
19661,19813,19803
19804,19814,19820
19723,19803,19807
19803,19813,19807
19724,19808,19814
19807,19813,19837
19813,19815,19837
19808,19816,19814
19662,19804,19820
19661,19819,19813
19662,19820,19669
19669,19820,20206
19668,19827,19819
19820,19828,20206
19668,20205,19827
19813,19819,19815
19814,19828,19820
19814,19816,19828
19815,19819,19827
19815,19827,19843
19816,19844,19830
19827,19829,19843
19830,19844,19832
19816,19830,19828
19827,20205,19829
19828,19830,20208
19829,20207,19831
19830,19832,20214
19831,20213,19863
19863,20215,19864
19832,19864,20216
19815,19839,19837
19808,19838,19816
19838,19840,19844
19815,19843,19839
19816,19838,19844
19840,19858,19844
19839,19843,19849
19840,19850,19858
19843,19857,19849
19850,19860,19858
19851,19857,19859
19852,19859,19860
19781,19839,19849
19780,19850,19840
19782,19852,19850
19783,19849,19851
19784,19851,19852
19849,19857,19851
19852,19860,19850
19851,19859,19852
19829,19857,19843
19832,19844,19858
19829,19831,19857
19831,19859,19857
19859,19863,19860
19860,19864,19858
19832,19858,19864
19831,19863,19859
19860,19863,19864
18966,20104,20101
20101,20104,20110
20103,20105,20108
19641,20105,20103
18966,20107,20104
20104,20107,20113
20107,20116,20113
20105,20117,20108
19641,20111,20105
20105,20111,20114
20104,20131,20110
20111,20132,20114
20105,20114,20117
20104,20113,20131
18977,20124,20116
18978,20108,20117
18977,18979,20124
18978,20117,18980
18980,20125,20176
18980,20117,20125
18979,20126,20124
20113,20116,20151
20114,20125,20117
20116,20124,20151
20114,20152,20125
20124,20153,20151
20125,20152,20129
20125,20129,20176
20124,20126,20153
20129,20156,20128
19666,20110,20131
19667,20140,20132
20113,20139,20131
20114,20132,20152
20113,20151,20139
20132,20140,20152
20139,20151,20141
20140,20156,20152
19666,20131,19668
19667,19669,20140
19668,20131,20139
19668,20139,20205
19669,20144,20140
20141,20153,20142
20140,20144,20156
20139,20141,20205
20129,20152,20156
20141,20151,20153
20126,20154,20153
20128,20156,20155
20126,20127,20154
20128,20155,20192
20127,20191,20161
20162,20194,20192
20127,20161,20154
20155,20162,20192
20163,20191,20193
20161,20191,20163
20163,20193,20164
20164,20194,20162
20142,20153,20154
20144,20155,20156
20154,20161,20221
20143,20162,20155
20144,20143,20155
20142,20154,20221
20143,20222,20162
20161,20223,20221
20164,20162,20222
20161,20163,20223
20163,20164,20224
20164,20222,20224
19043,20177,20175
18979,20175,20126
20127,20175,20177
20129,20178,20176
19045,20183,20177
19046,20176,20178
19048,20178,20184
19047,20185,20183
19059,20186,20185
19060,20184,20186
20126,20175,20127
20129,20128,20178
20128,20184,20178
20177,20183,20191
20186,20184,20192
20183,20185,20193
20185,20186,20194
20127,20177,20191
20128,20192,20184
20183,20193,20191
20185,20194,20193
20186,20192,20194
20164,20193,20194
20141,20207,20205
20143,20206,20208
19669,20206,20144
19828,20208,20206
20141,20142,20207
20144,20206,20143
20142,20221,20213
20143,20208,20222
20142,20213,20207
20208,20214,20222
20213,20221,20215
20215,20223,20216
20216,20224,20214
20214,20224,20222
20215,20221,20223
20216,20223,20224
19829,20205,20207
19830,20214,20208
19831,20207,20213
19832,20216,20214
19863,20213,20215
19864,20215,20216
20163,20224,20223
